image_id,file_name,relative_path,classification_status,evaluation_state,hazard_density,latency,register_40001_coil,actuation_status
IMG-0001,spark_test.jpeg,photos/spark_test.jpeg,HAZARD DETECTED,HAZARD DETECTED (E-STOP ACTIVATED),0.1716,0.90 ms,1,E-STOP TRIGGERED (COIL 40001 = 1)
IMG-0002,1.jpg,photos/test/safe/1.jpg,HAZARD DETECTED,HAZARD DETECTED (E-STOP ACTIVATED),0.6106,0.58 ms,1,E-STOP TRIGGERED (COIL 40001 = 1)
IMG-0003,10.jpg,photos/test/safe/10.jpg,HAZARD DETECTED,HAZARD DETECTED (E-STOP ACTIVATED),0.4170,0.52 ms,1,E-STOP TRIGGERED (COIL 40001 = 1)
IMG-0004,100.jpg,photos/test/safe/100.jpg,HAZARD DETECTED,HAZARD DETECTED (E-STOP ACTIVATED),0.5779,1.05 ms,1,E-STOP TRIGGERED (COIL 40001 = 1)
IMG-0005,11.jpg,photos/test/safe/11.jpg,HAZARD DETECTED,HAZARD DETECTED (E-STOP ACTIVATED),0.5442,0.48 ms,1,E-STOP TRIGGERED (COIL 40001 = 1)
IMG-0006,12.jpg,photos/test/safe/12.jpg,HAZARD DETECTED,HAZARD DETECTED (E-STOP ACTIVATED),0.3586,0.80 ms,1,E-STOP TRIGGERED (COIL 40001 = 1)
IMG-0007,13.jpg,photos/test/safe/13.jpg,HAZARD DETECTED,HAZARD DETECTED (E-STOP ACTIVATED),0.3838,1.41 ms,1,E-STOP TRIGGERED (COIL 40001 = 1)
IMG-0008,14.jpg,photos/test/safe/14.jpg,HAZARD DETECTED,HAZARD DETECTED (E-STOP ACTIVATED),0.6313,0.94 ms,1,E-STOP TRIGGERED (COIL 40001 = 1)
IMG-0009,15.jpg,photos/test/safe/15.jpg,HAZARD DETECTED,HAZARD DETECTED (E-STOP ACTIVATED),0.8821,0.52 ms,1,E-STOP TRIGGERED (COIL 40001 = 1)
IMG-0010,16.jpg,photos/test/safe/16.jpg,HAZARD DETECTED,HAZARD DETECTED (E-STOP ACTIVATED),0.2258,0.50 ms,1,E-STOP TRIGGERED (COIL 40001 = 1)
IMG-0011,17.jpg,photos/test/safe/17.jpg,HAZARD DETECTED,HAZARD DETECTED (E-STOP ACTIVATED),0.6887,0.51 ms,1,E-STOP TRIGGERED (COIL 40001 = 1)
IMG-0012,18.jpg,photos/test/safe/18.jpg,HAZARD DETECTED,HAZARD DETECTED (E-STOP ACTIVATED),0.2688,0.54 ms,1,E-STOP TRIGGERED (COIL 40001 = 1)
IMG-0013,19.jpg,photos/test/safe/19.jpg,HAZARD DETECTED,HAZARD DETECTED (E-STOP ACTIVATED),0.5901,0.56 ms,1,E-STOP TRIGGERED (COIL 40001 = 1)
IMG-0014,2.jpg,photos/test/safe/2.jpg,HAZARD DETECTED,HAZARD DETECTED (E-STOP ACTIVATED),0.0042,0.53 ms,1,E-STOP TRIGGERED (COIL 40001 = 1)
IMG-0015,20.jpg,photos/test/safe/20.jpg,HAZARD DETECTED,HAZARD DETECTED (E-STOP ACTIVATED),0.0247,0.53 ms,1,E-STOP TRIGGERED (COIL 40001 = 1)
IMG-0016,21.jpg,photos/test/safe/21.jpg,HAZARD DETECTED,HAZARD DETECTED (E-STOP ACTIVATED),0.4475,0.81 ms,1,E-STOP TRIGGERED (COIL 40001 = 1)
IMG-0017,22.jpg,photos/test/safe/22.jpg,HAZARD DETECTED,HAZARD DETECTED (E-STOP ACTIVATED),1.0000,0.57 ms,1,E-STOP TRIGGERED (COIL 40001 = 1)
IMG-0018,23.jpg,photos/test/safe/23.jpg,HAZARD DETECTED,HAZARD DETECTED (E-STOP ACTIVATED),0.6467,0.55 ms,1,E-STOP TRIGGERED (COIL 40001 = 1)
IMG-0019,24.jpg,photos/test/safe/24.jpg,HAZARD DETECTED,HAZARD DETECTED (E-STOP ACTIVATED),0.3477,0.54 ms,1,E-STOP TRIGGERED (COIL 40001 = 1)
IMG-0020,25.jpg,photos/test/safe/25.jpg,HAZARD DETECTED,HAZARD DETECTED (E-STOP ACTIVATED),0.5151,0.86 ms,1,E-STOP TRIGGERED (COIL 40001 = 1)
IMG-0021,26.jpg,photos/test/safe/26.jpg,HAZARD DETECTED,HAZARD DETECTED (E-STOP ACTIVATED),0.7576,0.57 ms,1,E-STOP TRIGGERED (COIL 40001 = 1)
IMG-0022,27.jpg,photos/test/safe/27.jpg,HAZARD DETECTED,HAZARD DETECTED (E-STOP ACTIVATED),0.2217,0.55 ms,1,E-STOP TRIGGERED (COIL 40001 = 1)
IMG-0023,28.jpg,photos/test/safe/28.jpg,HAZARD DETECTED,HAZARD DETECTED (E-STOP ACTIVATED),0.7222,1.02 ms,1,E-STOP TRIGGERED (COIL 40001 = 1)
IMG-0024,29.jpg,photos/test/safe/29.jpg,HAZARD DETECTED,HAZARD DETECTED (E-STOP ACTIVATED),0.2222,0.57 ms,1,E-STOP TRIGGERED (COIL 40001 = 1)
IMG-0025,3.jpg,photos/test/safe/3.jpg,HAZARD DETECTED,HAZARD DETECTED (E-STOP ACTIVATED),0.4570,0.69 ms,1,E-STOP TRIGGERED (COIL 40001 = 1)
IMG-0026,30.jpg,photos/test/safe/30.jpg,HAZARD DETECTED,HAZARD DETECTED (E-STOP ACTIVATED),0.1050,0.49 ms,1,E-STOP TRIGGERED (COIL 40001 = 1)
IMG-0027,31.jpg,photos/test/safe/31.jpg,HAZARD DETECTED,HAZARD DETECTED (E-STOP ACTIVATED),0.0718,0.56 ms,1,E-STOP TRIGGERED (COIL 40001 = 1)
IMG-0028,32.jpg,photos/test/safe/32.jpg,HAZARD DETECTED,HAZARD DETECTED (E-STOP ACTIVATED),0.7053,0.52 ms,1,E-STOP TRIGGERED (COIL 40001 = 1)
IMG-0029,33.jpg,photos/test/safe/33.jpg,HAZARD DETECTED,HAZARD DETECTED (E-STOP ACTIVATED),0.2776,1.14 ms,1,E-STOP TRIGGERED (COIL 40001 = 1)
IMG-0030,34.jpg,photos/test/safe/34.jpg,HAZARD DETECTED,HAZARD DETECTED (E-STOP ACTIVATED),0.4517,0.74 ms,1,E-STOP TRIGGERED (COIL 40001 = 1)
IMG-0031,35.jpg,photos/test/safe/35.jpg,HAZARD DETECTED,HAZARD DETECTED (E-STOP ACTIVATED),0.6748,0.81 ms,1,E-STOP TRIGGERED (COIL 40001 = 1)
IMG-0032,36.jpg,photos/test/safe/36.jpg,HAZARD DETECTED,HAZARD DETECTED (E-STOP ACTIVATED),0.6101,1.09 ms,1,E-STOP TRIGGERED (COIL 40001 = 1)
IMG-0033,37.jpg,photos/test/safe/37.jpg,HAZARD DETECTED,HAZARD DETECTED (E-STOP ACTIVATED),0.3994,0.48 ms,1,E-STOP TRIGGERED (COIL 40001 = 1)
IMG-0034,38.jpg,photos/test/safe/38.jpg,HAZARD DETECTED,HAZARD DETECTED (E-STOP ACTIVATED),0.1641,0.48 ms,1,E-STOP TRIGGERED (COIL 40001 = 1)
IMG-0035,39.jpg,photos/test/safe/39.jpg,HAZARD DETECTED,HAZARD DETECTED (E-STOP ACTIVATED),0.9243,0.59 ms,1,E-STOP TRIGGERED (COIL 40001 = 1)
IMG-0036,4.jpg,photos/test/safe/4.jpg,HAZARD DETECTED,HAZARD DETECTED (E-STOP ACTIVATED),0.3877,0.57 ms,1,E-STOP TRIGGERED (COIL 40001 = 1)
IMG-0037,40.jpg,photos/test/safe/40.jpg,HAZARD DETECTED,HAZARD DETECTED (E-STOP ACTIVATED),0.1929,0.85 ms,1,E-STOP TRIGGERED (COIL 40001 = 1)
IMG-0038,41.jpg,photos/test/safe/41.jpg,HAZARD DETECTED,HAZARD DETECTED (E-STOP ACTIVATED),0.5559,1.07 ms,1,E-STOP TRIGGERED (COIL 40001 = 1)
IMG-0039,42.jpg,photos/test/safe/42.jpg,HAZARD DETECTED,HAZARD DETECTED (E-STOP ACTIVATED),0.1455,0.61 ms,1,E-STOP TRIGGERED (COIL 40001 = 1)
IMG-0040,43.jpg,photos/test/safe/43.jpg,HAZARD DETECTED,HAZARD DETECTED (E-STOP ACTIVATED),0.7695,0.59 ms,1,E-STOP TRIGGERED (COIL 40001 = 1)
IMG-0041,44.jpg,photos/test/safe/44.jpg,HAZARD DETECTED,HAZARD DETECTED (E-STOP ACTIVATED),0.6580,0.70 ms,1,E-STOP TRIGGERED (COIL 40001 = 1)
IMG-0042,45.jpg,photos/test/safe/45.jpg,HAZARD DETECTED,HAZARD DETECTED (E-STOP ACTIVATED),0.6665,0.73 ms,1,E-STOP TRIGGERED (COIL 40001 = 1)
IMG-0043,46.jpg,photos/test/safe/46.jpg,HAZARD DETECTED,HAZARD DETECTED (E-STOP ACTIVATED),0.2568,1.22 ms,1,E-STOP TRIGGERED (COIL 40001 = 1)
IMG-0044,47.jpg,photos/test/safe/47.jpg,HAZARD DETECTED,HAZARD DETECTED (E-STOP ACTIVATED),0.8245,0.83 ms,1,E-STOP TRIGGERED (COIL 40001 = 1)
IMG-0045,48.jpg,photos/test/safe/48.jpg,HAZARD DETECTED,HAZARD DETECTED (E-STOP ACTIVATED),0.4504,0.89 ms,1,E-STOP TRIGGERED (COIL 40001 = 1)
IMG-0046,49.jpg,photos/test/safe/49.jpg,HAZARD DETECTED,HAZARD DETECTED (E-STOP ACTIVATED),0.6721,0.60 ms,1,E-STOP TRIGGERED (COIL 40001 = 1)
IMG-0047,5.jpg,photos/test/safe/5.jpg,HAZARD DETECTED,HAZARD DETECTED (E-STOP ACTIVATED),0.0508,0.55 ms,1,E-STOP TRIGGERED (COIL 40001 = 1)
IMG-0048,50.jpg,photos/test/safe/50.jpg,HAZARD DETECTED,HAZARD DETECTED (E-STOP ACTIVATED),0.2727,0.56 ms,1,E-STOP TRIGGERED (COIL 40001 = 1)
IMG-0049,51.jpg,photos/test/safe/51.jpg,HAZARD DETECTED,HAZARD DETECTED (E-STOP ACTIVATED),0.1399,0.69 ms,1,E-STOP TRIGGERED (COIL 40001 = 1)
IMG-0050,52.jpg,photos/test/safe/52.jpg,HAZARD DETECTED,HAZARD DETECTED (E-STOP ACTIVATED),0.0200,0.85 ms,1,E-STOP TRIGGERED (COIL 40001 = 1)
IMG-0051,53.jpg,photos/test/safe/53.jpg,HAZARD DETECTED,HAZARD DETECTED (E-STOP ACTIVATED),0.5896,0.58 ms,1,E-STOP TRIGGERED (COIL 40001 = 1)
IMG-0052,54.jpg,photos/test/safe/54.jpg,HAZARD DETECTED,HAZARD DETECTED (E-STOP ACTIVATED),0.1643,0.58 ms,1,E-STOP TRIGGERED (COIL 40001 = 1)
IMG-0053,55.jpg,photos/test/safe/55.jpg,HAZARD DETECTED,HAZARD DETECTED (E-STOP ACTIVATED),0.1030,0.60 ms,1,E-STOP TRIGGERED (COIL 40001 = 1)
IMG-0054,56.jpg,photos/test/safe/56.jpg,HAZARD DETECTED,HAZARD DETECTED (E-STOP ACTIVATED),0.3770,0.62 ms,1,E-STOP TRIGGERED (COIL 40001 = 1)
IMG-0055,57.jpg,photos/test/safe/57.jpg,HAZARD DETECTED,HAZARD DETECTED (E-STOP ACTIVATED),0.2437,0.57 ms,1,E-STOP TRIGGERED (COIL 40001 = 1)
IMG-0056,58.jpg,photos/test/safe/58.jpg,HAZARD DETECTED,HAZARD DETECTED (E-STOP ACTIVATED),0.9263,0.58 ms,1,E-STOP TRIGGERED (COIL 40001 = 1)
IMG-0057,59.jpg,photos/test/safe/59.jpg,HAZARD DETECTED,HAZARD DETECTED (E-STOP ACTIVATED),0.7375,0.50 ms,1,E-STOP TRIGGERED (COIL 40001 = 1)
IMG-0058,6.jpg,photos/test/safe/6.jpg,HAZARD DETECTED,HAZARD DETECTED (E-STOP ACTIVATED),0.5818,0.72 ms,1,E-STOP TRIGGERED (COIL 40001 = 1)
IMG-0059,60.jpg,photos/test/safe/60.jpg,HAZARD DETECTED,HAZARD DETECTED (E-STOP ACTIVATED),0.2473,0.48 ms,1,E-STOP TRIGGERED (COIL 40001 = 1)
IMG-0060,61.jpg,photos/test/safe/61.jpg,HAZARD DETECTED,HAZARD DETECTED (E-STOP ACTIVATED),0.3391,0.74 ms,1,E-STOP TRIGGERED (COIL 40001 = 1)
IMG-0061,62.jpg,photos/test/safe/62.jpg,HAZARD DETECTED,HAZARD DETECTED (E-STOP ACTIVATED),0.2520,0.56 ms,1,E-STOP TRIGGERED (COIL 40001 = 1)
IMG-0062,63.jpg,photos/test/safe/63.jpg,HAZARD DETECTED,HAZARD DETECTED (E-STOP ACTIVATED),0.1750,0.52 ms,1,E-STOP TRIGGERED (COIL 40001 = 1)
IMG-0063,64.jpg,photos/test/safe/64.jpg,HAZARD DETECTED,HAZARD DETECTED (E-STOP ACTIVATED),0.9978,1.03 ms,1,E-STOP TRIGGERED (COIL 40001 = 1)
IMG-0064,65.jpg,photos/test/safe/65.jpg,HAZARD DETECTED,HAZARD DETECTED (E-STOP ACTIVATED),0.1384,0.87 ms,1,E-STOP TRIGGERED (COIL 40001 = 1)
IMG-0065,66.jpg,photos/test/safe/66.jpg,HAZARD DETECTED,HAZARD DETECTED (E-STOP ACTIVATED),0.5530,0.58 ms,1,E-STOP TRIGGERED (COIL 40001 = 1)
IMG-0066,67.jpg,photos/test/safe/67.jpg,HAZARD DETECTED,HAZARD DETECTED (E-STOP ACTIVATED),0.0564,0.94 ms,1,E-STOP TRIGGERED (COIL 40001 = 1)
IMG-0067,68.jpg,photos/test/safe/68.jpg,HAZARD DETECTED,HAZARD DETECTED (E-STOP ACTIVATED),0.2336,1.06 ms,1,E-STOP TRIGGERED (COIL 40001 = 1)
IMG-0068,69.jpg,photos/test/safe/69.jpg,HAZARD DETECTED,HAZARD DETECTED (E-STOP ACTIVATED),0.5642,0.73 ms,1,E-STOP TRIGGERED (COIL 40001 = 1)
IMG-0069,7.jpg,photos/test/safe/7.jpg,HAZARD DETECTED,HAZARD DETECTED (E-STOP ACTIVATED),0.4814,0.81 ms,1,E-STOP TRIGGERED (COIL 40001 = 1)
IMG-0070,70.jpg,photos/test/safe/70.jpg,HAZARD DETECTED,HAZARD DETECTED (E-STOP ACTIVATED),0.2034,0.47 ms,1,E-STOP TRIGGERED (COIL 40001 = 1)
IMG-0071,71.jpg,photos/test/safe/71.jpg,HAZARD DETECTED,HAZARD DETECTED (E-STOP ACTIVATED),0.7544,0.50 ms,1,E-STOP TRIGGERED (COIL 40001 = 1)
IMG-0072,72.jpg,photos/test/safe/72.jpg,HAZARD DETECTED,HAZARD DETECTED (E-STOP ACTIVATED),0.7556,0.74 ms,1,E-STOP TRIGGERED (COIL 40001 = 1)
IMG-0073,73.jpg,photos/test/safe/73.jpg,HAZARD DETECTED,HAZARD DETECTED (E-STOP ACTIVATED),0.5312,0.74 ms,1,E-STOP TRIGGERED (COIL 40001 = 1)
IMG-0074,74.jpg,photos/test/safe/74.jpg,HAZARD DETECTED,HAZARD DETECTED (E-STOP ACTIVATED),0.3354,0.90 ms,1,E-STOP TRIGGERED (COIL 40001 = 1)
IMG-0075,75.jpg,photos/test/safe/75.jpg,HAZARD DETECTED,HAZARD DETECTED (E-STOP ACTIVATED),0.8684,0.94 ms,1,E-STOP TRIGGERED (COIL 40001 = 1)
IMG-0076,76.jpg,photos/test/safe/76.jpg,HAZARD DETECTED,HAZARD DETECTED (E-STOP ACTIVATED),0.5344,1.01 ms,1,E-STOP TRIGGERED (COIL 40001 = 1)
IMG-0077,77.jpg,photos/test/safe/77.jpg,HAZARD DETECTED,HAZARD DETECTED (E-STOP ACTIVATED),0.3157,0.58 ms,1,E-STOP TRIGGERED (COIL 40001 = 1)
IMG-0078,78.jpg,photos/test/safe/78.jpg,HAZARD DETECTED,HAZARD DETECTED (E-STOP ACTIVATED),0.4282,0.93 ms,1,E-STOP TRIGGERED (COIL 40001 = 1)
IMG-0079,79.jpg,photos/test/safe/79.jpg,HAZARD DETECTED,HAZARD DETECTED (E-STOP ACTIVATED),0.6003,1.96 ms,1,E-STOP TRIGGERED (COIL 40001 = 1)
IMG-0080,8.jpg,photos/test/safe/8.jpg,HAZARD DETECTED,HAZARD DETECTED (E-STOP ACTIVATED),0.5884,1.02 ms,1,E-STOP TRIGGERED (COIL 40001 = 1)
IMG-0081,80.jpg,photos/test/safe/80.jpg,HAZARD DETECTED,HAZARD DETECTED (E-STOP ACTIVATED),0.6362,1.00 ms,1,E-STOP TRIGGERED (COIL 40001 = 1)
IMG-0082,81.jpg,photos/test/safe/81.jpg,HAZARD DETECTED,HAZARD DETECTED (E-STOP ACTIVATED),0.2649,0.58 ms,1,E-STOP TRIGGERED (COIL 40001 = 1)
IMG-0083,82.jpg,photos/test/safe/82.jpg,HAZARD DETECTED,HAZARD DETECTED (E-STOP ACTIVATED),0.1492,0.94 ms,1,E-STOP TRIGGERED (COIL 40001 = 1)
IMG-0084,83.jpg,photos/test/safe/83.jpg,HAZARD DETECTED,HAZARD DETECTED (E-STOP ACTIVATED),0.8489,0.83 ms,1,E-STOP TRIGGERED (COIL 40001 = 1)
IMG-0085,84.jpg,photos/test/safe/84.jpg,HAZARD DETECTED,HAZARD DETECTED (E-STOP ACTIVATED),0.4492,0.59 ms,1,E-STOP TRIGGERED (COIL 40001 = 1)
IMG-0086,85.jpg,photos/test/safe/85.jpg,HAZARD DETECTED,HAZARD DETECTED (E-STOP ACTIVATED),0.4133,0.72 ms,1,E-STOP TRIGGERED (COIL 40001 = 1)
IMG-0087,86.jpg,photos/test/safe/86.jpg,HAZARD DETECTED,HAZARD DETECTED (E-STOP ACTIVATED),0.5569,0.58 ms,1,E-STOP TRIGGERED (COIL 40001 = 1)
IMG-0088,87.jpg,photos/test/safe/87.jpg,HAZARD DETECTED,HAZARD DETECTED (E-STOP ACTIVATED),0.3691,1.42 ms,1,E-STOP TRIGGERED (COIL 40001 = 1)
IMG-0089,88.jpg,photos/test/safe/88.jpg,HAZARD DETECTED,HAZARD DETECTED (E-STOP ACTIVATED),0.0354,0.79 ms,1,E-STOP TRIGGERED (COIL 40001 = 1)
IMG-0090,89.jpg,photos/test/safe/89.jpg,HAZARD DETECTED,HAZARD DETECTED (E-STOP ACTIVATED),0.0994,0.74 ms,1,E-STOP TRIGGERED (COIL 40001 = 1)
IMG-0091,9.jpg,photos/test/safe/9.jpg,HAZARD DETECTED,HAZARD DETECTED (E-STOP ACTIVATED),0.5889,0.95 ms,1,E-STOP TRIGGERED (COIL 40001 = 1)
IMG-0092,90.jpg,photos/test/safe/90.jpg,HAZARD DETECTED,HAZARD DETECTED (E-STOP ACTIVATED),0.9932,0.98 ms,1,E-STOP TRIGGERED (COIL 40001 = 1)
IMG-0093,91.jpg,photos/test/safe/91.jpg,HAZARD DETECTED,HAZARD DETECTED (E-STOP ACTIVATED),0.8022,1.28 ms,1,E-STOP TRIGGERED (COIL 40001 = 1)
IMG-0094,92.jpg,photos/test/safe/92.jpg,HAZARD DETECTED,HAZARD DETECTED (E-STOP ACTIVATED),0.5259,0.57 ms,1,E-STOP TRIGGERED (COIL 40001 = 1)
IMG-0095,93.jpg,photos/test/safe/93.jpg,HAZARD DETECTED,HAZARD DETECTED (E-STOP ACTIVATED),0.1421,0.82 ms,1,E-STOP TRIGGERED (COIL 40001 = 1)
IMG-0096,94.jpg,photos/test/safe/94.jpg,HAZARD DETECTED,HAZARD DETECTED (E-STOP ACTIVATED),0.1523,0.81 ms,1,E-STOP TRIGGERED (COIL 40001 = 1)
IMG-0097,95.jpg,photos/test/safe/95.jpg,HAZARD DETECTED,HAZARD DETECTED (E-STOP ACTIVATED),0.3149,0.67 ms,1,E-STOP TRIGGERED (COIL 40001 = 1)
IMG-0098,96.jpg,photos/test/safe/96.jpg,HAZARD DETECTED,HAZARD DETECTED (E-STOP ACTIVATED),0.4492,0.65 ms,1,E-STOP TRIGGERED (COIL 40001 = 1)
IMG-0099,97.jpg,photos/test/safe/97.jpg,HAZARD DETECTED,HAZARD DETECTED (E-STOP ACTIVATED),0.6438,1.06 ms,1,E-STOP TRIGGERED (COIL 40001 = 1)
IMG-0100,98.jpg,photos/test/safe/98.jpg,HAZARD DETECTED,HAZARD DETECTED (E-STOP ACTIVATED),0.3296,0.85 ms,1,E-STOP TRIGGERED (COIL 40001 = 1)
IMG-0101,99.jpg,photos/test/safe/99.jpg,HAZARD DETECTED,HAZARD DETECTED (E-STOP ACTIVATED),0.0913,0.86 ms,1,E-STOP TRIGGERED (COIL 40001 = 1)
IMG-0102,1.jpg,photos/test/unsafe/1.jpg,HAZARD DETECTED,HAZARD DETECTED (E-STOP ACTIVATED),0.9158,0.87 ms,1,E-STOP TRIGGERED (COIL 40001 = 1)
IMG-0103,10.jpg,photos/test/unsafe/10.jpg,HAZARD DETECTED,HAZARD DETECTED (E-STOP ACTIVATED),0.0000,1.01 ms,1,E-STOP TRIGGERED (COIL 40001 = 1)
IMG-0104,100.jpg,photos/test/unsafe/100.jpg,HAZARD DETECTED,HAZARD DETECTED (E-STOP ACTIVATED),0.7471,0.77 ms,1,E-STOP TRIGGERED (COIL 40001 = 1)
IMG-0105,11.jpg,photos/test/unsafe/11.jpg,HAZARD DETECTED,HAZARD DETECTED (E-STOP ACTIVATED),0.0315,0.54 ms,1,E-STOP TRIGGERED (COIL 40001 = 1)
IMG-0106,12.jpg,photos/test/unsafe/12.jpg,HAZARD DETECTED,HAZARD DETECTED (E-STOP ACTIVATED),0.2373,1.19 ms,1,E-STOP TRIGGERED (COIL 40001 = 1)
IMG-0107,13.jpg,photos/test/unsafe/13.jpg,HAZARD DETECTED,HAZARD DETECTED (E-STOP ACTIVATED),0.4207,0.51 ms,1,E-STOP TRIGGERED (COIL 40001 = 1)
IMG-0108,14.jpg,photos/test/unsafe/14.jpg,HAZARD DETECTED,HAZARD DETECTED (E-STOP ACTIVATED),0.5835,0.82 ms,1,E-STOP TRIGGERED (COIL 40001 = 1)
IMG-0109,15.jpg,photos/test/unsafe/15.jpg,HAZARD DETECTED,HAZARD DETECTED (E-STOP ACTIVATED),0.3586,0.79 ms,1,E-STOP TRIGGERED (COIL 40001 = 1)
IMG-0110,16.jpg,photos/test/unsafe/16.jpg,HAZARD DETECTED,HAZARD DETECTED (E-STOP ACTIVATED),0.0022,0.53 ms,1,E-STOP TRIGGERED (COIL 40001 = 1)
IMG-0111,17.jpg,photos/test/unsafe/17.jpg,HAZARD DETECTED,HAZARD DETECTED (E-STOP ACTIVATED),0.2139,0.88 ms,1,E-STOP TRIGGERED (COIL 40001 = 1)
IMG-0112,18.jpg,photos/test/unsafe/18.jpg,HAZARD DETECTED,HAZARD DETECTED (E-STOP ACTIVATED),0.0254,0.92 ms,1,E-STOP TRIGGERED (COIL 40001 = 1)
IMG-0113,19.jpg,photos/test/unsafe/19.jpg,HAZARD DETECTED,HAZARD DETECTED (E-STOP ACTIVATED),0.1458,0.54 ms,1,E-STOP TRIGGERED (COIL 40001 = 1)
IMG-0114,2.jpg,photos/test/unsafe/2.jpg,HAZARD DETECTED,HAZARD DETECTED (E-STOP ACTIVATED),0.0000,0.52 ms,1,E-STOP TRIGGERED (COIL 40001 = 1)
IMG-0115,20.jpg,photos/test/unsafe/20.jpg,HAZARD DETECTED,HAZARD DETECTED (E-STOP ACTIVATED),0.2668,0.53 ms,1,E-STOP TRIGGERED (COIL 40001 = 1)
IMG-0116,21.jpg,photos/test/unsafe/21.jpg,HAZARD DETECTED,HAZARD DETECTED (E-STOP ACTIVATED),0.7341,0.55 ms,1,E-STOP TRIGGERED (COIL 40001 = 1)
IMG-0117,22.jpg,photos/test/unsafe/22.jpg,HAZARD DETECTED,HAZARD DETECTED (E-STOP ACTIVATED),0.1748,0.53 ms,1,E-STOP TRIGGERED (COIL 40001 = 1)
IMG-0118,23.jpg,photos/test/unsafe/23.jpg,HAZARD DETECTED,HAZARD DETECTED (E-STOP ACTIVATED),0.3479,0.82 ms,1,E-STOP TRIGGERED (COIL 40001 = 1)
IMG-0119,24.jpg,photos/test/unsafe/24.jpg,HAZARD DETECTED,HAZARD DETECTED (E-STOP ACTIVATED),0.2056,0.64 ms,1,E-STOP TRIGGERED (COIL 40001 = 1)
IMG-0120,25.jpg,photos/test/unsafe/25.jpg,HAZARD DETECTED,HAZARD DETECTED (E-STOP ACTIVATED),0.3064,0.54 ms,1,E-STOP TRIGGERED (COIL 40001 = 1)
IMG-0121,26.jpg,photos/test/unsafe/26.jpg,HAZARD DETECTED,HAZARD DETECTED (E-STOP ACTIVATED),0.5291,0.54 ms,1,E-STOP TRIGGERED (COIL 40001 = 1)
IMG-0122,27.jpg,photos/test/unsafe/27.jpg,HAZARD DETECTED,HAZARD DETECTED (E-STOP ACTIVATED),0.4922,0.65 ms,1,E-STOP TRIGGERED (COIL 40001 = 1)
IMG-0123,28.jpg,photos/test/unsafe/28.jpg,HAZARD DETECTED,HAZARD DETECTED (E-STOP ACTIVATED),0.4873,0.81 ms,1,E-STOP TRIGGERED (COIL 40001 = 1)
IMG-0124,29.jpg,photos/test/unsafe/29.jpg,HAZARD DETECTED,HAZARD DETECTED (E-STOP ACTIVATED),0.2656,0.56 ms,1,E-STOP TRIGGERED (COIL 40001 = 1)
IMG-0125,3.jpg,photos/test/unsafe/3.jpg,HAZARD DETECTED,HAZARD DETECTED (E-STOP ACTIVATED),0.1443,0.63 ms,1,E-STOP TRIGGERED (COIL 40001 = 1)
IMG-0126,30.jpg,photos/test/unsafe/30.jpg,HAZARD DETECTED,HAZARD DETECTED (E-STOP ACTIVATED),0.2556,0.82 ms,1,E-STOP TRIGGERED (COIL 40001 = 1)
IMG-0127,31.jpg,photos/test/unsafe/31.jpg,HAZARD DETECTED,HAZARD DETECTED (E-STOP ACTIVATED),0.6638,0.78 ms,1,E-STOP TRIGGERED (COIL 40001 = 1)
IMG-0128,32.jpg,photos/test/unsafe/32.jpg,HAZARD DETECTED,HAZARD DETECTED (E-STOP ACTIVATED),0.1033,0.58 ms,1,E-STOP TRIGGERED (COIL 40001 = 1)
IMG-0129,33.jpg,photos/test/unsafe/33.jpg,HAZARD DETECTED,HAZARD DETECTED (E-STOP ACTIVATED),0.0872,0.53 ms,1,E-STOP TRIGGERED (COIL 40001 = 1)
IMG-0130,34.jpg,photos/test/unsafe/34.jpg,HAZARD DETECTED,HAZARD DETECTED (E-STOP ACTIVATED),0.0247,0.52 ms,1,E-STOP TRIGGERED (COIL 40001 = 1)
IMG-0131,35.jpg,photos/test/unsafe/35.jpg,HAZARD DETECTED,HAZARD DETECTED (E-STOP ACTIVATED),0.5093,0.60 ms,1,E-STOP TRIGGERED (COIL 40001 = 1)
IMG-0132,36.jpg,photos/test/unsafe/36.jpg,HAZARD DETECTED,HAZARD DETECTED (E-STOP ACTIVATED),0.0427,0.53 ms,1,E-STOP TRIGGERED (COIL 40001 = 1)
IMG-0133,37.jpg,photos/test/unsafe/37.jpg,HAZARD DETECTED,HAZARD DETECTED (E-STOP ACTIVATED),0.1785,0.62 ms,1,E-STOP TRIGGERED (COIL 40001 = 1)
IMG-0134,38.jpg,photos/test/unsafe/38.jpg,HAZARD DETECTED,HAZARD DETECTED (E-STOP ACTIVATED),0.1313,0.70 ms,1,E-STOP TRIGGERED (COIL 40001 = 1)
IMG-0135,39.jpg,photos/test/unsafe/39.jpg,HAZARD DETECTED,HAZARD DETECTED (E-STOP ACTIVATED),0.2417,0.59 ms,1,E-STOP TRIGGERED (COIL 40001 = 1)
IMG-0136,4.jpg,photos/test/unsafe/4.jpg,HAZARD DETECTED,HAZARD DETECTED (E-STOP ACTIVATED),0.6965,0.55 ms,1,E-STOP TRIGGERED (COIL 40001 = 1)
IMG-0137,40.jpg,photos/test/unsafe/40.jpg,HAZARD DETECTED,HAZARD DETECTED (E-STOP ACTIVATED),0.2349,1.54 ms,1,E-STOP TRIGGERED (COIL 40001 = 1)
IMG-0138,41.jpg,photos/test/unsafe/41.jpg,HAZARD DETECTED,HAZARD DETECTED (E-STOP ACTIVATED),0.5454,0.95 ms,1,E-STOP TRIGGERED (COIL 40001 = 1)
IMG-0139,42.jpg,photos/test/unsafe/42.jpg,HAZARD DETECTED,HAZARD DETECTED (E-STOP ACTIVATED),0.1904,0.90 ms,1,E-STOP TRIGGERED (COIL 40001 = 1)
IMG-0140,43.jpg,photos/test/unsafe/43.jpg,HAZARD DETECTED,HAZARD DETECTED (E-STOP ACTIVATED),0.9565,1.14 ms,1,E-STOP TRIGGERED (COIL 40001 = 1)
IMG-0141,44.jpg,photos/test/unsafe/44.jpg,HAZARD DETECTED,HAZARD DETECTED (E-STOP ACTIVATED),0.1521,0.87 ms,1,E-STOP TRIGGERED (COIL 40001 = 1)
IMG-0142,45.jpg,photos/test/unsafe/45.jpg,HAZARD DETECTED,HAZARD DETECTED (E-STOP ACTIVATED),0.6396,0.66 ms,1,E-STOP TRIGGERED (COIL 40001 = 1)
IMG-0143,46.jpg,photos/test/unsafe/46.jpg,HAZARD DETECTED,HAZARD DETECTED (E-STOP ACTIVATED),0.1802,0.79 ms,1,E-STOP TRIGGERED (COIL 40001 = 1)
IMG-0144,47.jpg,photos/test/unsafe/47.jpg,HAZARD DETECTED,HAZARD DETECTED (E-STOP ACTIVATED),0.0049,0.96 ms,1,E-STOP TRIGGERED (COIL 40001 = 1)
IMG-0145,48.jpg,photos/test/unsafe/48.jpg,HAZARD DETECTED,HAZARD DETECTED (E-STOP ACTIVATED),0.1182,0.59 ms,1,E-STOP TRIGGERED (COIL 40001 = 1)
IMG-0146,49.jpg,photos/test/unsafe/49.jpg,HAZARD DETECTED,HAZARD DETECTED (E-STOP ACTIVATED),0.2839,0.59 ms,1,E-STOP TRIGGERED (COIL 40001 = 1)
IMG-0147,5.jpg,photos/test/unsafe/5.jpg,HAZARD DETECTED,HAZARD DETECTED (E-STOP ACTIVATED),0.1631,1.20 ms,1,E-STOP TRIGGERED (COIL 40001 = 1)
IMG-0148,50.jpg,photos/test/unsafe/50.jpg,HAZARD DETECTED,HAZARD DETECTED (E-STOP ACTIVATED),0.0164,0.73 ms,1,E-STOP TRIGGERED (COIL 40001 = 1)
IMG-0149,51.jpg,photos/test/unsafe/51.jpg,HAZARD DETECTED,HAZARD DETECTED (E-STOP ACTIVATED),0.0012,0.59 ms,1,E-STOP TRIGGERED (COIL 40001 = 1)
IMG-0150,52.jpg,photos/test/unsafe/52.jpg,HAZARD DETECTED,HAZARD DETECTED (E-STOP ACTIVATED),0.7295,0.89 ms,1,E-STOP TRIGGERED (COIL 40001 = 1)
IMG-0151,53.jpg,photos/test/unsafe/53.jpg,HAZARD DETECTED,HAZARD DETECTED (E-STOP ACTIVATED),0.0054,0.47 ms,1,E-STOP TRIGGERED (COIL 40001 = 1)
IMG-0152,54.jpg,photos/test/unsafe/54.jpg,HAZARD DETECTED,HAZARD DETECTED (E-STOP ACTIVATED),0.0996,0.86 ms,1,E-STOP TRIGGERED (COIL 40001 = 1)
IMG-0153,55.jpg,photos/test/unsafe/55.jpg,HAZARD DETECTED,HAZARD DETECTED (E-STOP ACTIVATED),0.0281,0.71 ms,1,E-STOP TRIGGERED (COIL 40001 = 1)
IMG-0154,56.jpg,photos/test/unsafe/56.jpg,HAZARD DETECTED,HAZARD DETECTED (E-STOP ACTIVATED),0.0979,0.86 ms,1,E-STOP TRIGGERED (COIL 40001 = 1)
IMG-0155,57.jpg,photos/test/unsafe/57.jpg,HAZARD DETECTED,HAZARD DETECTED (E-STOP ACTIVATED),0.3308,0.77 ms,1,E-STOP TRIGGERED (COIL 40001 = 1)
IMG-0156,58.jpg,photos/test/unsafe/58.jpg,HAZARD DETECTED,HAZARD DETECTED (E-STOP ACTIVATED),0.0449,0.56 ms,1,E-STOP TRIGGERED (COIL 40001 = 1)
IMG-0157,59.jpg,photos/test/unsafe/59.jpg,HAZARD DETECTED,HAZARD DETECTED (E-STOP ACTIVATED),0.4380,0.98 ms,1,E-STOP TRIGGERED (COIL 40001 = 1)
IMG-0158,6.jpg,photos/test/unsafe/6.jpg,HAZARD DETECTED,HAZARD DETECTED (E-STOP ACTIVATED),0.5376,1.15 ms,1,E-STOP TRIGGERED (COIL 40001 = 1)
IMG-0159,60.jpg,photos/test/unsafe/60.jpg,HAZARD DETECTED,HAZARD DETECTED (E-STOP ACTIVATED),0.6597,0.81 ms,1,E-STOP TRIGGERED (COIL 40001 = 1)
IMG-0160,61.jpg,photos/test/unsafe/61.jpg,HAZARD DETECTED,HAZARD DETECTED (E-STOP ACTIVATED),0.3538,0.96 ms,1,E-STOP TRIGGERED (COIL 40001 = 1)
IMG-0161,62.jpg,photos/test/unsafe/62.jpg,HAZARD DETECTED,HAZARD DETECTED (E-STOP ACTIVATED),0.2651,0.59 ms,1,E-STOP TRIGGERED (COIL 40001 = 1)
IMG-0162,63.jpg,photos/test/unsafe/63.jpg,HAZARD DETECTED,HAZARD DETECTED (E-STOP ACTIVATED),0.9902,0.58 ms,1,E-STOP TRIGGERED (COIL 40001 = 1)
IMG-0163,64.jpg,photos/test/unsafe/64.jpg,HAZARD DETECTED,HAZARD DETECTED (E-STOP ACTIVATED),0.2395,1.04 ms,1,E-STOP TRIGGERED (COIL 40001 = 1)
IMG-0164,65.jpg,photos/test/unsafe/65.jpg,HAZARD DETECTED,HAZARD DETECTED (E-STOP ACTIVATED),0.1731,0.80 ms,1,E-STOP TRIGGERED (COIL 40001 = 1)
IMG-0165,66.jpg,photos/test/unsafe/66.jpg,HAZARD DETECTED,HAZARD DETECTED (E-STOP ACTIVATED),0.3223,1.28 ms,1,E-STOP TRIGGERED (COIL 40001 = 1)
IMG-0166,67.jpg,photos/test/unsafe/67.jpg,HAZARD DETECTED,HAZARD DETECTED (E-STOP ACTIVATED),0.5693,0.58 ms,1,E-STOP TRIGGERED (COIL 40001 = 1)
IMG-0167,68.jpg,photos/test/unsafe/68.jpg,HAZARD DETECTED,HAZARD DETECTED (E-STOP ACTIVATED),0.5588,0.85 ms,1,E-STOP TRIGGERED (COIL 40001 = 1)
IMG-0168,69.jpg,photos/test/unsafe/69.jpg,HAZARD DETECTED,HAZARD DETECTED (E-STOP ACTIVATED),0.0120,1.18 ms,1,E-STOP TRIGGERED (COIL 40001 = 1)
IMG-0169,7.jpg,photos/test/unsafe/7.jpg,HAZARD DETECTED,HAZARD DETECTED (E-STOP ACTIVATED),0.6074,0.90 ms,1,E-STOP TRIGGERED (COIL 40001 = 1)
IMG-0170,70.jpg,photos/test/unsafe/70.jpg,HAZARD DETECTED,HAZARD DETECTED (E-STOP ACTIVATED),0.6792,1.21 ms,1,E-STOP TRIGGERED (COIL 40001 = 1)
IMG-0171,71.jpg,photos/test/unsafe/71.jpg,HAZARD DETECTED,HAZARD DETECTED (E-STOP ACTIVATED),0.0693,0.91 ms,1,E-STOP TRIGGERED (COIL 40001 = 1)
IMG-0172,72.jpg,photos/test/unsafe/72.jpg,HAZARD DETECTED,HAZARD DETECTED (E-STOP ACTIVATED),0.1606,0.98 ms,1,E-STOP TRIGGERED (COIL 40001 = 1)
IMG-0173,73.jpg,photos/test/unsafe/73.jpg,HAZARD DETECTED,HAZARD DETECTED (E-STOP ACTIVATED),0.8579,0.97 ms,1,E-STOP TRIGGERED (COIL 40001 = 1)
IMG-0174,74.jpg,photos/test/unsafe/74.jpg,HAZARD DETECTED,HAZARD DETECTED (E-STOP ACTIVATED),0.2405,0.60 ms,1,E-STOP TRIGGERED (COIL 40001 = 1)
IMG-0175,75.jpg,photos/test/unsafe/75.jpg,HAZARD DETECTED,HAZARD DETECTED (E-STOP ACTIVATED),0.7012,0.51 ms,1,E-STOP TRIGGERED (COIL 40001 = 1)
IMG-0176,76.jpg,photos/test/unsafe/76.jpg,HAZARD DETECTED,HAZARD DETECTED (E-STOP ACTIVATED),0.1614,1.00 ms,1,E-STOP TRIGGERED (COIL 40001 = 1)
IMG-0177,77.jpg,photos/test/unsafe/77.jpg,HAZARD DETECTED,HAZARD DETECTED (E-STOP ACTIVATED),0.0564,0.76 ms,1,E-STOP TRIGGERED (COIL 40001 = 1)
IMG-0178,78.jpg,photos/test/unsafe/78.jpg,HAZARD DETECTED,HAZARD DETECTED (E-STOP ACTIVATED),0.0317,1.57 ms,1,E-STOP TRIGGERED (COIL 40001 = 1)
IMG-0179,79.jpg,photos/test/unsafe/79.jpg,HAZARD DETECTED,HAZARD DETECTED (E-STOP ACTIVATED),0.0486,0.48 ms,1,E-STOP TRIGGERED (COIL 40001 = 1)
IMG-0180,8.jpg,photos/test/unsafe/8.jpg,HAZARD DETECTED,HAZARD DETECTED (E-STOP ACTIVATED),0.5303,0.77 ms,1,E-STOP TRIGGERED (COIL 40001 = 1)
IMG-0181,80.jpg,photos/test/unsafe/80.jpg,HAZARD DETECTED,HAZARD DETECTED (E-STOP ACTIVATED),0.9941,0.60 ms,1,E-STOP TRIGGERED (COIL 40001 = 1)
IMG-0182,81.jpg,photos/test/unsafe/81.jpg,HAZARD DETECTED,HAZARD DETECTED (E-STOP ACTIVATED),0.9626,0.49 ms,1,E-STOP TRIGGERED (COIL 40001 = 1)
IMG-0183,82.jpg,photos/test/unsafe/82.jpg,HAZARD DETECTED,HAZARD DETECTED (E-STOP ACTIVATED),0.2258,0.80 ms,1,E-STOP TRIGGERED (COIL 40001 = 1)
IMG-0184,83.jpg,photos/test/unsafe/83.jpg,HAZARD DETECTED,HAZARD DETECTED (E-STOP ACTIVATED),0.2100,1.03 ms,1,E-STOP TRIGGERED (COIL 40001 = 1)
IMG-0185,84.jpg,photos/test/unsafe/84.jpg,HAZARD DETECTED,HAZARD DETECTED (E-STOP ACTIVATED),0.1106,0.71 ms,1,E-STOP TRIGGERED (COIL 40001 = 1)
IMG-0186,85.jpg,photos/test/unsafe/85.jpg,HAZARD DETECTED,HAZARD DETECTED (E-STOP ACTIVATED),0.0950,0.57 ms,1,E-STOP TRIGGERED (COIL 40001 = 1)
IMG-0187,86.jpg,photos/test/unsafe/86.jpg,HAZARD DETECTED,HAZARD DETECTED (E-STOP ACTIVATED),0.3906,0.95 ms,1,E-STOP TRIGGERED (COIL 40001 = 1)
IMG-0188,87.jpg,photos/test/unsafe/87.jpg,HAZARD DETECTED,HAZARD DETECTED (E-STOP ACTIVATED),0.3184,1.07 ms,1,E-STOP TRIGGERED (COIL 40001 = 1)
IMG-0189,88.jpg,photos/test/unsafe/88.jpg,HAZARD DETECTED,HAZARD DETECTED (E-STOP ACTIVATED),0.3711,0.94 ms,1,E-STOP TRIGGERED (COIL 40001 = 1)
IMG-0190,89.jpg,photos/test/unsafe/89.jpg,HAZARD DETECTED,HAZARD DETECTED (E-STOP ACTIVATED),0.0774,0.88 ms,1,E-STOP TRIGGERED (COIL 40001 = 1)
IMG-0191,9.jpg,photos/test/unsafe/9.jpg,HAZARD DETECTED,HAZARD DETECTED (E-STOP ACTIVATED),0.2512,0.96 ms,1,E-STOP TRIGGERED (COIL 40001 = 1)
IMG-0192,90.jpg,photos/test/unsafe/90.jpg,HAZARD DETECTED,HAZARD DETECTED (E-STOP ACTIVATED),0.4219,0.49 ms,1,E-STOP TRIGGERED (COIL 40001 = 1)
IMG-0193,91.jpg,photos/test/unsafe/91.jpg,HAZARD DETECTED,HAZARD DETECTED (E-STOP ACTIVATED),0.3186,0.92 ms,1,E-STOP TRIGGERED (COIL 40001 = 1)
IMG-0194,92.jpg,photos/test/unsafe/92.jpg,HAZARD DETECTED,HAZARD DETECTED (E-STOP ACTIVATED),0.2949,0.93 ms,1,E-STOP TRIGGERED (COIL 40001 = 1)
IMG-0195,93.jpg,photos/test/unsafe/93.jpg,HAZARD DETECTED,HAZARD DETECTED (E-STOP ACTIVATED),0.0835,0.67 ms,1,E-STOP TRIGGERED (COIL 40001 = 1)
IMG-0196,94.jpg,photos/test/unsafe/94.jpg,HAZARD DETECTED,HAZARD DETECTED (E-STOP ACTIVATED),0.5830,0.59 ms,1,E-STOP TRIGGERED (COIL 40001 = 1)
IMG-0197,95.jpg,photos/test/unsafe/95.jpg,HAZARD DETECTED,HAZARD DETECTED (E-STOP ACTIVATED),0.2180,0.86 ms,1,E-STOP TRIGGERED (COIL 40001 = 1)
IMG-0198,96.jpg,photos/test/unsafe/96.jpg,HAZARD DETECTED,HAZARD DETECTED (E-STOP ACTIVATED),0.1252,0.53 ms,1,E-STOP TRIGGERED (COIL 40001 = 1)
IMG-0199,97.jpg,photos/test/unsafe/97.jpg,HAZARD DETECTED,HAZARD DETECTED (E-STOP ACTIVATED),0.5249,0.50 ms,1,E-STOP TRIGGERED (COIL 40001 = 1)
IMG-0200,98.jpg,photos/test/unsafe/98.jpg,HAZARD DETECTED,HAZARD DETECTED (E-STOP ACTIVATED),0.3928,1.00 ms,1,E-STOP TRIGGERED (COIL 40001 = 1)
IMG-0201,99.jpg,photos/test/unsafe/99.jpg,HAZARD DETECTED,HAZARD DETECTED (E-STOP ACTIVATED),0.2766,0.62 ms,1,E-STOP TRIGGERED (COIL 40001 = 1)
IMG-0202,1.jpg,photos/train/safe/1.jpg,HAZARD DETECTED,HAZARD DETECTED (E-STOP ACTIVATED),0.7871,0.72 ms,1,E-STOP TRIGGERED (COIL 40001 = 1)
IMG-0203,10.jpg,photos/train/safe/10.jpg,HAZARD DETECTED,HAZARD DETECTED (E-STOP ACTIVATED),0.5664,1.39 ms,1,E-STOP TRIGGERED (COIL 40001 = 1)
IMG-0204,100.jpg,photos/train/safe/100.jpg,HAZARD DETECTED,HAZARD DETECTED (E-STOP ACTIVATED),0.9407,0.51 ms,1,E-STOP TRIGGERED (COIL 40001 = 1)
IMG-0205,101.jpg,photos/train/safe/101.jpg,HAZARD DETECTED,HAZARD DETECTED (E-STOP ACTIVATED),0.4888,0.57 ms,1,E-STOP TRIGGERED (COIL 40001 = 1)
IMG-0206,102.jpg,photos/train/safe/102.jpg,HAZARD DETECTED,HAZARD DETECTED (E-STOP ACTIVATED),0.4385,0.96 ms,1,E-STOP TRIGGERED (COIL 40001 = 1)
IMG-0207,103.jpg,photos/train/safe/103.jpg,HAZARD DETECTED,HAZARD DETECTED (E-STOP ACTIVATED),0.8293,0.92 ms,1,E-STOP TRIGGERED (COIL 40001 = 1)
IMG-0208,104.jpg,photos/train/safe/104.jpg,HAZARD DETECTED,HAZARD DETECTED (E-STOP ACTIVATED),0.4685,1.65 ms,1,E-STOP TRIGGERED (COIL 40001 = 1)
IMG-0209,105.jpg,photos/train/safe/105.jpg,HAZARD DETECTED,HAZARD DETECTED (E-STOP ACTIVATED),0.5447,4.80 ms,1,E-STOP TRIGGERED (COIL 40001 = 1)
IMG-0210,106.jpg,photos/train/safe/106.jpg,HAZARD DETECTED,HAZARD DETECTED (E-STOP ACTIVATED),0.4031,1.22 ms,1,E-STOP TRIGGERED (COIL 40001 = 1)
IMG-0211,107.jpg,photos/train/safe/107.jpg,HAZARD DETECTED,HAZARD DETECTED (E-STOP ACTIVATED),0.4309,0.72 ms,1,E-STOP TRIGGERED (COIL 40001 = 1)
IMG-0212,108.jpg,photos/train/safe/108.jpg,HAZARD DETECTED,HAZARD DETECTED (E-STOP ACTIVATED),0.2754,0.99 ms,1,E-STOP TRIGGERED (COIL 40001 = 1)
IMG-0213,109.jpg,photos/train/safe/109.jpg,HAZARD DETECTED,HAZARD DETECTED (E-STOP ACTIVATED),0.2651,0.79 ms,1,E-STOP TRIGGERED (COIL 40001 = 1)
IMG-0214,11.jpg,photos/train/safe/11.jpg,HAZARD DETECTED,HAZARD DETECTED (E-STOP ACTIVATED),0.2966,0.90 ms,1,E-STOP TRIGGERED (COIL 40001 = 1)
IMG-0215,110.jpg,photos/train/safe/110.jpg,HAZARD DETECTED,HAZARD DETECTED (E-STOP ACTIVATED),0.2144,1.16 ms,1,E-STOP TRIGGERED (COIL 40001 = 1)
IMG-0216,111.jpg,photos/train/safe/111.jpg,HAZARD DETECTED,HAZARD DETECTED (E-STOP ACTIVATED),0.9053,0.49 ms,1,E-STOP TRIGGERED (COIL 40001 = 1)
IMG-0217,112.jpg,photos/train/safe/112.jpg,HAZARD DETECTED,HAZARD DETECTED (E-STOP ACTIVATED),0.4104,0.74 ms,1,E-STOP TRIGGERED (COIL 40001 = 1)
IMG-0218,113.jpg,photos/train/safe/113.jpg,HAZARD DETECTED,HAZARD DETECTED (E-STOP ACTIVATED),0.6091,0.58 ms,1,E-STOP TRIGGERED (COIL 40001 = 1)
IMG-0219,114.jpg,photos/train/safe/114.jpg,HAZARD DETECTED,HAZARD DETECTED (E-STOP ACTIVATED),0.9553,0.95 ms,1,E-STOP TRIGGERED (COIL 40001 = 1)
IMG-0220,115.jpg,photos/train/safe/115.jpg,HAZARD DETECTED,HAZARD DETECTED (E-STOP ACTIVATED),0.6047,0.49 ms,1,E-STOP TRIGGERED (COIL 40001 = 1)
IMG-0221,116.jpg,photos/train/safe/116.jpg,HAZARD DETECTED,HAZARD DETECTED (E-STOP ACTIVATED),0.3008,0.79 ms,1,E-STOP TRIGGERED (COIL 40001 = 1)
IMG-0222,117.jpg,photos/train/safe/117.jpg,HAZARD DETECTED,HAZARD DETECTED (E-STOP ACTIVATED),1.0000,0.63 ms,1,E-STOP TRIGGERED (COIL 40001 = 1)
IMG-0223,118.jpg,photos/train/safe/118.jpg,HAZARD DETECTED,HAZARD DETECTED (E-STOP ACTIVATED),0.3701,0.93 ms,1,E-STOP TRIGGERED (COIL 40001 = 1)
IMG-0224,119.jpg,photos/train/safe/119.jpg,HAZARD DETECTED,HAZARD DETECTED (E-STOP ACTIVATED),0.4189,0.65 ms,1,E-STOP TRIGGERED (COIL 40001 = 1)
IMG-0225,12.jpg,photos/train/safe/12.jpg,HAZARD DETECTED,HAZARD DETECTED (E-STOP ACTIVATED),0.2383,0.84 ms,1,E-STOP TRIGGERED (COIL 40001 = 1)
IMG-0226,120.jpg,photos/train/safe/120.jpg,HAZARD DETECTED,HAZARD DETECTED (E-STOP ACTIVATED),0.3308,0.71 ms,1,E-STOP TRIGGERED (COIL 40001 = 1)
IMG-0227,121.jpg,photos/train/safe/121.jpg,HAZARD DETECTED,HAZARD DETECTED (E-STOP ACTIVATED),0.4536,1.87 ms,1,E-STOP TRIGGERED (COIL 40001 = 1)
IMG-0228,122.jpg,photos/train/safe/122.jpg,HAZARD DETECTED,HAZARD DETECTED (E-STOP ACTIVATED),0.5535,0.61 ms,1,E-STOP TRIGGERED (COIL 40001 = 1)
IMG-0229,123.jpg,photos/train/safe/123.jpg,HAZARD DETECTED,HAZARD DETECTED (E-STOP ACTIVATED),0.9448,1.05 ms,1,E-STOP TRIGGERED (COIL 40001 = 1)
IMG-0230,124.jpg,photos/train/safe/124.jpg,HAZARD DETECTED,HAZARD DETECTED (E-STOP ACTIVATED),0.9707,1.05 ms,1,E-STOP TRIGGERED (COIL 40001 = 1)
IMG-0231,125.jpg,photos/train/safe/125.jpg,HAZARD DETECTED,HAZARD DETECTED (E-STOP ACTIVATED),0.8091,0.63 ms,1,E-STOP TRIGGERED (COIL 40001 = 1)
IMG-0232,126.jpg,photos/train/safe/126.jpg,HAZARD DETECTED,HAZARD DETECTED (E-STOP ACTIVATED),0.4468,1.17 ms,1,E-STOP TRIGGERED (COIL 40001 = 1)
IMG-0233,127.jpg,photos/train/safe/127.jpg,HAZARD DETECTED,HAZARD DETECTED (E-STOP ACTIVATED),0.5701,0.50 ms,1,E-STOP TRIGGERED (COIL 40001 = 1)
IMG-0234,128.jpg,photos/train/safe/128.jpg,HAZARD DETECTED,HAZARD DETECTED (E-STOP ACTIVATED),0.5598,0.64 ms,1,E-STOP TRIGGERED (COIL 40001 = 1)
IMG-0235,129.jpg,photos/train/safe/129.jpg,HAZARD DETECTED,HAZARD DETECTED (E-STOP ACTIVATED),0.7410,0.63 ms,1,E-STOP TRIGGERED (COIL 40001 = 1)
IMG-0236,13.jpg,photos/train/safe/13.jpg,HAZARD DETECTED,HAZARD DETECTED (E-STOP ACTIVATED),0.5322,0.59 ms,1,E-STOP TRIGGERED (COIL 40001 = 1)
IMG-0237,130.jpg,photos/train/safe/130.jpg,HAZARD DETECTED,HAZARD DETECTED (E-STOP ACTIVATED),0.0227,0.56 ms,1,E-STOP TRIGGERED (COIL 40001 = 1)
IMG-0238,131.jpg,photos/train/safe/131.jpg,HAZARD DETECTED,HAZARD DETECTED (E-STOP ACTIVATED),0.5889,2.14 ms,1,E-STOP TRIGGERED (COIL 40001 = 1)
IMG-0239,132.jpg,photos/train/safe/132.jpg,HAZARD DETECTED,HAZARD DETECTED (E-STOP ACTIVATED),0.1765,0.68 ms,1,E-STOP TRIGGERED (COIL 40001 = 1)
IMG-0240,133.jpg,photos/train/safe/133.jpg,HAZARD DETECTED,HAZARD DETECTED (E-STOP ACTIVATED),0.6882,0.50 ms,1,E-STOP TRIGGERED (COIL 40001 = 1)
IMG-0241,134.jpg,photos/train/safe/134.jpg,HAZARD DETECTED,HAZARD DETECTED (E-STOP ACTIVATED),0.1797,0.86 ms,1,E-STOP TRIGGERED (COIL 40001 = 1)
IMG-0242,135.jpg,photos/train/safe/135.jpg,HAZARD DETECTED,HAZARD DETECTED (E-STOP ACTIVATED),0.5371,0.97 ms,1,E-STOP TRIGGERED (COIL 40001 = 1)
IMG-0243,136.jpg,photos/train/safe/136.jpg,HAZARD DETECTED,HAZARD DETECTED (E-STOP ACTIVATED),0.3188,0.98 ms,1,E-STOP TRIGGERED (COIL 40001 = 1)
IMG-0244,137.jpg,photos/train/safe/137.jpg,HAZARD DETECTED,HAZARD DETECTED (E-STOP ACTIVATED),0.5444,0.92 ms,1,E-STOP TRIGGERED (COIL 40001 = 1)
IMG-0245,138.jpg,photos/train/safe/138.jpg,HAZARD DETECTED,HAZARD DETECTED (E-STOP ACTIVATED),0.4534,0.60 ms,1,E-STOP TRIGGERED (COIL 40001 = 1)
IMG-0246,139.jpg,photos/train/safe/139.jpg,HAZARD DETECTED,HAZARD DETECTED (E-STOP ACTIVATED),0.8320,0.63 ms,1,E-STOP TRIGGERED (COIL 40001 = 1)
IMG-0247,14.jpg,photos/train/safe/14.jpg,HAZARD DETECTED,HAZARD DETECTED (E-STOP ACTIVATED),0.2356,0.65 ms,1,E-STOP TRIGGERED (COIL 40001 = 1)
IMG-0248,140.jpg,photos/train/safe/140.jpg,HAZARD DETECTED,HAZARD DETECTED (E-STOP ACTIVATED),0.2322,1.18 ms,1,E-STOP TRIGGERED (COIL 40001 = 1)
IMG-0249,141.jpg,photos/train/safe/141.jpg,HAZARD DETECTED,HAZARD DETECTED (E-STOP ACTIVATED),0.0740,0.58 ms,1,E-STOP TRIGGERED (COIL 40001 = 1)
IMG-0250,142.jpg,photos/train/safe/142.jpg,HAZARD DETECTED,HAZARD DETECTED (E-STOP ACTIVATED),0.0352,0.57 ms,1,E-STOP TRIGGERED (COIL 40001 = 1)
IMG-0251,143.jpg,photos/train/safe/143.jpg,HAZARD DETECTED,HAZARD DETECTED (E-STOP ACTIVATED),0.4045,0.76 ms,1,E-STOP TRIGGERED (COIL 40001 = 1)
IMG-0252,144.jpg,photos/train/safe/144.jpg,HAZARD DETECTED,HAZARD DETECTED (E-STOP ACTIVATED),0.3960,0.71 ms,1,E-STOP TRIGGERED (COIL 40001 = 1)
IMG-0253,145.jpg,photos/train/safe/145.jpg,HAZARD DETECTED,HAZARD DETECTED (E-STOP ACTIVATED),0.7695,0.58 ms,1,E-STOP TRIGGERED (COIL 40001 = 1)
IMG-0254,146.jpg,photos/train/safe/146.jpg,HAZARD DETECTED,HAZARD DETECTED (E-STOP ACTIVATED),0.6506,1.11 ms,1,E-STOP TRIGGERED (COIL 40001 = 1)
IMG-0255,147.jpg,photos/train/safe/147.jpg,HAZARD DETECTED,HAZARD DETECTED (E-STOP ACTIVATED),0.6616,0.88 ms,1,E-STOP TRIGGERED (COIL 40001 = 1)
IMG-0256,148.jpg,photos/train/safe/148.jpg,HAZARD DETECTED,HAZARD DETECTED (E-STOP ACTIVATED),0.0842,0.63 ms,1,E-STOP TRIGGERED (COIL 40001 = 1)
IMG-0257,149.jpg,photos/train/safe/149.jpg,HAZARD DETECTED,HAZARD DETECTED (E-STOP ACTIVATED),0.5332,0.58 ms,1,E-STOP TRIGGERED (COIL 40001 = 1)
IMG-0258,15.jpg,photos/train/safe/15.jpg,HAZARD DETECTED,HAZARD DETECTED (E-STOP ACTIVATED),0.3484,1.03 ms,1,E-STOP TRIGGERED (COIL 40001 = 1)
IMG-0259,150.jpg,photos/train/safe/150.jpg,HAZARD DETECTED,HAZARD DETECTED (E-STOP ACTIVATED),0.0793,0.68 ms,1,E-STOP TRIGGERED (COIL 40001 = 1)
IMG-0260,151.jpg,photos/train/safe/151.jpg,HAZARD DETECTED,HAZARD DETECTED (E-STOP ACTIVATED),0.2375,2.33 ms,1,E-STOP TRIGGERED (COIL 40001 = 1)
IMG-0261,152.jpg,photos/train/safe/152.jpg,HAZARD DETECTED,HAZARD DETECTED (E-STOP ACTIVATED),0.0195,0.52 ms,1,E-STOP TRIGGERED (COIL 40001 = 1)
IMG-0262,153.jpg,photos/train/safe/153.jpg,HAZARD DETECTED,HAZARD DETECTED (E-STOP ACTIVATED),0.8804,0.49 ms,1,E-STOP TRIGGERED (COIL 40001 = 1)
IMG-0263,154.jpg,photos/train/safe/154.jpg,HAZARD DETECTED,HAZARD DETECTED (E-STOP ACTIVATED),0.6304,0.82 ms,1,E-STOP TRIGGERED (COIL 40001 = 1)
IMG-0264,155.jpg,photos/train/safe/155.jpg,HAZARD DETECTED,HAZARD DETECTED (E-STOP ACTIVATED),0.3584,0.55 ms,1,E-STOP TRIGGERED (COIL 40001 = 1)
IMG-0265,156.jpg,photos/train/safe/156.jpg,HAZARD DETECTED,HAZARD DETECTED (E-STOP ACTIVATED),0.7490,0.58 ms,1,E-STOP TRIGGERED (COIL 40001 = 1)
IMG-0266,157.jpg,photos/train/safe/157.jpg,HAZARD DETECTED,HAZARD DETECTED (E-STOP ACTIVATED),0.8401,0.84 ms,1,E-STOP TRIGGERED (COIL 40001 = 1)
IMG-0267,158.jpg,photos/train/safe/158.jpg,HAZARD DETECTED,HAZARD DETECTED (E-STOP ACTIVATED),0.3169,0.59 ms,1,E-STOP TRIGGERED (COIL 40001 = 1)
IMG-0268,159.jpg,photos/train/safe/159.jpg,HAZARD DETECTED,HAZARD DETECTED (E-STOP ACTIVATED),0.1733,0.48 ms,1,E-STOP TRIGGERED (COIL 40001 = 1)
IMG-0269,16.jpg,photos/train/safe/16.jpg,HAZARD DETECTED,HAZARD DETECTED (E-STOP ACTIVATED),0.2000,0.74 ms,1,E-STOP TRIGGERED (COIL 40001 = 1)
IMG-0270,160.jpg,photos/train/safe/160.jpg,HAZARD DETECTED,HAZARD DETECTED (E-STOP ACTIVATED),0.1333,0.54 ms,1,E-STOP TRIGGERED (COIL 40001 = 1)
IMG-0271,161.jpg,photos/train/safe/161.jpg,HAZARD DETECTED,HAZARD DETECTED (E-STOP ACTIVATED),0.7866,0.49 ms,1,E-STOP TRIGGERED (COIL 40001 = 1)
IMG-0272,162.jpg,photos/train/safe/162.jpg,HAZARD DETECTED,HAZARD DETECTED (E-STOP ACTIVATED),0.2676,0.78 ms,1,E-STOP TRIGGERED (COIL 40001 = 1)
IMG-0273,163.jpg,photos/train/safe/163.jpg,HAZARD DETECTED,HAZARD DETECTED (E-STOP ACTIVATED),0.2058,0.59 ms,1,E-STOP TRIGGERED (COIL 40001 = 1)
IMG-0274,164.jpg,photos/train/safe/164.jpg,HAZARD DETECTED,HAZARD DETECTED (E-STOP ACTIVATED),0.6008,0.50 ms,1,E-STOP TRIGGERED (COIL 40001 = 1)
IMG-0275,165.jpg,photos/train/safe/165.jpg,HAZARD DETECTED,HAZARD DETECTED (E-STOP ACTIVATED),0.2473,0.49 ms,1,E-STOP TRIGGERED (COIL 40001 = 1)
IMG-0276,166.jpg,photos/train/safe/166.jpg,HAZARD DETECTED,HAZARD DETECTED (E-STOP ACTIVATED),0.3223,1.08 ms,1,E-STOP TRIGGERED (COIL 40001 = 1)
IMG-0277,167.jpg,photos/train/safe/167.jpg,HAZARD DETECTED,HAZARD DETECTED (E-STOP ACTIVATED),0.4014,0.49 ms,1,E-STOP TRIGGERED (COIL 40001 = 1)
IMG-0278,168.jpg,photos/train/safe/168.jpg,HAZARD DETECTED,HAZARD DETECTED (E-STOP ACTIVATED),0.0815,0.80 ms,1,E-STOP TRIGGERED (COIL 40001 = 1)
IMG-0279,169.jpg,photos/train/safe/169.jpg,HAZARD DETECTED,HAZARD DETECTED (E-STOP ACTIVATED),0.4202,0.61 ms,1,E-STOP TRIGGERED (COIL 40001 = 1)
IMG-0280,17.jpg,photos/train/safe/17.jpg,HAZARD DETECTED,HAZARD DETECTED (E-STOP ACTIVATED),0.9788,0.48 ms,1,E-STOP TRIGGERED (COIL 40001 = 1)
IMG-0281,170.jpg,photos/train/safe/170.jpg,HAZARD DETECTED,HAZARD DETECTED (E-STOP ACTIVATED),0.2542,0.50 ms,1,E-STOP TRIGGERED (COIL 40001 = 1)
IMG-0282,171.jpg,photos/train/safe/171.jpg,HAZARD DETECTED,HAZARD DETECTED (E-STOP ACTIVATED),0.3774,1.24 ms,1,E-STOP TRIGGERED (COIL 40001 = 1)
IMG-0283,172.jpg,photos/train/safe/172.jpg,HAZARD DETECTED,HAZARD DETECTED (E-STOP ACTIVATED),0.7554,0.68 ms,1,E-STOP TRIGGERED (COIL 40001 = 1)
IMG-0284,173.jpg,photos/train/safe/173.jpg,HAZARD DETECTED,HAZARD DETECTED (E-STOP ACTIVATED),0.4478,0.72 ms,1,E-STOP TRIGGERED (COIL 40001 = 1)
IMG-0285,174.jpg,photos/train/safe/174.jpg,HAZARD DETECTED,HAZARD DETECTED (E-STOP ACTIVATED),0.5669,1.22 ms,1,E-STOP TRIGGERED (COIL 40001 = 1)
IMG-0286,175.jpg,photos/train/safe/175.jpg,HAZARD DETECTED,HAZARD DETECTED (E-STOP ACTIVATED),0.0068,1.26 ms,1,E-STOP TRIGGERED (COIL 40001 = 1)
IMG-0287,176.jpg,photos/train/safe/176.jpg,HAZARD DETECTED,HAZARD DETECTED (E-STOP ACTIVATED),0.6724,0.59 ms,1,E-STOP TRIGGERED (COIL 40001 = 1)
IMG-0288,177.jpg,photos/train/safe/177.jpg,HAZARD DETECTED,HAZARD DETECTED (E-STOP ACTIVATED),0.3838,0.99 ms,1,E-STOP TRIGGERED (COIL 40001 = 1)
IMG-0289,178.jpg,photos/train/safe/178.jpg,HAZARD DETECTED,HAZARD DETECTED (E-STOP ACTIVATED),0.7783,0.83 ms,1,E-STOP TRIGGERED (COIL 40001 = 1)
IMG-0290,179.jpg,photos/train/safe/179.jpg,HAZARD DETECTED,HAZARD DETECTED (E-STOP ACTIVATED),0.3318,0.51 ms,1,E-STOP TRIGGERED (COIL 40001 = 1)
IMG-0291,18.jpg,photos/train/safe/18.jpg,HAZARD DETECTED,HAZARD DETECTED (E-STOP ACTIVATED),0.3704,0.86 ms,1,E-STOP TRIGGERED (COIL 40001 = 1)
IMG-0292,180.jpg,photos/train/safe/180.jpg,HAZARD DETECTED,HAZARD DETECTED (E-STOP ACTIVATED),0.3726,0.65 ms,1,E-STOP TRIGGERED (COIL 40001 = 1)
IMG-0293,181.jpg,photos/train/safe/181.jpg,HAZARD DETECTED,HAZARD DETECTED (E-STOP ACTIVATED),0.3384,0.97 ms,1,E-STOP TRIGGERED (COIL 40001 = 1)
IMG-0294,182.jpg,photos/train/safe/182.jpg,HAZARD DETECTED,HAZARD DETECTED (E-STOP ACTIVATED),0.3406,0.60 ms,1,E-STOP TRIGGERED (COIL 40001 = 1)
IMG-0295,183.jpg,photos/train/safe/183.jpg,HAZARD DETECTED,HAZARD DETECTED (E-STOP ACTIVATED),0.2073,0.66 ms,1,E-STOP TRIGGERED (COIL 40001 = 1)
IMG-0296,184.jpg,photos/train/safe/184.jpg,HAZARD DETECTED,HAZARD DETECTED (E-STOP ACTIVATED),0.2974,0.99 ms,1,E-STOP TRIGGERED (COIL 40001 = 1)
IMG-0297,185.jpg,photos/train/safe/185.jpg,HAZARD DETECTED,HAZARD DETECTED (E-STOP ACTIVATED),0.3752,0.54 ms,1,E-STOP TRIGGERED (COIL 40001 = 1)
IMG-0298,186.jpg,photos/train/safe/186.jpg,HAZARD DETECTED,HAZARD DETECTED (E-STOP ACTIVATED),0.1089,0.75 ms,1,E-STOP TRIGGERED (COIL 40001 = 1)
IMG-0299,187.jpg,photos/train/safe/187.jpg,HAZARD DETECTED,HAZARD DETECTED (E-STOP ACTIVATED),0.4106,0.57 ms,1,E-STOP TRIGGERED (COIL 40001 = 1)
IMG-0300,188.jpg,photos/train/safe/188.jpg,HAZARD DETECTED,HAZARD DETECTED (E-STOP ACTIVATED),0.4709,0.74 ms,1,E-STOP TRIGGERED (COIL 40001 = 1)
IMG-0301,189.jpg,photos/train/safe/189.jpg,HAZARD DETECTED,HAZARD DETECTED (E-STOP ACTIVATED),0.0383,0.84 ms,1,E-STOP TRIGGERED (COIL 40001 = 1)
IMG-0302,19.jpg,photos/train/safe/19.jpg,HAZARD DETECTED,HAZARD DETECTED (E-STOP ACTIVATED),0.1121,0.59 ms,1,E-STOP TRIGGERED (COIL 40001 = 1)
IMG-0303,190.jpg,photos/train/safe/190.jpg,HAZARD DETECTED,HAZARD DETECTED (E-STOP ACTIVATED),0.5312,0.60 ms,1,E-STOP TRIGGERED (COIL 40001 = 1)
IMG-0304,191.jpg,photos/train/safe/191.jpg,HAZARD DETECTED,HAZARD DETECTED (E-STOP ACTIVATED),0.6704,0.62 ms,1,E-STOP TRIGGERED (COIL 40001 = 1)
IMG-0305,192.jpg,photos/train/safe/192.jpg,HAZARD DETECTED,HAZARD DETECTED (E-STOP ACTIVATED),0.2644,0.55 ms,1,E-STOP TRIGGERED (COIL 40001 = 1)
IMG-0306,193.jpg,photos/train/safe/193.jpg,HAZARD DETECTED,HAZARD DETECTED (E-STOP ACTIVATED),0.3096,0.67 ms,1,E-STOP TRIGGERED (COIL 40001 = 1)
IMG-0307,194.jpg,photos/train/safe/194.jpg,HAZARD DETECTED,HAZARD DETECTED (E-STOP ACTIVATED),0.1824,0.54 ms,1,E-STOP TRIGGERED (COIL 40001 = 1)
IMG-0308,195.jpg,photos/train/safe/195.jpg,HAZARD DETECTED,HAZARD DETECTED (E-STOP ACTIVATED),0.3499,0.54 ms,1,E-STOP TRIGGERED (COIL 40001 = 1)
IMG-0309,196.jpg,photos/train/safe/196.jpg,HAZARD DETECTED,HAZARD DETECTED (E-STOP ACTIVATED),0.1462,0.53 ms,1,E-STOP TRIGGERED (COIL 40001 = 1)
IMG-0310,197.jpg,photos/train/safe/197.jpg,HAZARD DETECTED,HAZARD DETECTED (E-STOP ACTIVATED),0.6511,0.76 ms,1,E-STOP TRIGGERED (COIL 40001 = 1)
IMG-0311,198.jpg,photos/train/safe/198.jpg,HAZARD DETECTED,HAZARD DETECTED (E-STOP ACTIVATED),0.9229,0.61 ms,1,E-STOP TRIGGERED (COIL 40001 = 1)
IMG-0312,199.jpg,photos/train/safe/199.jpg,HAZARD DETECTED,HAZARD DETECTED (E-STOP ACTIVATED),0.4021,0.54 ms,1,E-STOP TRIGGERED (COIL 40001 = 1)
IMG-0313,2.jpg,photos/train/safe/2.jpg,HAZARD DETECTED,HAZARD DETECTED (E-STOP ACTIVATED),0.5796,0.74 ms,1,E-STOP TRIGGERED (COIL 40001 = 1)
IMG-0314,20.jpg,photos/train/safe/20.jpg,HAZARD DETECTED,HAZARD DETECTED (E-STOP ACTIVATED),0.4321,0.54 ms,1,E-STOP TRIGGERED (COIL 40001 = 1)
IMG-0315,200.jpg,photos/train/safe/200.jpg,HAZARD DETECTED,HAZARD DETECTED (E-STOP ACTIVATED),0.6882,0.55 ms,1,E-STOP TRIGGERED (COIL 40001 = 1)
IMG-0316,201.jpg,photos/train/safe/201.jpg,HAZARD DETECTED,HAZARD DETECTED (E-STOP ACTIVATED),0.3228,0.57 ms,1,E-STOP TRIGGERED (COIL 40001 = 1)
IMG-0317,202.jpg,photos/train/safe/202.jpg,HAZARD DETECTED,HAZARD DETECTED (E-STOP ACTIVATED),0.7046,0.59 ms,1,E-STOP TRIGGERED (COIL 40001 = 1)
IMG-0318,203.jpg,photos/train/safe/203.jpg,HAZARD DETECTED,HAZARD DETECTED (E-STOP ACTIVATED),0.3892,0.54 ms,1,E-STOP TRIGGERED (COIL 40001 = 1)
IMG-0319,204.jpg,photos/train/safe/204.jpg,HAZARD DETECTED,HAZARD DETECTED (E-STOP ACTIVATED),0.2427,0.55 ms,1,E-STOP TRIGGERED (COIL 40001 = 1)
IMG-0320,205.jpg,photos/train/safe/205.jpg,HAZARD DETECTED,HAZARD DETECTED (E-STOP ACTIVATED),0.0833,0.52 ms,1,E-STOP TRIGGERED (COIL 40001 = 1)
IMG-0321,206.jpg,photos/train/safe/206.jpg,HAZARD DETECTED,HAZARD DETECTED (E-STOP ACTIVATED),0.4141,0.70 ms,1,E-STOP TRIGGERED (COIL 40001 = 1)
IMG-0322,207.jpg,photos/train/safe/207.jpg,HAZARD DETECTED,HAZARD DETECTED (E-STOP ACTIVATED),0.2800,0.59 ms,1,E-STOP TRIGGERED (COIL 40001 = 1)
IMG-0323,208.jpg,photos/train/safe/208.jpg,HAZARD DETECTED,HAZARD DETECTED (E-STOP ACTIVATED),0.2864,0.54 ms,1,E-STOP TRIGGERED (COIL 40001 = 1)
IMG-0324,209.jpg,photos/train/safe/209.jpg,HAZARD DETECTED,HAZARD DETECTED (E-STOP ACTIVATED),0.4570,0.56 ms,1,E-STOP TRIGGERED (COIL 40001 = 1)
IMG-0325,21.jpg,photos/train/safe/21.jpg,HAZARD DETECTED,HAZARD DETECTED (E-STOP ACTIVATED),0.0417,0.69 ms,1,E-STOP TRIGGERED (COIL 40001 = 1)
IMG-0326,210.jpg,photos/train/safe/210.jpg,HAZARD DETECTED,HAZARD DETECTED (E-STOP ACTIVATED),0.2646,0.54 ms,1,E-STOP TRIGGERED (COIL 40001 = 1)
IMG-0327,211.jpg,photos/train/safe/211.jpg,HAZARD DETECTED,HAZARD DETECTED (E-STOP ACTIVATED),0.2783,0.63 ms,1,E-STOP TRIGGERED (COIL 40001 = 1)
IMG-0328,212.jpg,photos/train/safe/212.jpg,HAZARD DETECTED,HAZARD DETECTED (E-STOP ACTIVATED),0.4951,0.48 ms,1,E-STOP TRIGGERED (COIL 40001 = 1)
IMG-0329,213.jpg,photos/train/safe/213.jpg,HAZARD DETECTED,HAZARD DETECTED (E-STOP ACTIVATED),0.6121,0.53 ms,1,E-STOP TRIGGERED (COIL 40001 = 1)
IMG-0330,214.jpg,photos/train/safe/214.jpg,HAZARD DETECTED,HAZARD DETECTED (E-STOP ACTIVATED),0.3958,0.54 ms,1,E-STOP TRIGGERED (COIL 40001 = 1)
IMG-0331,215.jpg,photos/train/safe/215.jpg,HAZARD DETECTED,HAZARD DETECTED (E-STOP ACTIVATED),0.2939,0.93 ms,1,E-STOP TRIGGERED (COIL 40001 = 1)
IMG-0332,216.jpg,photos/train/safe/216.jpg,HAZARD DETECTED,HAZARD DETECTED (E-STOP ACTIVATED),0.3398,0.48 ms,1,E-STOP TRIGGERED (COIL 40001 = 1)
IMG-0333,217.jpg,photos/train/safe/217.jpg,HAZARD DETECTED,HAZARD DETECTED (E-STOP ACTIVATED),0.4785,0.56 ms,1,E-STOP TRIGGERED (COIL 40001 = 1)
IMG-0334,218.jpg,photos/train/safe/218.jpg,HAZARD DETECTED,HAZARD DETECTED (E-STOP ACTIVATED),0.4949,0.59 ms,1,E-STOP TRIGGERED (COIL 40001 = 1)
IMG-0335,219.jpg,photos/train/safe/219.jpg,HAZARD DETECTED,HAZARD DETECTED (E-STOP ACTIVATED),0.1570,0.54 ms,1,E-STOP TRIGGERED (COIL 40001 = 1)
IMG-0336,22.jpg,photos/train/safe/22.jpg,HAZARD DETECTED,HAZARD DETECTED (E-STOP ACTIVATED),0.4951,0.61 ms,1,E-STOP TRIGGERED (COIL 40001 = 1)
IMG-0337,220.jpg,photos/train/safe/220.jpg,HAZARD DETECTED,HAZARD DETECTED (E-STOP ACTIVATED),0.1360,0.56 ms,1,E-STOP TRIGGERED (COIL 40001 = 1)
IMG-0338,221.jpg,photos/train/safe/221.jpg,HAZARD DETECTED,HAZARD DETECTED (E-STOP ACTIVATED),0.3823,0.69 ms,1,E-STOP TRIGGERED (COIL 40001 = 1)
IMG-0339,222.jpg,photos/train/safe/222.jpg,HAZARD DETECTED,HAZARD DETECTED (E-STOP ACTIVATED),0.5115,0.81 ms,1,E-STOP TRIGGERED (COIL 40001 = 1)
IMG-0340,223.jpg,photos/train/safe/223.jpg,HAZARD DETECTED,HAZARD DETECTED (E-STOP ACTIVATED),0.5640,0.54 ms,1,E-STOP TRIGGERED (COIL 40001 = 1)
IMG-0341,224.jpg,photos/train/safe/224.jpg,HAZARD DETECTED,HAZARD DETECTED (E-STOP ACTIVATED),0.8628,0.54 ms,1,E-STOP TRIGGERED (COIL 40001 = 1)
IMG-0342,225.jpg,photos/train/safe/225.jpg,HAZARD DETECTED,HAZARD DETECTED (E-STOP ACTIVATED),0.1260,0.54 ms,1,E-STOP TRIGGERED (COIL 40001 = 1)
IMG-0343,226.jpg,photos/train/safe/226.jpg,HAZARD DETECTED,HAZARD DETECTED (E-STOP ACTIVATED),0.4548,0.56 ms,1,E-STOP TRIGGERED (COIL 40001 = 1)
IMG-0344,227.jpg,photos/train/safe/227.jpg,HAZARD DETECTED,HAZARD DETECTED (E-STOP ACTIVATED),0.3748,1.20 ms,1,E-STOP TRIGGERED (COIL 40001 = 1)
IMG-0345,228.jpg,photos/train/safe/228.jpg,HAZARD DETECTED,HAZARD DETECTED (E-STOP ACTIVATED),0.5891,1.14 ms,1,E-STOP TRIGGERED (COIL 40001 = 1)
IMG-0346,229.jpg,photos/train/safe/229.jpg,HAZARD DETECTED,HAZARD DETECTED (E-STOP ACTIVATED),0.0229,1.25 ms,1,E-STOP TRIGGERED (COIL 40001 = 1)
IMG-0347,23.jpg,photos/train/safe/23.jpg,HAZARD DETECTED,HAZARD DETECTED (E-STOP ACTIVATED),0.9565,0.64 ms,1,E-STOP TRIGGERED (COIL 40001 = 1)
IMG-0348,230.jpg,photos/train/safe/230.jpg,HAZARD DETECTED,HAZARD DETECTED (E-STOP ACTIVATED),0.5552,0.47 ms,1,E-STOP TRIGGERED (COIL 40001 = 1)
IMG-0349,231.jpg,photos/train/safe/231.jpg,HAZARD DETECTED,HAZARD DETECTED (E-STOP ACTIVATED),0.3635,0.46 ms,1,E-STOP TRIGGERED (COIL 40001 = 1)
IMG-0350,232.jpg,photos/train/safe/232.jpg,HAZARD DETECTED,HAZARD DETECTED (E-STOP ACTIVATED),0.0757,0.46 ms,1,E-STOP TRIGGERED (COIL 40001 = 1)
IMG-0351,233.jpg,photos/train/safe/233.jpg,HAZARD DETECTED,HAZARD DETECTED (E-STOP ACTIVATED),0.3101,0.72 ms,1,E-STOP TRIGGERED (COIL 40001 = 1)
IMG-0352,234.jpg,photos/train/safe/234.jpg,HAZARD DETECTED,HAZARD DETECTED (E-STOP ACTIVATED),0.4089,1.13 ms,1,E-STOP TRIGGERED (COIL 40001 = 1)
IMG-0353,235.jpg,photos/train/safe/235.jpg,HAZARD DETECTED,HAZARD DETECTED (E-STOP ACTIVATED),1.0000,0.67 ms,1,E-STOP TRIGGERED (COIL 40001 = 1)
IMG-0354,236.jpg,photos/train/safe/236.jpg,HAZARD DETECTED,HAZARD DETECTED (E-STOP ACTIVATED),0.9438,0.92 ms,1,E-STOP TRIGGERED (COIL 40001 = 1)
IMG-0355,237.jpg,photos/train/safe/237.jpg,HAZARD DETECTED,HAZARD DETECTED (E-STOP ACTIVATED),0.1968,0.78 ms,1,E-STOP TRIGGERED (COIL 40001 = 1)
IMG-0356,238.jpg,photos/train/safe/238.jpg,HAZARD DETECTED,HAZARD DETECTED (E-STOP ACTIVATED),0.5862,0.56 ms,1,E-STOP TRIGGERED (COIL 40001 = 1)
IMG-0357,239.jpg,photos/train/safe/239.jpg,HAZARD DETECTED,HAZARD DETECTED (E-STOP ACTIVATED),0.1345,0.46 ms,1,E-STOP TRIGGERED (COIL 40001 = 1)
IMG-0358,24.jpg,photos/train/safe/24.jpg,HAZARD DETECTED,HAZARD DETECTED (E-STOP ACTIVATED),0.0391,0.54 ms,1,E-STOP TRIGGERED (COIL 40001 = 1)
IMG-0359,240.jpg,photos/train/safe/240.jpg,HAZARD DETECTED,HAZARD DETECTED (E-STOP ACTIVATED),0.0486,0.49 ms,1,E-STOP TRIGGERED (COIL 40001 = 1)
IMG-0360,241.jpg,photos/train/safe/241.jpg,HAZARD DETECTED,HAZARD DETECTED (E-STOP ACTIVATED),0.5740,0.78 ms,1,E-STOP TRIGGERED (COIL 40001 = 1)
IMG-0361,242.jpg,photos/train/safe/242.jpg,HAZARD DETECTED,HAZARD DETECTED (E-STOP ACTIVATED),0.6357,0.56 ms,1,E-STOP TRIGGERED (COIL 40001 = 1)
IMG-0362,243.jpg,photos/train/safe/243.jpg,HAZARD DETECTED,HAZARD DETECTED (E-STOP ACTIVATED),0.2336,0.64 ms,1,E-STOP TRIGGERED (COIL 40001 = 1)
IMG-0363,244.jpg,photos/train/safe/244.jpg,HAZARD DETECTED,HAZARD DETECTED (E-STOP ACTIVATED),0.6150,0.58 ms,1,E-STOP TRIGGERED (COIL 40001 = 1)
IMG-0364,245.jpg,photos/train/safe/245.jpg,HAZARD DETECTED,HAZARD DETECTED (E-STOP ACTIVATED),0.7900,0.63 ms,1,E-STOP TRIGGERED (COIL 40001 = 1)
IMG-0365,246.jpg,photos/train/safe/246.jpg,HAZARD DETECTED,HAZARD DETECTED (E-STOP ACTIVATED),0.1768,0.58 ms,1,E-STOP TRIGGERED (COIL 40001 = 1)
IMG-0366,247.jpg,photos/train/safe/247.jpg,HAZARD DETECTED,HAZARD DETECTED (E-STOP ACTIVATED),0.9685,0.61 ms,1,E-STOP TRIGGERED (COIL 40001 = 1)
IMG-0367,248.jpg,photos/train/safe/248.jpg,HAZARD DETECTED,HAZARD DETECTED (E-STOP ACTIVATED),0.4490,0.74 ms,1,E-STOP TRIGGERED (COIL 40001 = 1)
IMG-0368,249.jpg,photos/train/safe/249.jpg,HAZARD DETECTED,HAZARD DETECTED (E-STOP ACTIVATED),0.9373,1.20 ms,1,E-STOP TRIGGERED (COIL 40001 = 1)
IMG-0369,25.jpg,photos/train/safe/25.jpg,HAZARD DETECTED,HAZARD DETECTED (E-STOP ACTIVATED),0.2410,0.49 ms,1,E-STOP TRIGGERED (COIL 40001 = 1)
IMG-0370,250.jpg,photos/train/safe/250.jpg,HAZARD DETECTED,HAZARD DETECTED (E-STOP ACTIVATED),0.5085,1.09 ms,1,E-STOP TRIGGERED (COIL 40001 = 1)
IMG-0371,251.jpg,photos/train/safe/251.jpg,HAZARD DETECTED,HAZARD DETECTED (E-STOP ACTIVATED),0.2590,0.62 ms,1,E-STOP TRIGGERED (COIL 40001 = 1)
IMG-0372,252.jpg,photos/train/safe/252.jpg,HAZARD DETECTED,HAZARD DETECTED (E-STOP ACTIVATED),0.7126,0.81 ms,1,E-STOP TRIGGERED (COIL 40001 = 1)
IMG-0373,253.jpg,photos/train/safe/253.jpg,HAZARD DETECTED,HAZARD DETECTED (E-STOP ACTIVATED),0.7207,0.65 ms,1,E-STOP TRIGGERED (COIL 40001 = 1)
IMG-0374,254.jpg,photos/train/safe/254.jpg,HAZARD DETECTED,HAZARD DETECTED (E-STOP ACTIVATED),0.2021,0.64 ms,1,E-STOP TRIGGERED (COIL 40001 = 1)
IMG-0375,255.jpg,photos/train/safe/255.jpg,HAZARD DETECTED,HAZARD DETECTED (E-STOP ACTIVATED),0.6101,0.87 ms,1,E-STOP TRIGGERED (COIL 40001 = 1)
IMG-0376,256.jpg,photos/train/safe/256.jpg,HAZARD DETECTED,HAZARD DETECTED (E-STOP ACTIVATED),0.5623,0.81 ms,1,E-STOP TRIGGERED (COIL 40001 = 1)
IMG-0377,257.jpg,photos/train/safe/257.jpg,HAZARD DETECTED,HAZARD DETECTED (E-STOP ACTIVATED),0.4563,0.57 ms,1,E-STOP TRIGGERED (COIL 40001 = 1)
IMG-0378,258.jpg,photos/train/safe/258.jpg,HAZARD DETECTED,HAZARD DETECTED (E-STOP ACTIVATED),0.8201,0.61 ms,1,E-STOP TRIGGERED (COIL 40001 = 1)
IMG-0379,259.jpg,photos/train/safe/259.jpg,HAZARD DETECTED,HAZARD DETECTED (E-STOP ACTIVATED),0.4939,0.77 ms,1,E-STOP TRIGGERED (COIL 40001 = 1)
IMG-0380,26.jpg,photos/train/safe/26.jpg,HAZARD DETECTED,HAZARD DETECTED (E-STOP ACTIVATED),0.6287,0.82 ms,1,E-STOP TRIGGERED (COIL 40001 = 1)
IMG-0381,260.jpg,photos/train/safe/260.jpg,HAZARD DETECTED,HAZARD DETECTED (E-STOP ACTIVATED),0.8003,0.88 ms,1,E-STOP TRIGGERED (COIL 40001 = 1)
IMG-0382,261.jpg,photos/train/safe/261.jpg,HAZARD DETECTED,HAZARD DETECTED (E-STOP ACTIVATED),0.3435,0.58 ms,1,E-STOP TRIGGERED (COIL 40001 = 1)
IMG-0383,262.jpg,photos/train/safe/262.jpg,HAZARD DETECTED,HAZARD DETECTED (E-STOP ACTIVATED),0.2605,0.93 ms,1,E-STOP TRIGGERED (COIL 40001 = 1)
IMG-0384,263.jpg,photos/train/safe/263.jpg,HAZARD DETECTED,HAZARD DETECTED (E-STOP ACTIVATED),0.0271,0.55 ms,1,E-STOP TRIGGERED (COIL 40001 = 1)
IMG-0385,264.jpg,photos/train/safe/264.jpg,HAZARD DETECTED,HAZARD DETECTED (E-STOP ACTIVATED),0.1655,0.55 ms,1,E-STOP TRIGGERED (COIL 40001 = 1)
IMG-0386,265.jpg,photos/train/safe/265.jpg,HAZARD DETECTED,HAZARD DETECTED (E-STOP ACTIVATED),0.2212,0.67 ms,1,E-STOP TRIGGERED (COIL 40001 = 1)
IMG-0387,266.jpg,photos/train/safe/266.jpg,HAZARD DETECTED,HAZARD DETECTED (E-STOP ACTIVATED),0.6462,0.87 ms,1,E-STOP TRIGGERED (COIL 40001 = 1)
IMG-0388,267.jpg,photos/train/safe/267.jpg,HAZARD DETECTED,HAZARD DETECTED (E-STOP ACTIVATED),0.1387,0.67 ms,1,E-STOP TRIGGERED (COIL 40001 = 1)
IMG-0389,268.jpg,photos/train/safe/268.jpg,HAZARD DETECTED,HAZARD DETECTED (E-STOP ACTIVATED),0.0984,0.55 ms,1,E-STOP TRIGGERED (COIL 40001 = 1)
IMG-0390,269.jpg,photos/train/safe/269.jpg,HAZARD DETECTED,HAZARD DETECTED (E-STOP ACTIVATED),0.9414,0.90 ms,1,E-STOP TRIGGERED (COIL 40001 = 1)
IMG-0391,27.jpg,photos/train/safe/27.jpg,HAZARD DETECTED,HAZARD DETECTED (E-STOP ACTIVATED),0.7715,0.85 ms,1,E-STOP TRIGGERED (COIL 40001 = 1)
IMG-0392,270.jpg,photos/train/safe/270.jpg,HAZARD DETECTED,HAZARD DETECTED (E-STOP ACTIVATED),0.2729,0.59 ms,1,E-STOP TRIGGERED (COIL 40001 = 1)
IMG-0393,271.jpg,photos/train/safe/271.jpg,HAZARD DETECTED,HAZARD DETECTED (E-STOP ACTIVATED),0.1648,0.56 ms,1,E-STOP TRIGGERED (COIL 40001 = 1)
IMG-0394,272.jpg,photos/train/safe/272.jpg,HAZARD DETECTED,HAZARD DETECTED (E-STOP ACTIVATED),0.3940,0.59 ms,1,E-STOP TRIGGERED (COIL 40001 = 1)
IMG-0395,273.jpg,photos/train/safe/273.jpg,HAZARD DETECTED,HAZARD DETECTED (E-STOP ACTIVATED),0.3528,0.89 ms,1,E-STOP TRIGGERED (COIL 40001 = 1)
IMG-0396,274.jpg,photos/train/safe/274.jpg,HAZARD DETECTED,HAZARD DETECTED (E-STOP ACTIVATED),0.2231,0.63 ms,1,E-STOP TRIGGERED (COIL 40001 = 1)
IMG-0397,275.jpg,photos/train/safe/275.jpg,HAZARD DETECTED,HAZARD DETECTED (E-STOP ACTIVATED),0.3315,0.58 ms,1,E-STOP TRIGGERED (COIL 40001 = 1)
IMG-0398,276.jpg,photos/train/safe/276.jpg,HAZARD DETECTED,HAZARD DETECTED (E-STOP ACTIVATED),0.5742,0.77 ms,1,E-STOP TRIGGERED (COIL 40001 = 1)
IMG-0399,277.jpg,photos/train/safe/277.jpg,HAZARD DETECTED,HAZARD DETECTED (E-STOP ACTIVATED),0.6926,1.23 ms,1,E-STOP TRIGGERED (COIL 40001 = 1)
IMG-0400,278.jpg,photos/train/safe/278.jpg,HAZARD DETECTED,HAZARD DETECTED (E-STOP ACTIVATED),0.3035,0.75 ms,1,E-STOP TRIGGERED (COIL 40001 = 1)
IMG-0401,279.jpg,photos/train/safe/279.jpg,HAZARD DETECTED,HAZARD DETECTED (E-STOP ACTIVATED),0.0010,0.63 ms,1,E-STOP TRIGGERED (COIL 40001 = 1)
IMG-0402,28.jpg,photos/train/safe/28.jpg,HAZARD DETECTED,HAZARD DETECTED (E-STOP ACTIVATED),0.5439,0.71 ms,1,E-STOP TRIGGERED (COIL 40001 = 1)
IMG-0403,280.jpg,photos/train/safe/280.jpg,HAZARD DETECTED,HAZARD DETECTED (E-STOP ACTIVATED),0.5762,0.72 ms,1,E-STOP TRIGGERED (COIL 40001 = 1)
IMG-0404,281.jpg,photos/train/safe/281.jpg,HAZARD DETECTED,HAZARD DETECTED (E-STOP ACTIVATED),0.3369,1.49 ms,1,E-STOP TRIGGERED (COIL 40001 = 1)
IMG-0405,282.jpg,photos/train/safe/282.jpg,HAZARD DETECTED,HAZARD DETECTED (E-STOP ACTIVATED),0.4414,0.48 ms,1,E-STOP TRIGGERED (COIL 40001 = 1)
IMG-0406,283.jpg,photos/train/safe/283.jpg,HAZARD DETECTED,HAZARD DETECTED (E-STOP ACTIVATED),0.0464,0.67 ms,1,E-STOP TRIGGERED (COIL 40001 = 1)
IMG-0407,284.jpg,photos/train/safe/284.jpg,HAZARD DETECTED,HAZARD DETECTED (E-STOP ACTIVATED),0.6914,0.79 ms,1,E-STOP TRIGGERED (COIL 40001 = 1)
IMG-0408,285.jpg,photos/train/safe/285.jpg,HAZARD DETECTED,HAZARD DETECTED (E-STOP ACTIVATED),0.2329,0.63 ms,1,E-STOP TRIGGERED (COIL 40001 = 1)
IMG-0409,286.jpg,photos/train/safe/286.jpg,HAZARD DETECTED,HAZARD DETECTED (E-STOP ACTIVATED),0.0054,0.46 ms,1,E-STOP TRIGGERED (COIL 40001 = 1)
IMG-0410,287.jpg,photos/train/safe/287.jpg,HAZARD DETECTED,HAZARD DETECTED (E-STOP ACTIVATED),0.5049,0.56 ms,1,E-STOP TRIGGERED (COIL 40001 = 1)
IMG-0411,288.jpg,photos/train/safe/288.jpg,HAZARD DETECTED,HAZARD DETECTED (E-STOP ACTIVATED),0.4216,0.54 ms,1,E-STOP TRIGGERED (COIL 40001 = 1)
IMG-0412,289.jpg,photos/train/safe/289.jpg,HAZARD DETECTED,HAZARD DETECTED (E-STOP ACTIVATED),0.3765,0.59 ms,1,E-STOP TRIGGERED (COIL 40001 = 1)
IMG-0413,29.jpg,photos/train/safe/29.jpg,HAZARD DETECTED,HAZARD DETECTED (E-STOP ACTIVATED),0.1904,0.58 ms,1,E-STOP TRIGGERED (COIL 40001 = 1)
IMG-0414,290.jpg,photos/train/safe/290.jpg,HAZARD DETECTED,HAZARD DETECTED (E-STOP ACTIVATED),0.4910,0.62 ms,1,E-STOP TRIGGERED (COIL 40001 = 1)
IMG-0415,291.jpg,photos/train/safe/291.jpg,HAZARD DETECTED,HAZARD DETECTED (E-STOP ACTIVATED),0.1448,0.58 ms,1,E-STOP TRIGGERED (COIL 40001 = 1)
IMG-0416,292.jpg,photos/train/safe/292.jpg,HAZARD DETECTED,HAZARD DETECTED (E-STOP ACTIVATED),0.0103,0.61 ms,1,E-STOP TRIGGERED (COIL 40001 = 1)
IMG-0417,293.jpg,photos/train/safe/293.jpg,HAZARD DETECTED,HAZARD DETECTED (E-STOP ACTIVATED),0.5913,0.55 ms,1,E-STOP TRIGGERED (COIL 40001 = 1)
IMG-0418,294.jpg,photos/train/safe/294.jpg,HAZARD DETECTED,HAZARD DETECTED (E-STOP ACTIVATED),0.7329,0.59 ms,1,E-STOP TRIGGERED (COIL 40001 = 1)
IMG-0419,295.jpg,photos/train/safe/295.jpg,HAZARD DETECTED,HAZARD DETECTED (E-STOP ACTIVATED),0.0496,0.64 ms,1,E-STOP TRIGGERED (COIL 40001 = 1)
IMG-0420,296.jpg,photos/train/safe/296.jpg,HAZARD DETECTED,HAZARD DETECTED (E-STOP ACTIVATED),0.2251,0.56 ms,1,E-STOP TRIGGERED (COIL 40001 = 1)
IMG-0421,297.jpg,photos/train/safe/297.jpg,HAZARD DETECTED,HAZARD DETECTED (E-STOP ACTIVATED),0.9055,0.58 ms,1,E-STOP TRIGGERED (COIL 40001 = 1)
IMG-0422,298.jpg,photos/train/safe/298.jpg,HAZARD DETECTED,HAZARD DETECTED (E-STOP ACTIVATED),0.6851,0.56 ms,1,E-STOP TRIGGERED (COIL 40001 = 1)
IMG-0423,299.jpg,photos/train/safe/299.jpg,HAZARD DETECTED,HAZARD DETECTED (E-STOP ACTIVATED),0.4290,0.47 ms,1,E-STOP TRIGGERED (COIL 40001 = 1)
IMG-0424,3.jpg,photos/train/safe/3.jpg,HAZARD DETECTED,HAZARD DETECTED (E-STOP ACTIVATED),0.6411,0.54 ms,1,E-STOP TRIGGERED (COIL 40001 = 1)
IMG-0425,30.jpg,photos/train/safe/30.jpg,HAZARD DETECTED,HAZARD DETECTED (E-STOP ACTIVATED),0.3638,0.55 ms,1,E-STOP TRIGGERED (COIL 40001 = 1)
IMG-0426,300.jpg,photos/train/safe/300.jpg,HAZARD DETECTED,HAZARD DETECTED (E-STOP ACTIVATED),0.2410,0.53 ms,1,E-STOP TRIGGERED (COIL 40001 = 1)
IMG-0427,301.jpg,photos/train/safe/301.jpg,HAZARD DETECTED,HAZARD DETECTED (E-STOP ACTIVATED),0.1172,0.54 ms,1,E-STOP TRIGGERED (COIL 40001 = 1)
IMG-0428,302.jpg,photos/train/safe/302.jpg,HAZARD DETECTED,HAZARD DETECTED (E-STOP ACTIVATED),0.5938,0.55 ms,1,E-STOP TRIGGERED (COIL 40001 = 1)
IMG-0429,303.jpg,photos/train/safe/303.jpg,HAZARD DETECTED,HAZARD DETECTED (E-STOP ACTIVATED),0.3093,0.85 ms,1,E-STOP TRIGGERED (COIL 40001 = 1)
IMG-0430,304.jpg,photos/train/safe/304.jpg,HAZARD DETECTED,HAZARD DETECTED (E-STOP ACTIVATED),0.5156,1.00 ms,1,E-STOP TRIGGERED (COIL 40001 = 1)
IMG-0431,305.jpg,photos/train/safe/305.jpg,HAZARD DETECTED,HAZARD DETECTED (E-STOP ACTIVATED),0.2183,0.88 ms,1,E-STOP TRIGGERED (COIL 40001 = 1)
IMG-0432,306.jpg,photos/train/safe/306.jpg,HAZARD DETECTED,HAZARD DETECTED (E-STOP ACTIVATED),0.4050,0.53 ms,1,E-STOP TRIGGERED (COIL 40001 = 1)
IMG-0433,307.jpg,photos/train/safe/307.jpg,HAZARD DETECTED,HAZARD DETECTED (E-STOP ACTIVATED),0.7048,0.67 ms,1,E-STOP TRIGGERED (COIL 40001 = 1)
IMG-0434,308.jpg,photos/train/safe/308.jpg,HAZARD DETECTED,HAZARD DETECTED (E-STOP ACTIVATED),0.7024,0.56 ms,1,E-STOP TRIGGERED (COIL 40001 = 1)
IMG-0435,309.jpg,photos/train/safe/309.jpg,HAZARD DETECTED,HAZARD DETECTED (E-STOP ACTIVATED),0.3276,0.54 ms,1,E-STOP TRIGGERED (COIL 40001 = 1)
IMG-0436,31.jpg,photos/train/safe/31.jpg,HAZARD DETECTED,HAZARD DETECTED (E-STOP ACTIVATED),0.2480,0.64 ms,1,E-STOP TRIGGERED (COIL 40001 = 1)
IMG-0437,310.jpg,photos/train/safe/310.jpg,HAZARD DETECTED,HAZARD DETECTED (E-STOP ACTIVATED),0.3940,0.47 ms,1,E-STOP TRIGGERED (COIL 40001 = 1)
IMG-0438,311.jpg,photos/train/safe/311.jpg,HAZARD DETECTED,HAZARD DETECTED (E-STOP ACTIVATED),0.4202,0.47 ms,1,E-STOP TRIGGERED (COIL 40001 = 1)
IMG-0439,312.jpg,photos/train/safe/312.jpg,HAZARD DETECTED,HAZARD DETECTED (E-STOP ACTIVATED),0.1536,0.53 ms,1,E-STOP TRIGGERED (COIL 40001 = 1)
IMG-0440,313.jpg,photos/train/safe/313.jpg,HAZARD DETECTED,HAZARD DETECTED (E-STOP ACTIVATED),0.2546,0.90 ms,1,E-STOP TRIGGERED (COIL 40001 = 1)
IMG-0441,314.jpg,photos/train/safe/314.jpg,HAZARD DETECTED,HAZARD DETECTED (E-STOP ACTIVATED),0.0540,0.62 ms,1,E-STOP TRIGGERED (COIL 40001 = 1)
IMG-0442,315.jpg,photos/train/safe/315.jpg,HAZARD DETECTED,HAZARD DETECTED (E-STOP ACTIVATED),0.0286,0.58 ms,1,E-STOP TRIGGERED (COIL 40001 = 1)
IMG-0443,316.jpg,photos/train/safe/316.jpg,HAZARD DETECTED,HAZARD DETECTED (E-STOP ACTIVATED),0.4817,0.85 ms,1,E-STOP TRIGGERED (COIL 40001 = 1)
IMG-0444,317.jpg,photos/train/safe/317.jpg,HAZARD DETECTED,HAZARD DETECTED (E-STOP ACTIVATED),0.2922,0.46 ms,1,E-STOP TRIGGERED (COIL 40001 = 1)
IMG-0445,318.jpg,photos/train/safe/318.jpg,HAZARD DETECTED,HAZARD DETECTED (E-STOP ACTIVATED),0.1201,0.77 ms,1,E-STOP TRIGGERED (COIL 40001 = 1)
IMG-0446,319.jpg,photos/train/safe/319.jpg,HAZARD DETECTED,HAZARD DETECTED (E-STOP ACTIVATED),0.4290,0.72 ms,1,E-STOP TRIGGERED (COIL 40001 = 1)
IMG-0447,32.jpg,photos/train/safe/32.jpg,HAZARD DETECTED,HAZARD DETECTED (E-STOP ACTIVATED),0.1274,0.45 ms,1,E-STOP TRIGGERED (COIL 40001 = 1)
IMG-0448,320.jpg,photos/train/safe/320.jpg,HAZARD DETECTED,HAZARD DETECTED (E-STOP ACTIVATED),0.0938,0.54 ms,1,E-STOP TRIGGERED (COIL 40001 = 1)
IMG-0449,321.jpg,photos/train/safe/321.jpg,HAZARD DETECTED,HAZARD DETECTED (E-STOP ACTIVATED),0.4934,0.55 ms,1,E-STOP TRIGGERED (COIL 40001 = 1)
IMG-0450,322.jpg,photos/train/safe/322.jpg,HAZARD DETECTED,HAZARD DETECTED (E-STOP ACTIVATED),0.0247,0.61 ms,1,E-STOP TRIGGERED (COIL 40001 = 1)
IMG-0451,323.jpg,photos/train/safe/323.jpg,HAZARD DETECTED,HAZARD DETECTED (E-STOP ACTIVATED),0.3635,0.54 ms,1,E-STOP TRIGGERED (COIL 40001 = 1)
IMG-0452,324.jpg,photos/train/safe/324.jpg,HAZARD DETECTED,HAZARD DETECTED (E-STOP ACTIVATED),0.2236,1.19 ms,1,E-STOP TRIGGERED (COIL 40001 = 1)
IMG-0453,325.jpg,photos/train/safe/325.jpg,HAZARD DETECTED,HAZARD DETECTED (E-STOP ACTIVATED),0.2922,0.46 ms,1,E-STOP TRIGGERED (COIL 40001 = 1)
IMG-0454,326.jpg,photos/train/safe/326.jpg,HAZARD DETECTED,HAZARD DETECTED (E-STOP ACTIVATED),0.9536,0.84 ms,1,E-STOP TRIGGERED (COIL 40001 = 1)
IMG-0455,327.jpg,photos/train/safe/327.jpg,HAZARD DETECTED,HAZARD DETECTED (E-STOP ACTIVATED),0.7917,0.54 ms,1,E-STOP TRIGGERED (COIL 40001 = 1)
IMG-0456,328.jpg,photos/train/safe/328.jpg,HAZARD DETECTED,HAZARD DETECTED (E-STOP ACTIVATED),0.4287,0.57 ms,1,E-STOP TRIGGERED (COIL 40001 = 1)
IMG-0457,329.jpg,photos/train/safe/329.jpg,HAZARD DETECTED,HAZARD DETECTED (E-STOP ACTIVATED),0.2253,0.46 ms,1,E-STOP TRIGGERED (COIL 40001 = 1)
IMG-0458,33.jpg,photos/train/safe/33.jpg,HAZARD DETECTED,HAZARD DETECTED (E-STOP ACTIVATED),0.4817,0.97 ms,1,E-STOP TRIGGERED (COIL 40001 = 1)
IMG-0459,330.jpg,photos/train/safe/330.jpg,HAZARD DETECTED,HAZARD DETECTED (E-STOP ACTIVATED),0.7466,0.68 ms,1,E-STOP TRIGGERED (COIL 40001 = 1)
IMG-0460,331.jpg,photos/train/safe/331.jpg,HAZARD DETECTED,HAZARD DETECTED (E-STOP ACTIVATED),0.0994,0.53 ms,1,E-STOP TRIGGERED (COIL 40001 = 1)
IMG-0461,332.jpg,photos/train/safe/332.jpg,HAZARD DETECTED,HAZARD DETECTED (E-STOP ACTIVATED),0.2185,0.48 ms,1,E-STOP TRIGGERED (COIL 40001 = 1)
IMG-0462,333.jpg,photos/train/safe/333.jpg,HAZARD DETECTED,HAZARD DETECTED (E-STOP ACTIVATED),0.6716,0.56 ms,1,E-STOP TRIGGERED (COIL 40001 = 1)
IMG-0463,334.jpg,photos/train/safe/334.jpg,HAZARD DETECTED,HAZARD DETECTED (E-STOP ACTIVATED),0.2451,0.54 ms,1,E-STOP TRIGGERED (COIL 40001 = 1)
IMG-0464,335.jpg,photos/train/safe/335.jpg,HAZARD DETECTED,HAZARD DETECTED (E-STOP ACTIVATED),0.5132,0.64 ms,1,E-STOP TRIGGERED (COIL 40001 = 1)
IMG-0465,336.jpg,photos/train/safe/336.jpg,HAZARD DETECTED,HAZARD DETECTED (E-STOP ACTIVATED),0.4131,0.93 ms,1,E-STOP TRIGGERED (COIL 40001 = 1)
IMG-0466,337.jpg,photos/train/safe/337.jpg,HAZARD DETECTED,HAZARD DETECTED (E-STOP ACTIVATED),0.4619,0.79 ms,1,E-STOP TRIGGERED (COIL 40001 = 1)
IMG-0467,338.jpg,photos/train/safe/338.jpg,HAZARD DETECTED,HAZARD DETECTED (E-STOP ACTIVATED),0.1846,0.79 ms,1,E-STOP TRIGGERED (COIL 40001 = 1)
IMG-0468,339.jpg,photos/train/safe/339.jpg,HAZARD DETECTED,HAZARD DETECTED (E-STOP ACTIVATED),0.5530,0.73 ms,1,E-STOP TRIGGERED (COIL 40001 = 1)
IMG-0469,34.jpg,photos/train/safe/34.jpg,HAZARD DETECTED,HAZARD DETECTED (E-STOP ACTIVATED),0.5898,1.35 ms,1,E-STOP TRIGGERED (COIL 40001 = 1)
IMG-0470,340.jpg,photos/train/safe/340.jpg,HAZARD DETECTED,HAZARD DETECTED (E-STOP ACTIVATED),0.3611,0.61 ms,1,E-STOP TRIGGERED (COIL 40001 = 1)
IMG-0471,341.jpg,photos/train/safe/341.jpg,HAZARD DETECTED,HAZARD DETECTED (E-STOP ACTIVATED),0.7073,0.84 ms,1,E-STOP TRIGGERED (COIL 40001 = 1)
IMG-0472,342.jpg,photos/train/safe/342.jpg,HAZARD DETECTED,HAZARD DETECTED (E-STOP ACTIVATED),0.2117,0.91 ms,1,E-STOP TRIGGERED (COIL 40001 = 1)
IMG-0473,343.jpg,photos/train/safe/343.jpg,HAZARD DETECTED,HAZARD DETECTED (E-STOP ACTIVATED),0.5007,0.92 ms,1,E-STOP TRIGGERED (COIL 40001 = 1)
IMG-0474,344.jpg,photos/train/safe/344.jpg,HAZARD DETECTED,HAZARD DETECTED (E-STOP ACTIVATED),0.9697,1.56 ms,1,E-STOP TRIGGERED (COIL 40001 = 1)
IMG-0475,345.jpg,photos/train/safe/345.jpg,HAZARD DETECTED,HAZARD DETECTED (E-STOP ACTIVATED),0.6587,3.03 ms,1,E-STOP TRIGGERED (COIL 40001 = 1)
IMG-0476,346.jpg,photos/train/safe/346.jpg,HAZARD DETECTED,HAZARD DETECTED (E-STOP ACTIVATED),0.4031,5.26 ms,1,E-STOP TRIGGERED (COIL 40001 = 1)
IMG-0477,347.jpg,photos/train/safe/347.jpg,HAZARD DETECTED,HAZARD DETECTED (E-STOP ACTIVATED),0.1973,0.77 ms,1,E-STOP TRIGGERED (COIL 40001 = 1)
IMG-0478,348.jpg,photos/train/safe/348.jpg,HAZARD DETECTED,HAZARD DETECTED (E-STOP ACTIVATED),0.0396,0.79 ms,1,E-STOP TRIGGERED (COIL 40001 = 1)
IMG-0479,349.jpg,photos/train/safe/349.jpg,HAZARD DETECTED,HAZARD DETECTED (E-STOP ACTIVATED),0.1858,0.48 ms,1,E-STOP TRIGGERED (COIL 40001 = 1)
IMG-0480,35.jpg,photos/train/safe/35.jpg,HAZARD DETECTED,HAZARD DETECTED (E-STOP ACTIVATED),0.4119,1.09 ms,1,E-STOP TRIGGERED (COIL 40001 = 1)
IMG-0481,350.jpg,photos/train/safe/350.jpg,HAZARD DETECTED,HAZARD DETECTED (E-STOP ACTIVATED),0.4961,1.12 ms,1,E-STOP TRIGGERED (COIL 40001 = 1)
IMG-0482,351.jpg,photos/train/safe/351.jpg,HAZARD DETECTED,HAZARD DETECTED (E-STOP ACTIVATED),0.6462,0.85 ms,1,E-STOP TRIGGERED (COIL 40001 = 1)
IMG-0483,352.jpg,photos/train/safe/352.jpg,HAZARD DETECTED,HAZARD DETECTED (E-STOP ACTIVATED),0.6624,1.20 ms,1,E-STOP TRIGGERED (COIL 40001 = 1)
IMG-0484,353.jpg,photos/train/safe/353.jpg,HAZARD DETECTED,HAZARD DETECTED (E-STOP ACTIVATED),0.4377,0.72 ms,1,E-STOP TRIGGERED (COIL 40001 = 1)
IMG-0485,354.jpg,photos/train/safe/354.jpg,HAZARD DETECTED,HAZARD DETECTED (E-STOP ACTIVATED),0.1091,0.76 ms,1,E-STOP TRIGGERED (COIL 40001 = 1)
IMG-0486,355.jpg,photos/train/safe/355.jpg,HAZARD DETECTED,HAZARD DETECTED (E-STOP ACTIVATED),0.7974,0.84 ms,1,E-STOP TRIGGERED (COIL 40001 = 1)
IMG-0487,356.jpg,photos/train/safe/356.jpg,HAZARD DETECTED,HAZARD DETECTED (E-STOP ACTIVATED),0.4812,0.49 ms,1,E-STOP TRIGGERED (COIL 40001 = 1)
IMG-0488,357.jpg,photos/train/safe/357.jpg,HAZARD DETECTED,HAZARD DETECTED (E-STOP ACTIVATED),0.7986,0.76 ms,1,E-STOP TRIGGERED (COIL 40001 = 1)
IMG-0489,358.jpg,photos/train/safe/358.jpg,HAZARD DETECTED,HAZARD DETECTED (E-STOP ACTIVATED),0.3760,0.71 ms,1,E-STOP TRIGGERED (COIL 40001 = 1)
IMG-0490,359.jpg,photos/train/safe/359.jpg,HAZARD DETECTED,HAZARD DETECTED (E-STOP ACTIVATED),0.3777,0.66 ms,1,E-STOP TRIGGERED (COIL 40001 = 1)
IMG-0491,36.jpg,photos/train/safe/36.jpg,HAZARD DETECTED,HAZARD DETECTED (E-STOP ACTIVATED),0.3179,0.49 ms,1,E-STOP TRIGGERED (COIL 40001 = 1)
IMG-0492,360.jpg,photos/train/safe/360.jpg,HAZARD DETECTED,HAZARD DETECTED (E-STOP ACTIVATED),0.7498,0.48 ms,1,E-STOP TRIGGERED (COIL 40001 = 1)
IMG-0493,361.jpg,photos/train/safe/361.jpg,HAZARD DETECTED,HAZARD DETECTED (E-STOP ACTIVATED),0.2217,0.98 ms,1,E-STOP TRIGGERED (COIL 40001 = 1)
IMG-0494,362.jpg,photos/train/safe/362.jpg,HAZARD DETECTED,HAZARD DETECTED (E-STOP ACTIVATED),0.4363,0.81 ms,1,E-STOP TRIGGERED (COIL 40001 = 1)
IMG-0495,363.jpg,photos/train/safe/363.jpg,HAZARD DETECTED,HAZARD DETECTED (E-STOP ACTIVATED),0.4893,1.04 ms,1,E-STOP TRIGGERED (COIL 40001 = 1)
IMG-0496,364.jpg,photos/train/safe/364.jpg,HAZARD DETECTED,HAZARD DETECTED (E-STOP ACTIVATED),0.2078,0.89 ms,1,E-STOP TRIGGERED (COIL 40001 = 1)
IMG-0497,365.jpg,photos/train/safe/365.jpg,HAZARD DETECTED,HAZARD DETECTED (E-STOP ACTIVATED),0.2542,0.74 ms,1,E-STOP TRIGGERED (COIL 40001 = 1)
IMG-0498,366.jpg,photos/train/safe/366.jpg,HAZARD DETECTED,HAZARD DETECTED (E-STOP ACTIVATED),0.4580,0.47 ms,1,E-STOP TRIGGERED (COIL 40001 = 1)
IMG-0499,367.jpg,photos/train/safe/367.jpg,HAZARD DETECTED,HAZARD DETECTED (E-STOP ACTIVATED),0.3408,0.72 ms,1,E-STOP TRIGGERED (COIL 40001 = 1)
IMG-0500,368.jpg,photos/train/safe/368.jpg,HAZARD DETECTED,HAZARD DETECTED (E-STOP ACTIVATED),0.1753,0.92 ms,1,E-STOP TRIGGERED (COIL 40001 = 1)
IMG-0501,369.jpg,photos/train/safe/369.jpg,HAZARD DETECTED,HAZARD DETECTED (E-STOP ACTIVATED),0.0835,0.71 ms,1,E-STOP TRIGGERED (COIL 40001 = 1)
IMG-0502,37.jpg,photos/train/safe/37.jpg,HAZARD DETECTED,HAZARD DETECTED (E-STOP ACTIVATED),0.2566,0.83 ms,1,E-STOP TRIGGERED (COIL 40001 = 1)
IMG-0503,370.jpg,photos/train/safe/370.jpg,HAZARD DETECTED,HAZARD DETECTED (E-STOP ACTIVATED),0.4727,0.58 ms,1,E-STOP TRIGGERED (COIL 40001 = 1)
IMG-0504,371.jpg,photos/train/safe/371.jpg,HAZARD DETECTED,HAZARD DETECTED (E-STOP ACTIVATED),0.8342,0.52 ms,1,E-STOP TRIGGERED (COIL 40001 = 1)
IMG-0505,372.jpg,photos/train/safe/372.jpg,HAZARD DETECTED,HAZARD DETECTED (E-STOP ACTIVATED),0.5725,1.09 ms,1,E-STOP TRIGGERED (COIL 40001 = 1)
IMG-0506,373.jpg,photos/train/safe/373.jpg,HAZARD DETECTED,HAZARD DETECTED (E-STOP ACTIVATED),0.6350,0.62 ms,1,E-STOP TRIGGERED (COIL 40001 = 1)
IMG-0507,374.jpg,photos/train/safe/374.jpg,HAZARD DETECTED,HAZARD DETECTED (E-STOP ACTIVATED),0.3005,0.72 ms,1,E-STOP TRIGGERED (COIL 40001 = 1)
IMG-0508,375.jpg,photos/train/safe/375.jpg,HAZARD DETECTED,HAZARD DETECTED (E-STOP ACTIVATED),0.4951,0.99 ms,1,E-STOP TRIGGERED (COIL 40001 = 1)
IMG-0509,376.jpg,photos/train/safe/376.jpg,HAZARD DETECTED,HAZARD DETECTED (E-STOP ACTIVATED),0.0334,0.67 ms,1,E-STOP TRIGGERED (COIL 40001 = 1)
IMG-0510,377.jpg,photos/train/safe/377.jpg,HAZARD DETECTED,HAZARD DETECTED (E-STOP ACTIVATED),0.3367,0.79 ms,1,E-STOP TRIGGERED (COIL 40001 = 1)
IMG-0511,378.jpg,photos/train/safe/378.jpg,HAZARD DETECTED,HAZARD DETECTED (E-STOP ACTIVATED),0.7427,0.72 ms,1,E-STOP TRIGGERED (COIL 40001 = 1)
IMG-0512,379.jpg,photos/train/safe/379.jpg,HAZARD DETECTED,HAZARD DETECTED (E-STOP ACTIVATED),1.0000,1.11 ms,1,E-STOP TRIGGERED (COIL 40001 = 1)
IMG-0513,38.jpg,photos/train/safe/38.jpg,HAZARD DETECTED,HAZARD DETECTED (E-STOP ACTIVATED),0.0847,0.53 ms,1,E-STOP TRIGGERED (COIL 40001 = 1)
IMG-0514,380.jpg,photos/train/safe/380.jpg,HAZARD DETECTED,HAZARD DETECTED (E-STOP ACTIVATED),0.4497,0.59 ms,1,E-STOP TRIGGERED (COIL 40001 = 1)
IMG-0515,381.jpg,photos/train/safe/381.jpg,HAZARD DETECTED,HAZARD DETECTED (E-STOP ACTIVATED),0.2029,0.55 ms,1,E-STOP TRIGGERED (COIL 40001 = 1)
IMG-0516,382.jpg,photos/train/safe/382.jpg,HAZARD DETECTED,HAZARD DETECTED (E-STOP ACTIVATED),0.3354,0.47 ms,1,E-STOP TRIGGERED (COIL 40001 = 1)
IMG-0517,383.jpg,photos/train/safe/383.jpg,HAZARD DETECTED,HAZARD DETECTED (E-STOP ACTIVATED),0.0852,0.59 ms,1,E-STOP TRIGGERED (COIL 40001 = 1)
IMG-0518,384.jpg,photos/train/safe/384.jpg,HAZARD DETECTED,HAZARD DETECTED (E-STOP ACTIVATED),0.4712,0.55 ms,1,E-STOP TRIGGERED (COIL 40001 = 1)
IMG-0519,385.jpg,photos/train/safe/385.jpg,HAZARD DETECTED,HAZARD DETECTED (E-STOP ACTIVATED),0.2905,0.69 ms,1,E-STOP TRIGGERED (COIL 40001 = 1)
IMG-0520,386.jpg,photos/train/safe/386.jpg,HAZARD DETECTED,HAZARD DETECTED (E-STOP ACTIVATED),0.2991,1.20 ms,1,E-STOP TRIGGERED (COIL 40001 = 1)
IMG-0521,387.jpg,photos/train/safe/387.jpg,HAZARD DETECTED,HAZARD DETECTED (E-STOP ACTIVATED),0.0474,0.58 ms,1,E-STOP TRIGGERED (COIL 40001 = 1)
IMG-0522,388.jpg,photos/train/safe/388.jpg,HAZARD DETECTED,HAZARD DETECTED (E-STOP ACTIVATED),0.0000,0.60 ms,1,E-STOP TRIGGERED (COIL 40001 = 1)
IMG-0523,389.jpg,photos/train/safe/389.jpg,HAZARD DETECTED,HAZARD DETECTED (E-STOP ACTIVATED),0.2412,0.54 ms,1,E-STOP TRIGGERED (COIL 40001 = 1)
IMG-0524,39.jpg,photos/train/safe/39.jpg,HAZARD DETECTED,HAZARD DETECTED (E-STOP ACTIVATED),0.0647,0.53 ms,1,E-STOP TRIGGERED (COIL 40001 = 1)
IMG-0525,390.jpg,photos/train/safe/390.jpg,HAZARD DETECTED,HAZARD DETECTED (E-STOP ACTIVATED),0.7158,0.63 ms,1,E-STOP TRIGGERED (COIL 40001 = 1)
IMG-0526,391.jpg,photos/train/safe/391.jpg,HAZARD DETECTED,HAZARD DETECTED (E-STOP ACTIVATED),0.6519,0.71 ms,1,E-STOP TRIGGERED (COIL 40001 = 1)
IMG-0527,392.jpg,photos/train/safe/392.jpg,HAZARD DETECTED,HAZARD DETECTED (E-STOP ACTIVATED),0.7244,0.94 ms,1,E-STOP TRIGGERED (COIL 40001 = 1)
IMG-0528,393.jpg,photos/train/safe/393.jpg,HAZARD DETECTED,HAZARD DETECTED (E-STOP ACTIVATED),0.5977,1.00 ms,1,E-STOP TRIGGERED (COIL 40001 = 1)
IMG-0529,394.jpg,photos/train/safe/394.jpg,HAZARD DETECTED,HAZARD DETECTED (E-STOP ACTIVATED),0.5408,0.84 ms,1,E-STOP TRIGGERED (COIL 40001 = 1)
IMG-0530,395.jpg,photos/train/safe/395.jpg,HAZARD DETECTED,HAZARD DETECTED (E-STOP ACTIVATED),0.4646,0.81 ms,1,E-STOP TRIGGERED (COIL 40001 = 1)
IMG-0531,396.jpg,photos/train/safe/396.jpg,HAZARD DETECTED,HAZARD DETECTED (E-STOP ACTIVATED),0.0444,0.90 ms,1,E-STOP TRIGGERED (COIL 40001 = 1)
IMG-0532,397.jpg,photos/train/safe/397.jpg,HAZARD DETECTED,HAZARD DETECTED (E-STOP ACTIVATED),0.4353,0.55 ms,1,E-STOP TRIGGERED (COIL 40001 = 1)
IMG-0533,398.jpg,photos/train/safe/398.jpg,HAZARD DETECTED,HAZARD DETECTED (E-STOP ACTIVATED),0.2024,0.47 ms,1,E-STOP TRIGGERED (COIL 40001 = 1)
IMG-0534,399.jpg,photos/train/safe/399.jpg,HAZARD DETECTED,HAZARD DETECTED (E-STOP ACTIVATED),0.2727,0.47 ms,1,E-STOP TRIGGERED (COIL 40001 = 1)
IMG-0535,4.jpg,photos/train/safe/4.jpg,HAZARD DETECTED,HAZARD DETECTED (E-STOP ACTIVATED),0.2527,0.80 ms,1,E-STOP TRIGGERED (COIL 40001 = 1)
IMG-0536,40.jpg,photos/train/safe/40.jpg,HAZARD DETECTED,HAZARD DETECTED (E-STOP ACTIVATED),0.1489,0.71 ms,1,E-STOP TRIGGERED (COIL 40001 = 1)
IMG-0537,400.jpg,photos/train/safe/400.jpg,HAZARD DETECTED,HAZARD DETECTED (E-STOP ACTIVATED),0.3657,0.59 ms,1,E-STOP TRIGGERED (COIL 40001 = 1)
IMG-0538,401.jpg,photos/train/safe/401.jpg,HAZARD DETECTED,HAZARD DETECTED (E-STOP ACTIVATED),0.2168,0.47 ms,1,E-STOP TRIGGERED (COIL 40001 = 1)
IMG-0539,402.jpg,photos/train/safe/402.jpg,HAZARD DETECTED,HAZARD DETECTED (E-STOP ACTIVATED),0.2107,0.54 ms,1,E-STOP TRIGGERED (COIL 40001 = 1)
IMG-0540,403.jpg,photos/train/safe/403.jpg,HAZARD DETECTED,HAZARD DETECTED (E-STOP ACTIVATED),0.2163,0.82 ms,1,E-STOP TRIGGERED (COIL 40001 = 1)
IMG-0541,404.jpg,photos/train/safe/404.jpg,HAZARD DETECTED,HAZARD DETECTED (E-STOP ACTIVATED),0.8191,0.48 ms,1,E-STOP TRIGGERED (COIL 40001 = 1)
IMG-0542,405.jpg,photos/train/safe/405.jpg,HAZARD DETECTED,HAZARD DETECTED (E-STOP ACTIVATED),0.1135,0.59 ms,1,E-STOP TRIGGERED (COIL 40001 = 1)
IMG-0543,406.jpg,photos/train/safe/406.jpg,HAZARD DETECTED,HAZARD DETECTED (E-STOP ACTIVATED),0.1885,0.49 ms,1,E-STOP TRIGGERED (COIL 40001 = 1)
IMG-0544,407.jpg,photos/train/safe/407.jpg,HAZARD DETECTED,HAZARD DETECTED (E-STOP ACTIVATED),0.1628,0.47 ms,1,E-STOP TRIGGERED (COIL 40001 = 1)
IMG-0545,408.jpg,photos/train/safe/408.jpg,HAZARD DETECTED,HAZARD DETECTED (E-STOP ACTIVATED),0.2241,0.50 ms,1,E-STOP TRIGGERED (COIL 40001 = 1)
IMG-0546,409.jpg,photos/train/safe/409.jpg,HAZARD DETECTED,HAZARD DETECTED (E-STOP ACTIVATED),0.9426,0.47 ms,1,E-STOP TRIGGERED (COIL 40001 = 1)
IMG-0547,41.jpg,photos/train/safe/41.jpg,HAZARD DETECTED,HAZARD DETECTED (E-STOP ACTIVATED),0.2424,0.58 ms,1,E-STOP TRIGGERED (COIL 40001 = 1)
IMG-0548,410.jpg,photos/train/safe/410.jpg,HAZARD DETECTED,HAZARD DETECTED (E-STOP ACTIVATED),0.5498,0.67 ms,1,E-STOP TRIGGERED (COIL 40001 = 1)
IMG-0549,411.jpg,photos/train/safe/411.jpg,HAZARD DETECTED,HAZARD DETECTED (E-STOP ACTIVATED),0.6978,0.92 ms,1,E-STOP TRIGGERED (COIL 40001 = 1)
IMG-0550,412.jpg,photos/train/safe/412.jpg,HAZARD DETECTED,HAZARD DETECTED (E-STOP ACTIVATED),0.3281,0.80 ms,1,E-STOP TRIGGERED (COIL 40001 = 1)
IMG-0551,413.jpg,photos/train/safe/413.jpg,HAZARD DETECTED,HAZARD DETECTED (E-STOP ACTIVATED),0.2583,0.87 ms,1,E-STOP TRIGGERED (COIL 40001 = 1)
IMG-0552,414.jpg,photos/train/safe/414.jpg,HAZARD DETECTED,HAZARD DETECTED (E-STOP ACTIVATED),0.0457,0.77 ms,1,E-STOP TRIGGERED (COIL 40001 = 1)
IMG-0553,415.jpg,photos/train/safe/415.jpg,HAZARD DETECTED,HAZARD DETECTED (E-STOP ACTIVATED),0.9446,0.70 ms,1,E-STOP TRIGGERED (COIL 40001 = 1)
IMG-0554,416.jpg,photos/train/safe/416.jpg,HAZARD DETECTED,HAZARD DETECTED (E-STOP ACTIVATED),0.5623,0.58 ms,1,E-STOP TRIGGERED (COIL 40001 = 1)
IMG-0555,417.jpg,photos/train/safe/417.jpg,HAZARD DETECTED,HAZARD DETECTED (E-STOP ACTIVATED),0.1858,0.69 ms,1,E-STOP TRIGGERED (COIL 40001 = 1)
IMG-0556,418.jpg,photos/train/safe/418.jpg,HAZARD DETECTED,HAZARD DETECTED (E-STOP ACTIVATED),0.5654,0.60 ms,1,E-STOP TRIGGERED (COIL 40001 = 1)
IMG-0557,419.jpg,photos/train/safe/419.jpg,HAZARD DETECTED,HAZARD DETECTED (E-STOP ACTIVATED),0.1924,0.48 ms,1,E-STOP TRIGGERED (COIL 40001 = 1)
IMG-0558,42.jpg,photos/train/safe/42.jpg,HAZARD DETECTED,HAZARD DETECTED (E-STOP ACTIVATED),0.4705,0.58 ms,1,E-STOP TRIGGERED (COIL 40001 = 1)
IMG-0559,420.jpg,photos/train/safe/420.jpg,HAZARD DETECTED,HAZARD DETECTED (E-STOP ACTIVATED),0.0039,0.66 ms,1,E-STOP TRIGGERED (COIL 40001 = 1)
IMG-0560,421.jpg,photos/train/safe/421.jpg,HAZARD DETECTED,HAZARD DETECTED (E-STOP ACTIVATED),0.5496,1.03 ms,1,E-STOP TRIGGERED (COIL 40001 = 1)
IMG-0561,422.jpg,photos/train/safe/422.jpg,HAZARD DETECTED,HAZARD DETECTED (E-STOP ACTIVATED),0.4795,0.83 ms,1,E-STOP TRIGGERED (COIL 40001 = 1)
IMG-0562,423.jpg,photos/train/safe/423.jpg,HAZARD DETECTED,HAZARD DETECTED (E-STOP ACTIVATED),0.4937,0.77 ms,1,E-STOP TRIGGERED (COIL 40001 = 1)
IMG-0563,424.jpg,photos/train/safe/424.jpg,HAZARD DETECTED,HAZARD DETECTED (E-STOP ACTIVATED),0.2715,0.82 ms,1,E-STOP TRIGGERED (COIL 40001 = 1)
IMG-0564,425.jpg,photos/train/safe/425.jpg,HAZARD DETECTED,HAZARD DETECTED (E-STOP ACTIVATED),0.6838,0.49 ms,1,E-STOP TRIGGERED (COIL 40001 = 1)
IMG-0565,426.jpg,photos/train/safe/426.jpg,HAZARD DETECTED,HAZARD DETECTED (E-STOP ACTIVATED),0.0811,0.66 ms,1,E-STOP TRIGGERED (COIL 40001 = 1)
IMG-0566,427.jpg,photos/train/safe/427.jpg,HAZARD DETECTED,HAZARD DETECTED (E-STOP ACTIVATED),0.2715,0.93 ms,1,E-STOP TRIGGERED (COIL 40001 = 1)
IMG-0567,428.jpg,photos/train/safe/428.jpg,HAZARD DETECTED,HAZARD DETECTED (E-STOP ACTIVATED),0.7314,0.82 ms,1,E-STOP TRIGGERED (COIL 40001 = 1)
IMG-0568,429.jpg,photos/train/safe/429.jpg,HAZARD DETECTED,HAZARD DETECTED (E-STOP ACTIVATED),0.2664,0.92 ms,1,E-STOP TRIGGERED (COIL 40001 = 1)
IMG-0569,43.jpg,photos/train/safe/43.jpg,HAZARD DETECTED,HAZARD DETECTED (E-STOP ACTIVATED),0.4822,0.59 ms,1,E-STOP TRIGGERED (COIL 40001 = 1)
IMG-0570,430.jpg,photos/train/safe/430.jpg,HAZARD DETECTED,HAZARD DETECTED (E-STOP ACTIVATED),0.3120,1.43 ms,1,E-STOP TRIGGERED (COIL 40001 = 1)
IMG-0571,431.jpg,photos/train/safe/431.jpg,HAZARD DETECTED,HAZARD DETECTED (E-STOP ACTIVATED),0.3049,0.92 ms,1,E-STOP TRIGGERED (COIL 40001 = 1)
IMG-0572,432.jpg,photos/train/safe/432.jpg,HAZARD DETECTED,HAZARD DETECTED (E-STOP ACTIVATED),0.6475,0.50 ms,1,E-STOP TRIGGERED (COIL 40001 = 1)
IMG-0573,433.jpg,photos/train/safe/433.jpg,HAZARD DETECTED,HAZARD DETECTED (E-STOP ACTIVATED),0.2388,0.90 ms,1,E-STOP TRIGGERED (COIL 40001 = 1)
IMG-0574,434.jpg,photos/train/safe/434.jpg,HAZARD DETECTED,HAZARD DETECTED (E-STOP ACTIVATED),0.3479,1.22 ms,1,E-STOP TRIGGERED (COIL 40001 = 1)
IMG-0575,435.jpg,photos/train/safe/435.jpg,HAZARD DETECTED,HAZARD DETECTED (E-STOP ACTIVATED),0.5317,1.17 ms,1,E-STOP TRIGGERED (COIL 40001 = 1)
IMG-0576,436.jpg,photos/train/safe/436.jpg,HAZARD DETECTED,HAZARD DETECTED (E-STOP ACTIVATED),0.5332,1.89 ms,1,E-STOP TRIGGERED (COIL 40001 = 1)
IMG-0577,437.jpg,photos/train/safe/437.jpg,HAZARD DETECTED,HAZARD DETECTED (E-STOP ACTIVATED),0.2537,0.91 ms,1,E-STOP TRIGGERED (COIL 40001 = 1)
IMG-0578,438.jpg,photos/train/safe/438.jpg,HAZARD DETECTED,HAZARD DETECTED (E-STOP ACTIVATED),0.2148,1.32 ms,1,E-STOP TRIGGERED (COIL 40001 = 1)
IMG-0579,439.jpg,photos/train/safe/439.jpg,HAZARD DETECTED,HAZARD DETECTED (E-STOP ACTIVATED),0.5166,0.50 ms,1,E-STOP TRIGGERED (COIL 40001 = 1)
IMG-0580,44.jpg,photos/train/safe/44.jpg,HAZARD DETECTED,HAZARD DETECTED (E-STOP ACTIVATED),0.0811,0.57 ms,1,E-STOP TRIGGERED (COIL 40001 = 1)
IMG-0581,440.jpg,photos/train/safe/440.jpg,HAZARD DETECTED,HAZARD DETECTED (E-STOP ACTIVATED),0.0955,0.72 ms,1,E-STOP TRIGGERED (COIL 40001 = 1)
IMG-0582,441.jpg,photos/train/safe/441.jpg,HAZARD DETECTED,HAZARD DETECTED (E-STOP ACTIVATED),0.7209,0.69 ms,1,E-STOP TRIGGERED (COIL 40001 = 1)
IMG-0583,442.jpg,photos/train/safe/442.jpg,HAZARD DETECTED,HAZARD DETECTED (E-STOP ACTIVATED),0.0000,0.78 ms,1,E-STOP TRIGGERED (COIL 40001 = 1)
IMG-0584,443.jpg,photos/train/safe/443.jpg,HAZARD DETECTED,HAZARD DETECTED (E-STOP ACTIVATED),0.2334,1.20 ms,1,E-STOP TRIGGERED (COIL 40001 = 1)
IMG-0585,444.jpg,photos/train/safe/444.jpg,HAZARD DETECTED,HAZARD DETECTED (E-STOP ACTIVATED),0.3396,0.62 ms,1,E-STOP TRIGGERED (COIL 40001 = 1)
IMG-0586,445.jpg,photos/train/safe/445.jpg,HAZARD DETECTED,HAZARD DETECTED (E-STOP ACTIVATED),0.4714,0.65 ms,1,E-STOP TRIGGERED (COIL 40001 = 1)
IMG-0587,446.jpg,photos/train/safe/446.jpg,HAZARD DETECTED,HAZARD DETECTED (E-STOP ACTIVATED),0.8396,0.82 ms,1,E-STOP TRIGGERED (COIL 40001 = 1)
IMG-0588,447.jpg,photos/train/safe/447.jpg,HAZARD DETECTED,HAZARD DETECTED (E-STOP ACTIVATED),0.6672,0.87 ms,1,E-STOP TRIGGERED (COIL 40001 = 1)
IMG-0589,448.jpg,photos/train/safe/448.jpg,HAZARD DETECTED,HAZARD DETECTED (E-STOP ACTIVATED),0.5283,0.65 ms,1,E-STOP TRIGGERED (COIL 40001 = 1)
IMG-0590,449.jpg,photos/train/safe/449.jpg,HAZARD DETECTED,HAZARD DETECTED (E-STOP ACTIVATED),0.1201,0.88 ms,1,E-STOP TRIGGERED (COIL 40001 = 1)
IMG-0591,45.jpg,photos/train/safe/45.jpg,HAZARD DETECTED,HAZARD DETECTED (E-STOP ACTIVATED),0.4465,0.52 ms,1,E-STOP TRIGGERED (COIL 40001 = 1)
IMG-0592,450.jpg,photos/train/safe/450.jpg,HAZARD DETECTED,HAZARD DETECTED (E-STOP ACTIVATED),0.8064,0.66 ms,1,E-STOP TRIGGERED (COIL 40001 = 1)
IMG-0593,451.jpg,photos/train/safe/451.jpg,HAZARD DETECTED,HAZARD DETECTED (E-STOP ACTIVATED),0.2002,1.04 ms,1,E-STOP TRIGGERED (COIL 40001 = 1)
IMG-0594,452.jpg,photos/train/safe/452.jpg,HAZARD DETECTED,HAZARD DETECTED (E-STOP ACTIVATED),0.1599,0.57 ms,1,E-STOP TRIGGERED (COIL 40001 = 1)
IMG-0595,453.jpg,photos/train/safe/453.jpg,HAZARD DETECTED,HAZARD DETECTED (E-STOP ACTIVATED),0.0288,0.95 ms,1,E-STOP TRIGGERED (COIL 40001 = 1)
IMG-0596,454.jpg,photos/train/safe/454.jpg,HAZARD DETECTED,HAZARD DETECTED (E-STOP ACTIVATED),0.5681,0.80 ms,1,E-STOP TRIGGERED (COIL 40001 = 1)
IMG-0597,455.jpg,photos/train/safe/455.jpg,HAZARD DETECTED,HAZARD DETECTED (E-STOP ACTIVATED),0.8000,0.85 ms,1,E-STOP TRIGGERED (COIL 40001 = 1)
IMG-0598,456.jpg,photos/train/safe/456.jpg,HAZARD DETECTED,HAZARD DETECTED (E-STOP ACTIVATED),0.5823,0.77 ms,1,E-STOP TRIGGERED (COIL 40001 = 1)
IMG-0599,457.jpg,photos/train/safe/457.jpg,HAZARD DETECTED,HAZARD DETECTED (E-STOP ACTIVATED),0.4224,0.85 ms,1,E-STOP TRIGGERED (COIL 40001 = 1)
IMG-0600,458.jpg,photos/train/safe/458.jpg,HAZARD DETECTED,HAZARD DETECTED (E-STOP ACTIVATED),0.0667,0.57 ms,1,E-STOP TRIGGERED (COIL 40001 = 1)
IMG-0601,459.jpg,photos/train/safe/459.jpg,HAZARD DETECTED,HAZARD DETECTED (E-STOP ACTIVATED),0.0249,0.79 ms,1,E-STOP TRIGGERED (COIL 40001 = 1)
IMG-0602,46.jpg,photos/train/safe/46.jpg,HAZARD DETECTED,HAZARD DETECTED (E-STOP ACTIVATED),0.0137,0.52 ms,1,E-STOP TRIGGERED (COIL 40001 = 1)
IMG-0603,460.jpg,photos/train/safe/460.jpg,HAZARD DETECTED,HAZARD DETECTED (E-STOP ACTIVATED),0.9751,0.89 ms,1,E-STOP TRIGGERED (COIL 40001 = 1)
IMG-0604,461.jpg,photos/train/safe/461.jpg,HAZARD DETECTED,HAZARD DETECTED (E-STOP ACTIVATED),0.0100,0.81 ms,1,E-STOP TRIGGERED (COIL 40001 = 1)
IMG-0605,462.jpg,photos/train/safe/462.jpg,HAZARD DETECTED,HAZARD DETECTED (E-STOP ACTIVATED),0.1572,0.69 ms,1,E-STOP TRIGGERED (COIL 40001 = 1)
IMG-0606,463.jpg,photos/train/safe/463.jpg,HAZARD DETECTED,HAZARD DETECTED (E-STOP ACTIVATED),0.8433,0.88 ms,1,E-STOP TRIGGERED (COIL 40001 = 1)
IMG-0607,464.jpg,photos/train/safe/464.jpg,HAZARD DETECTED,HAZARD DETECTED (E-STOP ACTIVATED),0.4429,0.97 ms,1,E-STOP TRIGGERED (COIL 40001 = 1)
IMG-0608,465.jpg,photos/train/safe/465.jpg,HAZARD DETECTED,HAZARD DETECTED (E-STOP ACTIVATED),0.8242,0.96 ms,1,E-STOP TRIGGERED (COIL 40001 = 1)
IMG-0609,466.jpg,photos/train/safe/466.jpg,HAZARD DETECTED,HAZARD DETECTED (E-STOP ACTIVATED),0.7087,0.78 ms,1,E-STOP TRIGGERED (COIL 40001 = 1)
IMG-0610,467.jpg,photos/train/safe/467.jpg,HAZARD DETECTED,HAZARD DETECTED (E-STOP ACTIVATED),0.3706,0.76 ms,1,E-STOP TRIGGERED (COIL 40001 = 1)
IMG-0611,468.jpg,photos/train/safe/468.jpg,HAZARD DETECTED,HAZARD DETECTED (E-STOP ACTIVATED),0.6741,0.83 ms,1,E-STOP TRIGGERED (COIL 40001 = 1)
IMG-0612,469.jpg,photos/train/safe/469.jpg,HAZARD DETECTED,HAZARD DETECTED (E-STOP ACTIVATED),0.1106,0.46 ms,1,E-STOP TRIGGERED (COIL 40001 = 1)
IMG-0613,47.jpg,photos/train/safe/47.jpg,HAZARD DETECTED,HAZARD DETECTED (E-STOP ACTIVATED),0.5503,0.56 ms,1,E-STOP TRIGGERED (COIL 40001 = 1)
IMG-0614,470.jpg,photos/train/safe/470.jpg,HAZARD DETECTED,HAZARD DETECTED (E-STOP ACTIVATED),0.8169,0.48 ms,1,E-STOP TRIGGERED (COIL 40001 = 1)
IMG-0615,471.jpg,photos/train/safe/471.jpg,HAZARD DETECTED,HAZARD DETECTED (E-STOP ACTIVATED),0.3137,0.54 ms,1,E-STOP TRIGGERED (COIL 40001 = 1)
IMG-0616,472.jpg,photos/train/safe/472.jpg,HAZARD DETECTED,HAZARD DETECTED (E-STOP ACTIVATED),0.3721,0.55 ms,1,E-STOP TRIGGERED (COIL 40001 = 1)
IMG-0617,473.jpg,photos/train/safe/473.jpg,HAZARD DETECTED,HAZARD DETECTED (E-STOP ACTIVATED),0.5320,0.48 ms,1,E-STOP TRIGGERED (COIL 40001 = 1)
IMG-0618,474.jpg,photos/train/safe/474.jpg,HAZARD DETECTED,HAZARD DETECTED (E-STOP ACTIVATED),0.5393,0.55 ms,1,E-STOP TRIGGERED (COIL 40001 = 1)
IMG-0619,475.jpg,photos/train/safe/475.jpg,HAZARD DETECTED,HAZARD DETECTED (E-STOP ACTIVATED),0.1794,0.79 ms,1,E-STOP TRIGGERED (COIL 40001 = 1)
IMG-0620,476.jpg,photos/train/safe/476.jpg,HAZARD DETECTED,HAZARD DETECTED (E-STOP ACTIVATED),0.4558,0.71 ms,1,E-STOP TRIGGERED (COIL 40001 = 1)
IMG-0621,477.jpg,photos/train/safe/477.jpg,HAZARD DETECTED,HAZARD DETECTED (E-STOP ACTIVATED),1.0000,0.92 ms,1,E-STOP TRIGGERED (COIL 40001 = 1)
IMG-0622,478.jpg,photos/train/safe/478.jpg,HAZARD DETECTED,HAZARD DETECTED (E-STOP ACTIVATED),0.3748,0.87 ms,1,E-STOP TRIGGERED (COIL 40001 = 1)
IMG-0623,479.jpg,photos/train/safe/479.jpg,HAZARD DETECTED,HAZARD DETECTED (E-STOP ACTIVATED),0.5742,0.80 ms,1,E-STOP TRIGGERED (COIL 40001 = 1)
IMG-0624,48.jpg,photos/train/safe/48.jpg,HAZARD DETECTED,HAZARD DETECTED (E-STOP ACTIVATED),0.6592,1.10 ms,1,E-STOP TRIGGERED (COIL 40001 = 1)
IMG-0625,480.jpg,photos/train/safe/480.jpg,HAZARD DETECTED,HAZARD DETECTED (E-STOP ACTIVATED),0.7058,0.58 ms,1,E-STOP TRIGGERED (COIL 40001 = 1)
IMG-0626,481.jpg,photos/train/safe/481.jpg,HAZARD DETECTED,HAZARD DETECTED (E-STOP ACTIVATED),0.5500,0.45 ms,1,E-STOP TRIGGERED (COIL 40001 = 1)
IMG-0627,482.jpg,photos/train/safe/482.jpg,HAZARD DETECTED,HAZARD DETECTED (E-STOP ACTIVATED),0.5115,0.55 ms,1,E-STOP TRIGGERED (COIL 40001 = 1)
IMG-0628,483.jpg,photos/train/safe/483.jpg,HAZARD DETECTED,HAZARD DETECTED (E-STOP ACTIVATED),0.5027,0.50 ms,1,E-STOP TRIGGERED (COIL 40001 = 1)
IMG-0629,484.jpg,photos/train/safe/484.jpg,HAZARD DETECTED,HAZARD DETECTED (E-STOP ACTIVATED),0.2371,0.54 ms,1,E-STOP TRIGGERED (COIL 40001 = 1)
IMG-0630,485.jpg,photos/train/safe/485.jpg,HAZARD DETECTED,HAZARD DETECTED (E-STOP ACTIVATED),0.5095,0.56 ms,1,E-STOP TRIGGERED (COIL 40001 = 1)
IMG-0631,486.jpg,photos/train/safe/486.jpg,HAZARD DETECTED,HAZARD DETECTED (E-STOP ACTIVATED),0.4028,0.61 ms,1,E-STOP TRIGGERED (COIL 40001 = 1)
IMG-0632,487.jpg,photos/train/safe/487.jpg,HAZARD DETECTED,HAZARD DETECTED (E-STOP ACTIVATED),0.1904,0.75 ms,1,E-STOP TRIGGERED (COIL 40001 = 1)
IMG-0633,488.jpg,photos/train/safe/488.jpg,HAZARD DETECTED,HAZARD DETECTED (E-STOP ACTIVATED),0.3086,0.99 ms,1,E-STOP TRIGGERED (COIL 40001 = 1)
IMG-0634,489.jpg,photos/train/safe/489.jpg,HAZARD DETECTED,HAZARD DETECTED (E-STOP ACTIVATED),0.3801,0.46 ms,1,E-STOP TRIGGERED (COIL 40001 = 1)
IMG-0635,49.jpg,photos/train/safe/49.jpg,HAZARD DETECTED,HAZARD DETECTED (E-STOP ACTIVATED),0.5588,0.67 ms,1,E-STOP TRIGGERED (COIL 40001 = 1)
IMG-0636,490.jpg,photos/train/safe/490.jpg,HAZARD DETECTED,HAZARD DETECTED (E-STOP ACTIVATED),0.6145,0.63 ms,1,E-STOP TRIGGERED (COIL 40001 = 1)
IMG-0637,491.jpg,photos/train/safe/491.jpg,HAZARD DETECTED,HAZARD DETECTED (E-STOP ACTIVATED),0.7878,0.47 ms,1,E-STOP TRIGGERED (COIL 40001 = 1)
IMG-0638,492.jpg,photos/train/safe/492.jpg,HAZARD DETECTED,HAZARD DETECTED (E-STOP ACTIVATED),0.2151,0.58 ms,1,E-STOP TRIGGERED (COIL 40001 = 1)
IMG-0639,493.jpg,photos/train/safe/493.jpg,HAZARD DETECTED,HAZARD DETECTED (E-STOP ACTIVATED),0.3179,0.97 ms,1,E-STOP TRIGGERED (COIL 40001 = 1)
IMG-0640,494.jpg,photos/train/safe/494.jpg,HAZARD DETECTED,HAZARD DETECTED (E-STOP ACTIVATED),0.5793,0.83 ms,1,E-STOP TRIGGERED (COIL 40001 = 1)
IMG-0641,495.jpg,photos/train/safe/495.jpg,HAZARD DETECTED,HAZARD DETECTED (E-STOP ACTIVATED),0.8708,0.74 ms,1,E-STOP TRIGGERED (COIL 40001 = 1)
IMG-0642,496.jpg,photos/train/safe/496.jpg,HAZARD DETECTED,HAZARD DETECTED (E-STOP ACTIVATED),0.9297,0.69 ms,1,E-STOP TRIGGERED (COIL 40001 = 1)
IMG-0643,497.jpg,photos/train/safe/497.jpg,HAZARD DETECTED,HAZARD DETECTED (E-STOP ACTIVATED),0.1736,0.97 ms,1,E-STOP TRIGGERED (COIL 40001 = 1)
IMG-0644,498.jpg,photos/train/safe/498.jpg,HAZARD DETECTED,HAZARD DETECTED (E-STOP ACTIVATED),0.3394,0.74 ms,1,E-STOP TRIGGERED (COIL 40001 = 1)
IMG-0645,499.jpg,photos/train/safe/499.jpg,HAZARD DETECTED,HAZARD DETECTED (E-STOP ACTIVATED),0.2390,0.69 ms,1,E-STOP TRIGGERED (COIL 40001 = 1)
IMG-0646,5.jpg,photos/train/safe/5.jpg,HAZARD DETECTED,HAZARD DETECTED (E-STOP ACTIVATED),0.4136,0.71 ms,1,E-STOP TRIGGERED (COIL 40001 = 1)
IMG-0647,50.jpg,photos/train/safe/50.jpg,HAZARD DETECTED,HAZARD DETECTED (E-STOP ACTIVATED),0.3523,0.58 ms,1,E-STOP TRIGGERED (COIL 40001 = 1)
IMG-0648,500.jpg,photos/train/safe/500.jpg,HAZARD DETECTED,HAZARD DETECTED (E-STOP ACTIVATED),0.4849,0.55 ms,1,E-STOP TRIGGERED (COIL 40001 = 1)
IMG-0649,501.jpg,photos/train/safe/501.jpg,HAZARD DETECTED,HAZARD DETECTED (E-STOP ACTIVATED),0.6931,0.67 ms,1,E-STOP TRIGGERED (COIL 40001 = 1)
IMG-0650,502.jpg,photos/train/safe/502.jpg,HAZARD DETECTED,HAZARD DETECTED (E-STOP ACTIVATED),0.1865,0.48 ms,1,E-STOP TRIGGERED (COIL 40001 = 1)
IMG-0651,503.jpg,photos/train/safe/503.jpg,HAZARD DETECTED,HAZARD DETECTED (E-STOP ACTIVATED),0.4495,0.79 ms,1,E-STOP TRIGGERED (COIL 40001 = 1)
IMG-0652,504.jpg,photos/train/safe/504.jpg,HAZARD DETECTED,HAZARD DETECTED (E-STOP ACTIVATED),0.5110,0.98 ms,1,E-STOP TRIGGERED (COIL 40001 = 1)
IMG-0653,505.jpg,photos/train/safe/505.jpg,HAZARD DETECTED,HAZARD DETECTED (E-STOP ACTIVATED),0.0408,0.87 ms,1,E-STOP TRIGGERED (COIL 40001 = 1)
IMG-0654,506.jpg,photos/train/safe/506.jpg,HAZARD DETECTED,HAZARD DETECTED (E-STOP ACTIVATED),0.3835,1.08 ms,1,E-STOP TRIGGERED (COIL 40001 = 1)
IMG-0655,507.jpg,photos/train/safe/507.jpg,HAZARD DETECTED,HAZARD DETECTED (E-STOP ACTIVATED),0.1125,0.46 ms,1,E-STOP TRIGGERED (COIL 40001 = 1)
IMG-0656,508.jpg,photos/train/safe/508.jpg,HAZARD DETECTED,HAZARD DETECTED (E-STOP ACTIVATED),0.8938,0.56 ms,1,E-STOP TRIGGERED (COIL 40001 = 1)
IMG-0657,509.jpg,photos/train/safe/509.jpg,HAZARD DETECTED,HAZARD DETECTED (E-STOP ACTIVATED),0.6411,0.55 ms,1,E-STOP TRIGGERED (COIL 40001 = 1)
IMG-0658,51.jpg,photos/train/safe/51.jpg,HAZARD DETECTED,HAZARD DETECTED (E-STOP ACTIVATED),0.1479,0.47 ms,1,E-STOP TRIGGERED (COIL 40001 = 1)
IMG-0659,510.jpg,photos/train/safe/510.jpg,HAZARD DETECTED,HAZARD DETECTED (E-STOP ACTIVATED),0.6147,1.01 ms,1,E-STOP TRIGGERED (COIL 40001 = 1)
IMG-0660,511.jpg,photos/train/safe/511.jpg,HAZARD DETECTED,HAZARD DETECTED (E-STOP ACTIVATED),0.5178,1.08 ms,1,E-STOP TRIGGERED (COIL 40001 = 1)
IMG-0661,512.jpg,photos/train/safe/512.jpg,HAZARD DETECTED,HAZARD DETECTED (E-STOP ACTIVATED),0.7747,0.52 ms,1,E-STOP TRIGGERED (COIL 40001 = 1)
IMG-0662,513.jpg,photos/train/safe/513.jpg,HAZARD DETECTED,HAZARD DETECTED (E-STOP ACTIVATED),0.5068,0.54 ms,1,E-STOP TRIGGERED (COIL 40001 = 1)
IMG-0663,514.jpg,photos/train/safe/514.jpg,HAZARD DETECTED,HAZARD DETECTED (E-STOP ACTIVATED),0.0918,0.54 ms,1,E-STOP TRIGGERED (COIL 40001 = 1)
IMG-0664,515.jpg,photos/train/safe/515.jpg,HAZARD DETECTED,HAZARD DETECTED (E-STOP ACTIVATED),0.4746,0.54 ms,1,E-STOP TRIGGERED (COIL 40001 = 1)
IMG-0665,516.jpg,photos/train/safe/516.jpg,HAZARD DETECTED,HAZARD DETECTED (E-STOP ACTIVATED),0.3328,0.54 ms,1,E-STOP TRIGGERED (COIL 40001 = 1)
IMG-0666,517.jpg,photos/train/safe/517.jpg,HAZARD DETECTED,HAZARD DETECTED (E-STOP ACTIVATED),0.4846,0.60 ms,1,E-STOP TRIGGERED (COIL 40001 = 1)
IMG-0667,518.jpg,photos/train/safe/518.jpg,HAZARD DETECTED,HAZARD DETECTED (E-STOP ACTIVATED),0.1343,0.46 ms,1,E-STOP TRIGGERED (COIL 40001 = 1)
IMG-0668,519.jpg,photos/train/safe/519.jpg,HAZARD DETECTED,HAZARD DETECTED (E-STOP ACTIVATED),0.3179,0.46 ms,1,E-STOP TRIGGERED (COIL 40001 = 1)
IMG-0669,52.jpg,photos/train/safe/52.jpg,HAZARD DETECTED,HAZARD DETECTED (E-STOP ACTIVATED),0.4907,0.49 ms,1,E-STOP TRIGGERED (COIL 40001 = 1)
IMG-0670,520.jpg,photos/train/safe/520.jpg,HAZARD DETECTED,HAZARD DETECTED (E-STOP ACTIVATED),0.4839,0.53 ms,1,E-STOP TRIGGERED (COIL 40001 = 1)
IMG-0671,521.jpg,photos/train/safe/521.jpg,HAZARD DETECTED,HAZARD DETECTED (E-STOP ACTIVATED),0.4929,0.64 ms,1,E-STOP TRIGGERED (COIL 40001 = 1)
IMG-0672,522.jpg,photos/train/safe/522.jpg,HAZARD DETECTED,HAZARD DETECTED (E-STOP ACTIVATED),0.9165,0.59 ms,1,E-STOP TRIGGERED (COIL 40001 = 1)
IMG-0673,523.jpg,photos/train/safe/523.jpg,HAZARD DETECTED,HAZARD DETECTED (E-STOP ACTIVATED),0.0959,0.47 ms,1,E-STOP TRIGGERED (COIL 40001 = 1)
IMG-0674,524.jpg,photos/train/safe/524.jpg,HAZARD DETECTED,HAZARD DETECTED (E-STOP ACTIVATED),0.6553,0.70 ms,1,E-STOP TRIGGERED (COIL 40001 = 1)
IMG-0675,525.jpg,photos/train/safe/525.jpg,HAZARD DETECTED,HAZARD DETECTED (E-STOP ACTIVATED),0.2568,0.89 ms,1,E-STOP TRIGGERED (COIL 40001 = 1)
IMG-0676,526.jpg,photos/train/safe/526.jpg,HAZARD DETECTED,HAZARD DETECTED (E-STOP ACTIVATED),0.0317,1.48 ms,1,E-STOP TRIGGERED (COIL 40001 = 1)
IMG-0677,527.jpg,photos/train/safe/527.jpg,HAZARD DETECTED,HAZARD DETECTED (E-STOP ACTIVATED),0.4351,0.52 ms,1,E-STOP TRIGGERED (COIL 40001 = 1)
IMG-0678,528.jpg,photos/train/safe/528.jpg,HAZARD DETECTED,HAZARD DETECTED (E-STOP ACTIVATED),0.7441,1.79 ms,1,E-STOP TRIGGERED (COIL 40001 = 1)
IMG-0679,529.jpg,photos/train/safe/529.jpg,HAZARD DETECTED,HAZARD DETECTED (E-STOP ACTIVATED),0.7312,0.58 ms,1,E-STOP TRIGGERED (COIL 40001 = 1)
IMG-0680,53.jpg,photos/train/safe/53.jpg,HAZARD DETECTED,HAZARD DETECTED (E-STOP ACTIVATED),0.4060,0.72 ms,1,E-STOP TRIGGERED (COIL 40001 = 1)
IMG-0681,530.jpg,photos/train/safe/530.jpg,HAZARD DETECTED,HAZARD DETECTED (E-STOP ACTIVATED),0.0652,0.79 ms,1,E-STOP TRIGGERED (COIL 40001 = 1)
IMG-0682,531.jpg,photos/train/safe/531.jpg,HAZARD DETECTED,HAZARD DETECTED (E-STOP ACTIVATED),0.1106,0.99 ms,1,E-STOP TRIGGERED (COIL 40001 = 1)
IMG-0683,532.jpg,photos/train/safe/532.jpg,HAZARD DETECTED,HAZARD DETECTED (E-STOP ACTIVATED),0.5479,0.48 ms,1,E-STOP TRIGGERED (COIL 40001 = 1)
IMG-0684,533.jpg,photos/train/safe/533.jpg,HAZARD DETECTED,HAZARD DETECTED (E-STOP ACTIVATED),0.7422,0.69 ms,1,E-STOP TRIGGERED (COIL 40001 = 1)
IMG-0685,534.jpg,photos/train/safe/534.jpg,HAZARD DETECTED,HAZARD DETECTED (E-STOP ACTIVATED),0.0952,0.68 ms,1,E-STOP TRIGGERED (COIL 40001 = 1)
IMG-0686,535.jpg,photos/train/safe/535.jpg,HAZARD DETECTED,HAZARD DETECTED (E-STOP ACTIVATED),0.1316,0.73 ms,1,E-STOP TRIGGERED (COIL 40001 = 1)
IMG-0687,536.jpg,photos/train/safe/536.jpg,HAZARD DETECTED,HAZARD DETECTED (E-STOP ACTIVATED),0.2271,1.15 ms,1,E-STOP TRIGGERED (COIL 40001 = 1)
IMG-0688,537.jpg,photos/train/safe/537.jpg,HAZARD DETECTED,HAZARD DETECTED (E-STOP ACTIVATED),0.1343,0.48 ms,1,E-STOP TRIGGERED (COIL 40001 = 1)
IMG-0689,538.jpg,photos/train/safe/538.jpg,HAZARD DETECTED,HAZARD DETECTED (E-STOP ACTIVATED),0.8025,0.89 ms,1,E-STOP TRIGGERED (COIL 40001 = 1)
IMG-0690,539.jpg,photos/train/safe/539.jpg,HAZARD DETECTED,HAZARD DETECTED (E-STOP ACTIVATED),0.2451,0.48 ms,1,E-STOP TRIGGERED (COIL 40001 = 1)
IMG-0691,54.jpg,photos/train/safe/54.jpg,HAZARD DETECTED,HAZARD DETECTED (E-STOP ACTIVATED),0.4387,0.73 ms,1,E-STOP TRIGGERED (COIL 40001 = 1)
IMG-0692,540.jpg,photos/train/safe/540.jpg,HAZARD DETECTED,HAZARD DETECTED (E-STOP ACTIVATED),0.0154,0.55 ms,1,E-STOP TRIGGERED (COIL 40001 = 1)
IMG-0693,541.jpg,photos/train/safe/541.jpg,HAZARD DETECTED,HAZARD DETECTED (E-STOP ACTIVATED),0.3071,0.49 ms,1,E-STOP TRIGGERED (COIL 40001 = 1)
IMG-0694,542.jpg,photos/train/safe/542.jpg,HAZARD DETECTED,HAZARD DETECTED (E-STOP ACTIVATED),0.4514,1.05 ms,1,E-STOP TRIGGERED (COIL 40001 = 1)
IMG-0695,543.jpg,photos/train/safe/543.jpg,HAZARD DETECTED,HAZARD DETECTED (E-STOP ACTIVATED),0.3721,0.82 ms,1,E-STOP TRIGGERED (COIL 40001 = 1)
IMG-0696,544.jpg,photos/train/safe/544.jpg,HAZARD DETECTED,HAZARD DETECTED (E-STOP ACTIVATED),0.7590,0.50 ms,1,E-STOP TRIGGERED (COIL 40001 = 1)
IMG-0697,545.jpg,photos/train/safe/545.jpg,HAZARD DETECTED,HAZARD DETECTED (E-STOP ACTIVATED),0.1423,0.91 ms,1,E-STOP TRIGGERED (COIL 40001 = 1)
IMG-0698,546.jpg,photos/train/safe/546.jpg,HAZARD DETECTED,HAZARD DETECTED (E-STOP ACTIVATED),0.1074,0.61 ms,1,E-STOP TRIGGERED (COIL 40001 = 1)
IMG-0699,547.jpg,photos/train/safe/547.jpg,HAZARD DETECTED,HAZARD DETECTED (E-STOP ACTIVATED),0.0928,0.74 ms,1,E-STOP TRIGGERED (COIL 40001 = 1)
IMG-0700,548.jpg,photos/train/safe/548.jpg,HAZARD DETECTED,HAZARD DETECTED (E-STOP ACTIVATED),0.5303,0.57 ms,1,E-STOP TRIGGERED (COIL 40001 = 1)
IMG-0701,549.jpg,photos/train/safe/549.jpg,HAZARD DETECTED,HAZARD DETECTED (E-STOP ACTIVATED),0.4976,0.74 ms,1,E-STOP TRIGGERED (COIL 40001 = 1)
IMG-0702,55.jpg,photos/train/safe/55.jpg,HAZARD DETECTED,HAZARD DETECTED (E-STOP ACTIVATED),0.9651,0.59 ms,1,E-STOP TRIGGERED (COIL 40001 = 1)
IMG-0703,550.jpg,photos/train/safe/550.jpg,HAZARD DETECTED,HAZARD DETECTED (E-STOP ACTIVATED),0.0613,0.46 ms,1,E-STOP TRIGGERED (COIL 40001 = 1)
IMG-0704,551.jpg,photos/train/safe/551.jpg,HAZARD DETECTED,HAZARD DETECTED (E-STOP ACTIVATED),0.3154,1.05 ms,1,E-STOP TRIGGERED (COIL 40001 = 1)
IMG-0705,552.jpg,photos/train/safe/552.jpg,HAZARD DETECTED,HAZARD DETECTED (E-STOP ACTIVATED),0.1650,0.47 ms,1,E-STOP TRIGGERED (COIL 40001 = 1)
IMG-0706,553.jpg,photos/train/safe/553.jpg,HAZARD DETECTED,HAZARD DETECTED (E-STOP ACTIVATED),0.6851,1.37 ms,1,E-STOP TRIGGERED (COIL 40001 = 1)
IMG-0707,554.jpg,photos/train/safe/554.jpg,HAZARD DETECTED,HAZARD DETECTED (E-STOP ACTIVATED),0.2566,0.49 ms,1,E-STOP TRIGGERED (COIL 40001 = 1)
IMG-0708,555.jpg,photos/train/safe/555.jpg,HAZARD DETECTED,HAZARD DETECTED (E-STOP ACTIVATED),0.5581,0.57 ms,1,E-STOP TRIGGERED (COIL 40001 = 1)
IMG-0709,556.jpg,photos/train/safe/556.jpg,HAZARD DETECTED,HAZARD DETECTED (E-STOP ACTIVATED),0.2549,0.63 ms,1,E-STOP TRIGGERED (COIL 40001 = 1)
IMG-0710,557.jpg,photos/train/safe/557.jpg,HAZARD DETECTED,HAZARD DETECTED (E-STOP ACTIVATED),0.5725,0.59 ms,1,E-STOP TRIGGERED (COIL 40001 = 1)
IMG-0711,558.jpg,photos/train/safe/558.jpg,HAZARD DETECTED,HAZARD DETECTED (E-STOP ACTIVATED),0.8303,0.60 ms,1,E-STOP TRIGGERED (COIL 40001 = 1)
IMG-0712,559.jpg,photos/train/safe/559.jpg,HAZARD DETECTED,HAZARD DETECTED (E-STOP ACTIVATED),0.4390,0.97 ms,1,E-STOP TRIGGERED (COIL 40001 = 1)
IMG-0713,56.jpg,photos/train/safe/56.jpg,HAZARD DETECTED,HAZARD DETECTED (E-STOP ACTIVATED),0.2095,1.07 ms,1,E-STOP TRIGGERED (COIL 40001 = 1)
IMG-0714,560.jpg,photos/train/safe/560.jpg,HAZARD DETECTED,HAZARD DETECTED (E-STOP ACTIVATED),0.9702,1.46 ms,1,E-STOP TRIGGERED (COIL 40001 = 1)
IMG-0715,561.jpg,photos/train/safe/561.jpg,HAZARD DETECTED,HAZARD DETECTED (E-STOP ACTIVATED),0.2097,0.67 ms,1,E-STOP TRIGGERED (COIL 40001 = 1)
IMG-0716,562.jpg,photos/train/safe/562.jpg,HAZARD DETECTED,HAZARD DETECTED (E-STOP ACTIVATED),0.3184,1.06 ms,1,E-STOP TRIGGERED (COIL 40001 = 1)
IMG-0717,563.jpg,photos/train/safe/563.jpg,HAZARD DETECTED,HAZARD DETECTED (E-STOP ACTIVATED),0.1719,0.47 ms,1,E-STOP TRIGGERED (COIL 40001 = 1)
IMG-0718,564.jpg,photos/train/safe/564.jpg,HAZARD DETECTED,HAZARD DETECTED (E-STOP ACTIVATED),0.5879,0.80 ms,1,E-STOP TRIGGERED (COIL 40001 = 1)
IMG-0719,565.jpg,photos/train/safe/565.jpg,HAZARD DETECTED,HAZARD DETECTED (E-STOP ACTIVATED),0.8030,0.52 ms,1,E-STOP TRIGGERED (COIL 40001 = 1)
IMG-0720,566.jpg,photos/train/safe/566.jpg,HAZARD DETECTED,HAZARD DETECTED (E-STOP ACTIVATED),0.9717,0.84 ms,1,E-STOP TRIGGERED (COIL 40001 = 1)
IMG-0721,567.jpg,photos/train/safe/567.jpg,HAZARD DETECTED,HAZARD DETECTED (E-STOP ACTIVATED),0.4075,0.83 ms,1,E-STOP TRIGGERED (COIL 40001 = 1)
IMG-0722,568.jpg,photos/train/safe/568.jpg,HAZARD DETECTED,HAZARD DETECTED (E-STOP ACTIVATED),0.0984,1.02 ms,1,E-STOP TRIGGERED (COIL 40001 = 1)
IMG-0723,569.jpg,photos/train/safe/569.jpg,HAZARD DETECTED,HAZARD DETECTED (E-STOP ACTIVATED),0.4412,1.74 ms,1,E-STOP TRIGGERED (COIL 40001 = 1)
IMG-0724,57.jpg,photos/train/safe/57.jpg,HAZARD DETECTED,HAZARD DETECTED (E-STOP ACTIVATED),0.4456,0.56 ms,1,E-STOP TRIGGERED (COIL 40001 = 1)
IMG-0725,570.jpg,photos/train/safe/570.jpg,HAZARD DETECTED,HAZARD DETECTED (E-STOP ACTIVATED),0.3767,0.86 ms,1,E-STOP TRIGGERED (COIL 40001 = 1)
IMG-0726,571.jpg,photos/train/safe/571.jpg,HAZARD DETECTED,HAZARD DETECTED (E-STOP ACTIVATED),0.1477,0.79 ms,1,E-STOP TRIGGERED (COIL 40001 = 1)
IMG-0727,572.jpg,photos/train/safe/572.jpg,HAZARD DETECTED,HAZARD DETECTED (E-STOP ACTIVATED),0.4958,1.03 ms,1,E-STOP TRIGGERED (COIL 40001 = 1)
IMG-0728,573.jpg,photos/train/safe/573.jpg,HAZARD DETECTED,HAZARD DETECTED (E-STOP ACTIVATED),0.6599,0.97 ms,1,E-STOP TRIGGERED (COIL 40001 = 1)
IMG-0729,574.jpg,photos/train/safe/574.jpg,HAZARD DETECTED,HAZARD DETECTED (E-STOP ACTIVATED),0.0005,0.60 ms,1,E-STOP TRIGGERED (COIL 40001 = 1)
IMG-0730,575.jpg,photos/train/safe/575.jpg,HAZARD DETECTED,HAZARD DETECTED (E-STOP ACTIVATED),0.1062,0.70 ms,1,E-STOP TRIGGERED (COIL 40001 = 1)
IMG-0731,576.jpg,photos/train/safe/576.jpg,HAZARD DETECTED,HAZARD DETECTED (E-STOP ACTIVATED),0.2769,0.77 ms,1,E-STOP TRIGGERED (COIL 40001 = 1)
IMG-0732,577.jpg,photos/train/safe/577.jpg,HAZARD DETECTED,HAZARD DETECTED (E-STOP ACTIVATED),0.9470,0.90 ms,1,E-STOP TRIGGERED (COIL 40001 = 1)
IMG-0733,578.jpg,photos/train/safe/578.jpg,HAZARD DETECTED,HAZARD DETECTED (E-STOP ACTIVATED),0.4893,0.84 ms,1,E-STOP TRIGGERED (COIL 40001 = 1)
IMG-0734,579.jpg,photos/train/safe/579.jpg,HAZARD DETECTED,HAZARD DETECTED (E-STOP ACTIVATED),0.9739,0.86 ms,1,E-STOP TRIGGERED (COIL 40001 = 1)
IMG-0735,58.jpg,photos/train/safe/58.jpg,HAZARD DETECTED,HAZARD DETECTED (E-STOP ACTIVATED),0.3733,0.94 ms,1,E-STOP TRIGGERED (COIL 40001 = 1)
IMG-0736,580.jpg,photos/train/safe/580.jpg,HAZARD DETECTED,HAZARD DETECTED (E-STOP ACTIVATED),0.4890,0.60 ms,1,E-STOP TRIGGERED (COIL 40001 = 1)
IMG-0737,581.jpg,photos/train/safe/581.jpg,HAZARD DETECTED,HAZARD DETECTED (E-STOP ACTIVATED),0.5032,0.60 ms,1,E-STOP TRIGGERED (COIL 40001 = 1)
IMG-0738,582.jpg,photos/train/safe/582.jpg,HAZARD DETECTED,HAZARD DETECTED (E-STOP ACTIVATED),0.4971,0.85 ms,1,E-STOP TRIGGERED (COIL 40001 = 1)
IMG-0739,583.jpg,photos/train/safe/583.jpg,HAZARD DETECTED,HAZARD DETECTED (E-STOP ACTIVATED),0.4763,0.49 ms,1,E-STOP TRIGGERED (COIL 40001 = 1)
IMG-0740,584.jpg,photos/train/safe/584.jpg,HAZARD DETECTED,HAZARD DETECTED (E-STOP ACTIVATED),0.3940,0.95 ms,1,E-STOP TRIGGERED (COIL 40001 = 1)
IMG-0741,585.jpg,photos/train/safe/585.jpg,HAZARD DETECTED,HAZARD DETECTED (E-STOP ACTIVATED),0.5752,0.58 ms,1,E-STOP TRIGGERED (COIL 40001 = 1)
IMG-0742,586.jpg,photos/train/safe/586.jpg,HAZARD DETECTED,HAZARD DETECTED (E-STOP ACTIVATED),0.4404,0.84 ms,1,E-STOP TRIGGERED (COIL 40001 = 1)
IMG-0743,587.jpg,photos/train/safe/587.jpg,HAZARD DETECTED,HAZARD DETECTED (E-STOP ACTIVATED),0.8386,0.61 ms,1,E-STOP TRIGGERED (COIL 40001 = 1)
IMG-0744,588.jpg,photos/train/safe/588.jpg,HAZARD DETECTED,HAZARD DETECTED (E-STOP ACTIVATED),0.6064,0.81 ms,1,E-STOP TRIGGERED (COIL 40001 = 1)
IMG-0745,589.jpg,photos/train/safe/589.jpg,HAZARD DETECTED,HAZARD DETECTED (E-STOP ACTIVATED),0.7380,1.04 ms,1,E-STOP TRIGGERED (COIL 40001 = 1)
IMG-0746,59.jpg,photos/train/safe/59.jpg,HAZARD DETECTED,HAZARD DETECTED (E-STOP ACTIVATED),0.5776,0.60 ms,1,E-STOP TRIGGERED (COIL 40001 = 1)
IMG-0747,590.jpg,photos/train/safe/590.jpg,HAZARD DETECTED,HAZARD DETECTED (E-STOP ACTIVATED),0.7063,0.55 ms,1,E-STOP TRIGGERED (COIL 40001 = 1)
IMG-0748,591.jpg,photos/train/safe/591.jpg,HAZARD DETECTED,HAZARD DETECTED (E-STOP ACTIVATED),0.5613,0.55 ms,1,E-STOP TRIGGERED (COIL 40001 = 1)
IMG-0749,592.jpg,photos/train/safe/592.jpg,HAZARD DETECTED,HAZARD DETECTED (E-STOP ACTIVATED),0.3650,0.48 ms,1,E-STOP TRIGGERED (COIL 40001 = 1)
IMG-0750,593.jpg,photos/train/safe/593.jpg,HAZARD DETECTED,HAZARD DETECTED (E-STOP ACTIVATED),0.2544,0.56 ms,1,E-STOP TRIGGERED (COIL 40001 = 1)
IMG-0751,594.jpg,photos/train/safe/594.jpg,HAZARD DETECTED,HAZARD DETECTED (E-STOP ACTIVATED),0.6677,0.58 ms,1,E-STOP TRIGGERED (COIL 40001 = 1)
IMG-0752,595.jpg,photos/train/safe/595.jpg,HAZARD DETECTED,HAZARD DETECTED (E-STOP ACTIVATED),0.4812,0.67 ms,1,E-STOP TRIGGERED (COIL 40001 = 1)
IMG-0753,596.jpg,photos/train/safe/596.jpg,HAZARD DETECTED,HAZARD DETECTED (E-STOP ACTIVATED),0.6416,0.99 ms,1,E-STOP TRIGGERED (COIL 40001 = 1)
IMG-0754,597.jpg,photos/train/safe/597.jpg,HAZARD DETECTED,HAZARD DETECTED (E-STOP ACTIVATED),0.2622,0.69 ms,1,E-STOP TRIGGERED (COIL 40001 = 1)
IMG-0755,598.jpg,photos/train/safe/598.jpg,HAZARD DETECTED,HAZARD DETECTED (E-STOP ACTIVATED),0.3237,0.76 ms,1,E-STOP TRIGGERED (COIL 40001 = 1)
IMG-0756,599.jpg,photos/train/safe/599.jpg,HAZARD DETECTED,HAZARD DETECTED (E-STOP ACTIVATED),0.9358,0.81 ms,1,E-STOP TRIGGERED (COIL 40001 = 1)
IMG-0757,6.jpg,photos/train/safe/6.jpg,HAZARD DETECTED,HAZARD DETECTED (E-STOP ACTIVATED),0.7737,0.87 ms,1,E-STOP TRIGGERED (COIL 40001 = 1)
IMG-0758,60.jpg,photos/train/safe/60.jpg,HAZARD DETECTED,HAZARD DETECTED (E-STOP ACTIVATED),0.4326,0.56 ms,1,E-STOP TRIGGERED (COIL 40001 = 1)
IMG-0759,600.jpg,photos/train/safe/600.jpg,HAZARD DETECTED,HAZARD DETECTED (E-STOP ACTIVATED),0.1694,0.55 ms,1,E-STOP TRIGGERED (COIL 40001 = 1)
IMG-0760,601.jpg,photos/train/safe/601.jpg,HAZARD DETECTED,HAZARD DETECTED (E-STOP ACTIVATED),0.5718,0.57 ms,1,E-STOP TRIGGERED (COIL 40001 = 1)
IMG-0761,602.jpg,photos/train/safe/602.jpg,HAZARD DETECTED,HAZARD DETECTED (E-STOP ACTIVATED),0.4202,0.75 ms,1,E-STOP TRIGGERED (COIL 40001 = 1)
IMG-0762,603.jpg,photos/train/safe/603.jpg,HAZARD DETECTED,HAZARD DETECTED (E-STOP ACTIVATED),0.5049,0.55 ms,1,E-STOP TRIGGERED (COIL 40001 = 1)
IMG-0763,604.jpg,photos/train/safe/604.jpg,HAZARD DETECTED,HAZARD DETECTED (E-STOP ACTIVATED),0.4319,0.53 ms,1,E-STOP TRIGGERED (COIL 40001 = 1)
IMG-0764,605.jpg,photos/train/safe/605.jpg,HAZARD DETECTED,HAZARD DETECTED (E-STOP ACTIVATED),0.5408,0.75 ms,1,E-STOP TRIGGERED (COIL 40001 = 1)
IMG-0765,606.jpg,photos/train/safe/606.jpg,HAZARD DETECTED,HAZARD DETECTED (E-STOP ACTIVATED),0.4397,0.64 ms,1,E-STOP TRIGGERED (COIL 40001 = 1)
IMG-0766,607.jpg,photos/train/safe/607.jpg,HAZARD DETECTED,HAZARD DETECTED (E-STOP ACTIVATED),0.2976,0.52 ms,1,E-STOP TRIGGERED (COIL 40001 = 1)
IMG-0767,608.jpg,photos/train/safe/608.jpg,HAZARD DETECTED,HAZARD DETECTED (E-STOP ACTIVATED),0.2463,0.54 ms,1,E-STOP TRIGGERED (COIL 40001 = 1)
IMG-0768,609.jpg,photos/train/safe/609.jpg,HAZARD DETECTED,HAZARD DETECTED (E-STOP ACTIVATED),0.5715,0.57 ms,1,E-STOP TRIGGERED (COIL 40001 = 1)
IMG-0769,61.jpg,photos/train/safe/61.jpg,HAZARD DETECTED,HAZARD DETECTED (E-STOP ACTIVATED),0.1021,1.41 ms,1,E-STOP TRIGGERED (COIL 40001 = 1)
IMG-0770,610.jpg,photos/train/safe/610.jpg,HAZARD DETECTED,HAZARD DETECTED (E-STOP ACTIVATED),0.7568,0.59 ms,1,E-STOP TRIGGERED (COIL 40001 = 1)
IMG-0771,611.jpg,photos/train/safe/611.jpg,HAZARD DETECTED,HAZARD DETECTED (E-STOP ACTIVATED),0.2847,0.67 ms,1,E-STOP TRIGGERED (COIL 40001 = 1)
IMG-0772,612.jpg,photos/train/safe/612.jpg,HAZARD DETECTED,HAZARD DETECTED (E-STOP ACTIVATED),0.5945,0.71 ms,1,E-STOP TRIGGERED (COIL 40001 = 1)
IMG-0773,613.jpg,photos/train/safe/613.jpg,HAZARD DETECTED,HAZARD DETECTED (E-STOP ACTIVATED),0.8755,0.55 ms,1,E-STOP TRIGGERED (COIL 40001 = 1)
IMG-0774,614.jpg,photos/train/safe/614.jpg,HAZARD DETECTED,HAZARD DETECTED (E-STOP ACTIVATED),0.4670,0.48 ms,1,E-STOP TRIGGERED (COIL 40001 = 1)
IMG-0775,615.jpg,photos/train/safe/615.jpg,HAZARD DETECTED,HAZARD DETECTED (E-STOP ACTIVATED),0.8225,0.55 ms,1,E-STOP TRIGGERED (COIL 40001 = 1)
IMG-0776,616.jpg,photos/train/safe/616.jpg,HAZARD DETECTED,HAZARD DETECTED (E-STOP ACTIVATED),0.8704,0.75 ms,1,E-STOP TRIGGERED (COIL 40001 = 1)
IMG-0777,617.jpg,photos/train/safe/617.jpg,HAZARD DETECTED,HAZARD DETECTED (E-STOP ACTIVATED),0.7280,1.27 ms,1,E-STOP TRIGGERED (COIL 40001 = 1)
IMG-0778,618.jpg,photos/train/safe/618.jpg,HAZARD DETECTED,HAZARD DETECTED (E-STOP ACTIVATED),0.5061,0.62 ms,1,E-STOP TRIGGERED (COIL 40001 = 1)
IMG-0779,619.jpg,photos/train/safe/619.jpg,HAZARD DETECTED,HAZARD DETECTED (E-STOP ACTIVATED),0.0010,0.47 ms,1,E-STOP TRIGGERED (COIL 40001 = 1)
IMG-0780,62.jpg,photos/train/safe/62.jpg,HAZARD DETECTED,HAZARD DETECTED (E-STOP ACTIVATED),0.3811,0.90 ms,1,E-STOP TRIGGERED (COIL 40001 = 1)
IMG-0781,620.jpg,photos/train/safe/620.jpg,HAZARD DETECTED,HAZARD DETECTED (E-STOP ACTIVATED),0.3926,0.47 ms,1,E-STOP TRIGGERED (COIL 40001 = 1)
IMG-0782,621.jpg,photos/train/safe/621.jpg,HAZARD DETECTED,HAZARD DETECTED (E-STOP ACTIVATED),0.4502,0.88 ms,1,E-STOP TRIGGERED (COIL 40001 = 1)
IMG-0783,622.jpg,photos/train/safe/622.jpg,HAZARD DETECTED,HAZARD DETECTED (E-STOP ACTIVATED),0.0967,1.37 ms,1,E-STOP TRIGGERED (COIL 40001 = 1)
IMG-0784,623.jpg,photos/train/safe/623.jpg,HAZARD DETECTED,HAZARD DETECTED (E-STOP ACTIVATED),0.9788,0.52 ms,1,E-STOP TRIGGERED (COIL 40001 = 1)
IMG-0785,624.jpg,photos/train/safe/624.jpg,HAZARD DETECTED,HAZARD DETECTED (E-STOP ACTIVATED),0.5647,0.81 ms,1,E-STOP TRIGGERED (COIL 40001 = 1)
IMG-0786,625.jpg,photos/train/safe/625.jpg,HAZARD DETECTED,HAZARD DETECTED (E-STOP ACTIVATED),0.2012,1.00 ms,1,E-STOP TRIGGERED (COIL 40001 = 1)
IMG-0787,626.jpg,photos/train/safe/626.jpg,HAZARD DETECTED,HAZARD DETECTED (E-STOP ACTIVATED),0.4961,0.49 ms,1,E-STOP TRIGGERED (COIL 40001 = 1)
IMG-0788,627.jpg,photos/train/safe/627.jpg,HAZARD DETECTED,HAZARD DETECTED (E-STOP ACTIVATED),0.5696,0.61 ms,1,E-STOP TRIGGERED (COIL 40001 = 1)
IMG-0789,628.jpg,photos/train/safe/628.jpg,HAZARD DETECTED,HAZARD DETECTED (E-STOP ACTIVATED),0.8955,0.52 ms,1,E-STOP TRIGGERED (COIL 40001 = 1)
IMG-0790,629.jpg,photos/train/safe/629.jpg,HAZARD DETECTED,HAZARD DETECTED (E-STOP ACTIVATED),0.6184,0.95 ms,1,E-STOP TRIGGERED (COIL 40001 = 1)
IMG-0791,63.jpg,photos/train/safe/63.jpg,HAZARD DETECTED,HAZARD DETECTED (E-STOP ACTIVATED),0.1460,0.85 ms,1,E-STOP TRIGGERED (COIL 40001 = 1)
IMG-0792,630.jpg,photos/train/safe/630.jpg,HAZARD DETECTED,HAZARD DETECTED (E-STOP ACTIVATED),0.6067,0.51 ms,1,E-STOP TRIGGERED (COIL 40001 = 1)
IMG-0793,631.jpg,photos/train/safe/631.jpg,HAZARD DETECTED,HAZARD DETECTED (E-STOP ACTIVATED),0.8086,0.83 ms,1,E-STOP TRIGGERED (COIL 40001 = 1)
IMG-0794,632.jpg,photos/train/safe/632.jpg,HAZARD DETECTED,HAZARD DETECTED (E-STOP ACTIVATED),0.8225,0.62 ms,1,E-STOP TRIGGERED (COIL 40001 = 1)
IMG-0795,633.jpg,photos/train/safe/633.jpg,HAZARD DETECTED,HAZARD DETECTED (E-STOP ACTIVATED),0.1479,0.57 ms,1,E-STOP TRIGGERED (COIL 40001 = 1)
IMG-0796,634.jpg,photos/train/safe/634.jpg,HAZARD DETECTED,HAZARD DETECTED (E-STOP ACTIVATED),0.3889,0.61 ms,1,E-STOP TRIGGERED (COIL 40001 = 1)
IMG-0797,635.jpg,photos/train/safe/635.jpg,HAZARD DETECTED,HAZARD DETECTED (E-STOP ACTIVATED),0.2083,0.60 ms,1,E-STOP TRIGGERED (COIL 40001 = 1)
IMG-0798,636.jpg,photos/train/safe/636.jpg,HAZARD DETECTED,HAZARD DETECTED (E-STOP ACTIVATED),0.0662,0.47 ms,1,E-STOP TRIGGERED (COIL 40001 = 1)
IMG-0799,637.jpg,photos/train/safe/637.jpg,HAZARD DETECTED,HAZARD DETECTED (E-STOP ACTIVATED),0.3530,1.10 ms,1,E-STOP TRIGGERED (COIL 40001 = 1)
IMG-0800,638.jpg,photos/train/safe/638.jpg,HAZARD DETECTED,HAZARD DETECTED (E-STOP ACTIVATED),0.3706,0.62 ms,1,E-STOP TRIGGERED (COIL 40001 = 1)
IMG-0801,639.jpg,photos/train/safe/639.jpg,HAZARD DETECTED,HAZARD DETECTED (E-STOP ACTIVATED),0.6697,0.81 ms,1,E-STOP TRIGGERED (COIL 40001 = 1)
IMG-0802,64.jpg,photos/train/safe/64.jpg,HAZARD DETECTED,HAZARD DETECTED (E-STOP ACTIVATED),0.1150,0.58 ms,1,E-STOP TRIGGERED (COIL 40001 = 1)
IMG-0803,640.jpg,photos/train/safe/640.jpg,HAZARD DETECTED,HAZARD DETECTED (E-STOP ACTIVATED),0.0144,0.56 ms,1,E-STOP TRIGGERED (COIL 40001 = 1)
IMG-0804,641.jpg,photos/train/safe/641.jpg,HAZARD DETECTED,HAZARD DETECTED (E-STOP ACTIVATED),0.2971,1.03 ms,1,E-STOP TRIGGERED (COIL 40001 = 1)
IMG-0805,642.jpg,photos/train/safe/642.jpg,HAZARD DETECTED,HAZARD DETECTED (E-STOP ACTIVATED),0.3210,0.49 ms,1,E-STOP TRIGGERED (COIL 40001 = 1)
IMG-0806,643.jpg,photos/train/safe/643.jpg,HAZARD DETECTED,HAZARD DETECTED (E-STOP ACTIVATED),0.6863,1.04 ms,1,E-STOP TRIGGERED (COIL 40001 = 1)
IMG-0807,644.jpg,photos/train/safe/644.jpg,HAZARD DETECTED,HAZARD DETECTED (E-STOP ACTIVATED),0.0149,0.69 ms,1,E-STOP TRIGGERED (COIL 40001 = 1)
IMG-0808,645.jpg,photos/train/safe/645.jpg,HAZARD DETECTED,HAZARD DETECTED (E-STOP ACTIVATED),0.7336,0.59 ms,1,E-STOP TRIGGERED (COIL 40001 = 1)
IMG-0809,646.jpg,photos/train/safe/646.jpg,HAZARD DETECTED,HAZARD DETECTED (E-STOP ACTIVATED),0.3367,0.73 ms,1,E-STOP TRIGGERED (COIL 40001 = 1)
IMG-0810,647.jpg,photos/train/safe/647.jpg,HAZARD DETECTED,HAZARD DETECTED (E-STOP ACTIVATED),0.4893,0.86 ms,1,E-STOP TRIGGERED (COIL 40001 = 1)
IMG-0811,648.jpg,photos/train/safe/648.jpg,HAZARD DETECTED,HAZARD DETECTED (E-STOP ACTIVATED),0.4653,0.80 ms,1,E-STOP TRIGGERED (COIL 40001 = 1)
IMG-0812,649.jpg,photos/train/safe/649.jpg,HAZARD DETECTED,HAZARD DETECTED (E-STOP ACTIVATED),0.1768,0.80 ms,1,E-STOP TRIGGERED (COIL 40001 = 1)
IMG-0813,65.jpg,photos/train/safe/65.jpg,HAZARD DETECTED,HAZARD DETECTED (E-STOP ACTIVATED),0.5513,0.66 ms,1,E-STOP TRIGGERED (COIL 40001 = 1)
IMG-0814,650.jpg,photos/train/safe/650.jpg,HAZARD DETECTED,HAZARD DETECTED (E-STOP ACTIVATED),0.8865,0.87 ms,1,E-STOP TRIGGERED (COIL 40001 = 1)
IMG-0815,651.jpg,photos/train/safe/651.jpg,HAZARD DETECTED,HAZARD DETECTED (E-STOP ACTIVATED),0.2100,0.69 ms,1,E-STOP TRIGGERED (COIL 40001 = 1)
IMG-0816,652.jpg,photos/train/safe/652.jpg,HAZARD DETECTED,HAZARD DETECTED (E-STOP ACTIVATED),0.2600,0.67 ms,1,E-STOP TRIGGERED (COIL 40001 = 1)
IMG-0817,653.jpg,photos/train/safe/653.jpg,HAZARD DETECTED,HAZARD DETECTED (E-STOP ACTIVATED),0.3430,0.64 ms,1,E-STOP TRIGGERED (COIL 40001 = 1)
IMG-0818,654.jpg,photos/train/safe/654.jpg,HAZARD DETECTED,HAZARD DETECTED (E-STOP ACTIVATED),0.9529,0.58 ms,1,E-STOP TRIGGERED (COIL 40001 = 1)
IMG-0819,655.jpg,photos/train/safe/655.jpg,HAZARD DETECTED,HAZARD DETECTED (E-STOP ACTIVATED),0.0618,0.73 ms,1,E-STOP TRIGGERED (COIL 40001 = 1)
IMG-0820,656.jpg,photos/train/safe/656.jpg,HAZARD DETECTED,HAZARD DETECTED (E-STOP ACTIVATED),0.0374,0.66 ms,1,E-STOP TRIGGERED (COIL 40001 = 1)
IMG-0821,657.jpg,photos/train/safe/657.jpg,HAZARD DETECTED,HAZARD DETECTED (E-STOP ACTIVATED),0.3367,0.89 ms,1,E-STOP TRIGGERED (COIL 40001 = 1)
IMG-0822,658.jpg,photos/train/safe/658.jpg,HAZARD DETECTED,HAZARD DETECTED (E-STOP ACTIVATED),0.1804,0.49 ms,1,E-STOP TRIGGERED (COIL 40001 = 1)
IMG-0823,659.jpg,photos/train/safe/659.jpg,HAZARD DETECTED,HAZARD DETECTED (E-STOP ACTIVATED),0.1650,0.68 ms,1,E-STOP TRIGGERED (COIL 40001 = 1)
IMG-0824,66.jpg,photos/train/safe/66.jpg,HAZARD DETECTED,HAZARD DETECTED (E-STOP ACTIVATED),0.8223,0.58 ms,1,E-STOP TRIGGERED (COIL 40001 = 1)
IMG-0825,660.jpg,photos/train/safe/660.jpg,HAZARD DETECTED,HAZARD DETECTED (E-STOP ACTIVATED),0.6360,1.98 ms,1,E-STOP TRIGGERED (COIL 40001 = 1)
IMG-0826,661.jpg,photos/train/safe/661.jpg,HAZARD DETECTED,HAZARD DETECTED (E-STOP ACTIVATED),0.3940,0.62 ms,1,E-STOP TRIGGERED (COIL 40001 = 1)
IMG-0827,662.jpg,photos/train/safe/662.jpg,HAZARD DETECTED,HAZARD DETECTED (E-STOP ACTIVATED),0.1562,0.72 ms,1,E-STOP TRIGGERED (COIL 40001 = 1)
IMG-0828,663.jpg,photos/train/safe/663.jpg,HAZARD DETECTED,HAZARD DETECTED (E-STOP ACTIVATED),0.5093,0.60 ms,1,E-STOP TRIGGERED (COIL 40001 = 1)
IMG-0829,664.jpg,photos/train/safe/664.jpg,HAZARD DETECTED,HAZARD DETECTED (E-STOP ACTIVATED),0.4988,0.60 ms,1,E-STOP TRIGGERED (COIL 40001 = 1)
IMG-0830,665.jpg,photos/train/safe/665.jpg,HAZARD DETECTED,HAZARD DETECTED (E-STOP ACTIVATED),0.6060,0.61 ms,1,E-STOP TRIGGERED (COIL 40001 = 1)
IMG-0831,666.jpg,photos/train/safe/666.jpg,HAZARD DETECTED,HAZARD DETECTED (E-STOP ACTIVATED),0.4897,0.80 ms,1,E-STOP TRIGGERED (COIL 40001 = 1)
IMG-0832,667.jpg,photos/train/safe/667.jpg,HAZARD DETECTED,HAZARD DETECTED (E-STOP ACTIVATED),0.6648,0.50 ms,1,E-STOP TRIGGERED (COIL 40001 = 1)
IMG-0833,668.jpg,photos/train/safe/668.jpg,HAZARD DETECTED,HAZARD DETECTED (E-STOP ACTIVATED),0.2744,0.85 ms,1,E-STOP TRIGGERED (COIL 40001 = 1)
IMG-0834,669.jpg,photos/train/safe/669.jpg,HAZARD DETECTED,HAZARD DETECTED (E-STOP ACTIVATED),0.5049,0.74 ms,1,E-STOP TRIGGERED (COIL 40001 = 1)
IMG-0835,67.jpg,photos/train/safe/67.jpg,HAZARD DETECTED,HAZARD DETECTED (E-STOP ACTIVATED),0.1028,0.56 ms,1,E-STOP TRIGGERED (COIL 40001 = 1)
IMG-0836,670.jpg,photos/train/safe/670.jpg,HAZARD DETECTED,HAZARD DETECTED (E-STOP ACTIVATED),0.3584,0.78 ms,1,E-STOP TRIGGERED (COIL 40001 = 1)
IMG-0837,671.jpg,photos/train/safe/671.jpg,HAZARD DETECTED,HAZARD DETECTED (E-STOP ACTIVATED),0.1997,0.79 ms,1,E-STOP TRIGGERED (COIL 40001 = 1)
IMG-0838,672.jpg,photos/train/safe/672.jpg,HAZARD DETECTED,HAZARD DETECTED (E-STOP ACTIVATED),0.3564,0.84 ms,1,E-STOP TRIGGERED (COIL 40001 = 1)
IMG-0839,673.jpg,photos/train/safe/673.jpg,HAZARD DETECTED,HAZARD DETECTED (E-STOP ACTIVATED),0.2173,0.66 ms,1,E-STOP TRIGGERED (COIL 40001 = 1)
IMG-0840,674.jpg,photos/train/safe/674.jpg,HAZARD DETECTED,HAZARD DETECTED (E-STOP ACTIVATED),0.5015,0.85 ms,1,E-STOP TRIGGERED (COIL 40001 = 1)
IMG-0841,675.jpg,photos/train/safe/675.jpg,HAZARD DETECTED,HAZARD DETECTED (E-STOP ACTIVATED),0.5095,0.59 ms,1,E-STOP TRIGGERED (COIL 40001 = 1)
IMG-0842,676.jpg,photos/train/safe/676.jpg,HAZARD DETECTED,HAZARD DETECTED (E-STOP ACTIVATED),0.7344,0.49 ms,1,E-STOP TRIGGERED (COIL 40001 = 1)
IMG-0843,677.jpg,photos/train/safe/677.jpg,HAZARD DETECTED,HAZARD DETECTED (E-STOP ACTIVATED),0.4829,0.65 ms,1,E-STOP TRIGGERED (COIL 40001 = 1)
IMG-0844,678.jpg,photos/train/safe/678.jpg,HAZARD DETECTED,HAZARD DETECTED (E-STOP ACTIVATED),0.2097,0.80 ms,1,E-STOP TRIGGERED (COIL 40001 = 1)
IMG-0845,679.jpg,photos/train/safe/679.jpg,HAZARD DETECTED,HAZARD DETECTED (E-STOP ACTIVATED),0.4978,0.51 ms,1,E-STOP TRIGGERED (COIL 40001 = 1)
IMG-0846,68.jpg,photos/train/safe/68.jpg,HAZARD DETECTED,HAZARD DETECTED (E-STOP ACTIVATED),0.5186,0.60 ms,1,E-STOP TRIGGERED (COIL 40001 = 1)
IMG-0847,680.jpg,photos/train/safe/680.jpg,HAZARD DETECTED,HAZARD DETECTED (E-STOP ACTIVATED),0.2263,0.69 ms,1,E-STOP TRIGGERED (COIL 40001 = 1)
IMG-0848,681.jpg,photos/train/safe/681.jpg,HAZARD DETECTED,HAZARD DETECTED (E-STOP ACTIVATED),0.1536,0.61 ms,1,E-STOP TRIGGERED (COIL 40001 = 1)
IMG-0849,682.jpg,photos/train/safe/682.jpg,HAZARD DETECTED,HAZARD DETECTED (E-STOP ACTIVATED),0.6770,0.66 ms,1,E-STOP TRIGGERED (COIL 40001 = 1)
IMG-0850,683.jpg,photos/train/safe/683.jpg,HAZARD DETECTED,HAZARD DETECTED (E-STOP ACTIVATED),0.7771,0.56 ms,1,E-STOP TRIGGERED (COIL 40001 = 1)
IMG-0851,684.jpg,photos/train/safe/684.jpg,HAZARD DETECTED,HAZARD DETECTED (E-STOP ACTIVATED),0.2231,0.64 ms,1,E-STOP TRIGGERED (COIL 40001 = 1)
IMG-0852,685.jpg,photos/train/safe/685.jpg,HAZARD DETECTED,HAZARD DETECTED (E-STOP ACTIVATED),0.1050,0.99 ms,1,E-STOP TRIGGERED (COIL 40001 = 1)
IMG-0853,686.jpg,photos/train/safe/686.jpg,HAZARD DETECTED,HAZARD DETECTED (E-STOP ACTIVATED),0.0789,0.54 ms,1,E-STOP TRIGGERED (COIL 40001 = 1)
IMG-0854,687.jpg,photos/train/safe/687.jpg,HAZARD DETECTED,HAZARD DETECTED (E-STOP ACTIVATED),1.0000,0.55 ms,1,E-STOP TRIGGERED (COIL 40001 = 1)
IMG-0855,688.jpg,photos/train/safe/688.jpg,HAZARD DETECTED,HAZARD DETECTED (E-STOP ACTIVATED),0.2217,0.56 ms,1,E-STOP TRIGGERED (COIL 40001 = 1)
IMG-0856,689.jpg,photos/train/safe/689.jpg,HAZARD DETECTED,HAZARD DETECTED (E-STOP ACTIVATED),0.2710,0.54 ms,1,E-STOP TRIGGERED (COIL 40001 = 1)
IMG-0857,69.jpg,photos/train/safe/69.jpg,HAZARD DETECTED,HAZARD DETECTED (E-STOP ACTIVATED),0.7185,0.57 ms,1,E-STOP TRIGGERED (COIL 40001 = 1)
IMG-0858,690.jpg,photos/train/safe/690.jpg,HAZARD DETECTED,HAZARD DETECTED (E-STOP ACTIVATED),0.3091,0.54 ms,1,E-STOP TRIGGERED (COIL 40001 = 1)
IMG-0859,691.jpg,photos/train/safe/691.jpg,HAZARD DETECTED,HAZARD DETECTED (E-STOP ACTIVATED),0.5642,0.62 ms,1,E-STOP TRIGGERED (COIL 40001 = 1)
IMG-0860,692.jpg,photos/train/safe/692.jpg,HAZARD DETECTED,HAZARD DETECTED (E-STOP ACTIVATED),0.5271,0.60 ms,1,E-STOP TRIGGERED (COIL 40001 = 1)
IMG-0861,693.jpg,photos/train/safe/693.jpg,HAZARD DETECTED,HAZARD DETECTED (E-STOP ACTIVATED),0.2966,0.93 ms,1,E-STOP TRIGGERED (COIL 40001 = 1)
IMG-0862,694.jpg,photos/train/safe/694.jpg,HAZARD DETECTED,HAZARD DETECTED (E-STOP ACTIVATED),0.2346,0.73 ms,1,E-STOP TRIGGERED (COIL 40001 = 1)
IMG-0863,695.jpg,photos/train/safe/695.jpg,HAZARD DETECTED,HAZARD DETECTED (E-STOP ACTIVATED),0.9746,0.59 ms,1,E-STOP TRIGGERED (COIL 40001 = 1)
IMG-0864,696.jpg,photos/train/safe/696.jpg,HAZARD DETECTED,HAZARD DETECTED (E-STOP ACTIVATED),0.5149,0.68 ms,1,E-STOP TRIGGERED (COIL 40001 = 1)
IMG-0865,697.jpg,photos/train/safe/697.jpg,HAZARD DETECTED,HAZARD DETECTED (E-STOP ACTIVATED),0.7910,0.55 ms,1,E-STOP TRIGGERED (COIL 40001 = 1)
IMG-0866,698.jpg,photos/train/safe/698.jpg,HAZARD DETECTED,HAZARD DETECTED (E-STOP ACTIVATED),0.2100,0.49 ms,1,E-STOP TRIGGERED (COIL 40001 = 1)
IMG-0867,699.jpg,photos/train/safe/699.jpg,HAZARD DETECTED,HAZARD DETECTED (E-STOP ACTIVATED),0.0618,0.53 ms,1,E-STOP TRIGGERED (COIL 40001 = 1)
IMG-0868,7.jpg,photos/train/safe/7.jpg,HAZARD DETECTED,HAZARD DETECTED (E-STOP ACTIVATED),0.3340,0.55 ms,1,E-STOP TRIGGERED (COIL 40001 = 1)
IMG-0869,70.jpg,photos/train/safe/70.jpg,HAZARD DETECTED,HAZARD DETECTED (E-STOP ACTIVATED),0.4175,0.99 ms,1,E-STOP TRIGGERED (COIL 40001 = 1)
IMG-0870,700.jpg,photos/train/safe/700.jpg,HAZARD DETECTED,HAZARD DETECTED (E-STOP ACTIVATED),0.8926,0.90 ms,1,E-STOP TRIGGERED (COIL 40001 = 1)
IMG-0871,701.jpg,photos/train/safe/701.jpg,HAZARD DETECTED,HAZARD DETECTED (E-STOP ACTIVATED),1.0000,1.23 ms,1,E-STOP TRIGGERED (COIL 40001 = 1)
IMG-0872,702.jpg,photos/train/safe/702.jpg,HAZARD DETECTED,HAZARD DETECTED (E-STOP ACTIVATED),0.1418,0.72 ms,1,E-STOP TRIGGERED (COIL 40001 = 1)
IMG-0873,703.jpg,photos/train/safe/703.jpg,HAZARD DETECTED,HAZARD DETECTED (E-STOP ACTIVATED),0.4058,0.47 ms,1,E-STOP TRIGGERED (COIL 40001 = 1)
IMG-0874,704.jpg,photos/train/safe/704.jpg,HAZARD DETECTED,HAZARD DETECTED (E-STOP ACTIVATED),0.6223,0.65 ms,1,E-STOP TRIGGERED (COIL 40001 = 1)
IMG-0875,705.jpg,photos/train/safe/705.jpg,HAZARD DETECTED,HAZARD DETECTED (E-STOP ACTIVATED),0.1836,0.54 ms,1,E-STOP TRIGGERED (COIL 40001 = 1)
IMG-0876,706.jpg,photos/train/safe/706.jpg,HAZARD DETECTED,HAZARD DETECTED (E-STOP ACTIVATED),0.1692,0.60 ms,1,E-STOP TRIGGERED (COIL 40001 = 1)
IMG-0877,707.jpg,photos/train/safe/707.jpg,HAZARD DETECTED,HAZARD DETECTED (E-STOP ACTIVATED),0.4705,1.19 ms,1,E-STOP TRIGGERED (COIL 40001 = 1)
IMG-0878,708.jpg,photos/train/safe/708.jpg,HAZARD DETECTED,HAZARD DETECTED (E-STOP ACTIVATED),0.1265,0.92 ms,1,E-STOP TRIGGERED (COIL 40001 = 1)
IMG-0879,709.jpg,photos/train/safe/709.jpg,HAZARD DETECTED,HAZARD DETECTED (E-STOP ACTIVATED),0.9685,0.54 ms,1,E-STOP TRIGGERED (COIL 40001 = 1)
IMG-0880,71.jpg,photos/train/safe/71.jpg,HAZARD DETECTED,HAZARD DETECTED (E-STOP ACTIVATED),0.4922,0.55 ms,1,E-STOP TRIGGERED (COIL 40001 = 1)
IMG-0881,710.jpg,photos/train/safe/710.jpg,HAZARD DETECTED,HAZARD DETECTED (E-STOP ACTIVATED),0.3694,0.47 ms,1,E-STOP TRIGGERED (COIL 40001 = 1)
IMG-0882,711.jpg,photos/train/safe/711.jpg,HAZARD DETECTED,HAZARD DETECTED (E-STOP ACTIVATED),0.4209,0.56 ms,1,E-STOP TRIGGERED (COIL 40001 = 1)
IMG-0883,712.jpg,photos/train/safe/712.jpg,HAZARD DETECTED,HAZARD DETECTED (E-STOP ACTIVATED),0.9214,0.57 ms,1,E-STOP TRIGGERED (COIL 40001 = 1)
IMG-0884,713.jpg,photos/train/safe/713.jpg,HAZARD DETECTED,HAZARD DETECTED (E-STOP ACTIVATED),0.8086,0.55 ms,1,E-STOP TRIGGERED (COIL 40001 = 1)
IMG-0885,714.jpg,photos/train/safe/714.jpg,HAZARD DETECTED,HAZARD DETECTED (E-STOP ACTIVATED),0.5649,0.48 ms,1,E-STOP TRIGGERED (COIL 40001 = 1)
IMG-0886,715.jpg,photos/train/safe/715.jpg,HAZARD DETECTED,HAZARD DETECTED (E-STOP ACTIVATED),0.1577,0.92 ms,1,E-STOP TRIGGERED (COIL 40001 = 1)
IMG-0887,716.jpg,photos/train/safe/716.jpg,HAZARD DETECTED,HAZARD DETECTED (E-STOP ACTIVATED),0.2627,0.70 ms,1,E-STOP TRIGGERED (COIL 40001 = 1)
IMG-0888,717.jpg,photos/train/safe/717.jpg,HAZARD DETECTED,HAZARD DETECTED (E-STOP ACTIVATED),0.5100,1.26 ms,1,E-STOP TRIGGERED (COIL 40001 = 1)
IMG-0889,718.jpg,photos/train/safe/718.jpg,HAZARD DETECTED,HAZARD DETECTED (E-STOP ACTIVATED),0.3848,0.57 ms,1,E-STOP TRIGGERED (COIL 40001 = 1)
IMG-0890,719.jpg,photos/train/safe/719.jpg,HAZARD DETECTED,HAZARD DETECTED (E-STOP ACTIVATED),0.3921,0.67 ms,1,E-STOP TRIGGERED (COIL 40001 = 1)
IMG-0891,72.jpg,photos/train/safe/72.jpg,HAZARD DETECTED,HAZARD DETECTED (E-STOP ACTIVATED),0.0969,0.47 ms,1,E-STOP TRIGGERED (COIL 40001 = 1)
IMG-0892,720.jpg,photos/train/safe/720.jpg,HAZARD DETECTED,HAZARD DETECTED (E-STOP ACTIVATED),0.4539,0.53 ms,1,E-STOP TRIGGERED (COIL 40001 = 1)
IMG-0893,721.jpg,photos/train/safe/721.jpg,HAZARD DETECTED,HAZARD DETECTED (E-STOP ACTIVATED),0.1768,0.53 ms,1,E-STOP TRIGGERED (COIL 40001 = 1)
IMG-0894,722.jpg,photos/train/safe/722.jpg,HAZARD DETECTED,HAZARD DETECTED (E-STOP ACTIVATED),0.4058,0.56 ms,1,E-STOP TRIGGERED (COIL 40001 = 1)
IMG-0895,723.jpg,photos/train/safe/723.jpg,HAZARD DETECTED,HAZARD DETECTED (E-STOP ACTIVATED),0.3438,0.58 ms,1,E-STOP TRIGGERED (COIL 40001 = 1)
IMG-0896,724.jpg,photos/train/safe/724.jpg,HAZARD DETECTED,HAZARD DETECTED (E-STOP ACTIVATED),0.3704,0.57 ms,1,E-STOP TRIGGERED (COIL 40001 = 1)
IMG-0897,725.jpg,photos/train/safe/725.jpg,HAZARD DETECTED,HAZARD DETECTED (E-STOP ACTIVATED),0.3813,0.55 ms,1,E-STOP TRIGGERED (COIL 40001 = 1)
IMG-0898,726.jpg,photos/train/safe/726.jpg,HAZARD DETECTED,HAZARD DETECTED (E-STOP ACTIVATED),0.0955,0.53 ms,1,E-STOP TRIGGERED (COIL 40001 = 1)
IMG-0899,727.jpg,photos/train/safe/727.jpg,HAZARD DETECTED,HAZARD DETECTED (E-STOP ACTIVATED),0.2852,0.65 ms,1,E-STOP TRIGGERED (COIL 40001 = 1)
IMG-0900,728.jpg,photos/train/safe/728.jpg,HAZARD DETECTED,HAZARD DETECTED (E-STOP ACTIVATED),0.0898,0.54 ms,1,E-STOP TRIGGERED (COIL 40001 = 1)
IMG-0901,729.jpg,photos/train/safe/729.jpg,HAZARD DETECTED,HAZARD DETECTED (E-STOP ACTIVATED),0.1848,0.55 ms,1,E-STOP TRIGGERED (COIL 40001 = 1)
IMG-0902,73.jpg,photos/train/safe/73.jpg,HAZARD DETECTED,HAZARD DETECTED (E-STOP ACTIVATED),0.8528,0.55 ms,1,E-STOP TRIGGERED (COIL 40001 = 1)
IMG-0903,730.jpg,photos/train/safe/730.jpg,HAZARD DETECTED,HAZARD DETECTED (E-STOP ACTIVATED),0.6099,0.56 ms,1,E-STOP TRIGGERED (COIL 40001 = 1)
IMG-0904,731.jpg,photos/train/safe/731.jpg,HAZARD DETECTED,HAZARD DETECTED (E-STOP ACTIVATED),0.8157,0.57 ms,1,E-STOP TRIGGERED (COIL 40001 = 1)
IMG-0905,732.jpg,photos/train/safe/732.jpg,HAZARD DETECTED,HAZARD DETECTED (E-STOP ACTIVATED),0.2532,0.67 ms,1,E-STOP TRIGGERED (COIL 40001 = 1)
IMG-0906,733.jpg,photos/train/safe/733.jpg,HAZARD DETECTED,HAZARD DETECTED (E-STOP ACTIVATED),0.3862,0.56 ms,1,E-STOP TRIGGERED (COIL 40001 = 1)
IMG-0907,734.jpg,photos/train/safe/734.jpg,HAZARD DETECTED,HAZARD DETECTED (E-STOP ACTIVATED),0.3367,0.55 ms,1,E-STOP TRIGGERED (COIL 40001 = 1)
IMG-0908,735.jpg,photos/train/safe/735.jpg,HAZARD DETECTED,HAZARD DETECTED (E-STOP ACTIVATED),0.4199,0.79 ms,1,E-STOP TRIGGERED (COIL 40001 = 1)
IMG-0909,736.jpg,photos/train/safe/736.jpg,HAZARD DETECTED,HAZARD DETECTED (E-STOP ACTIVATED),0.6182,0.58 ms,1,E-STOP TRIGGERED (COIL 40001 = 1)
IMG-0910,737.jpg,photos/train/safe/737.jpg,HAZARD DETECTED,HAZARD DETECTED (E-STOP ACTIVATED),0.0022,0.90 ms,1,E-STOP TRIGGERED (COIL 40001 = 1)
IMG-0911,738.jpg,photos/train/safe/738.jpg,HAZARD DETECTED,HAZARD DETECTED (E-STOP ACTIVATED),0.4270,0.60 ms,1,E-STOP TRIGGERED (COIL 40001 = 1)
IMG-0912,739.jpg,photos/train/safe/739.jpg,HAZARD DETECTED,HAZARD DETECTED (E-STOP ACTIVATED),0.2463,0.70 ms,1,E-STOP TRIGGERED (COIL 40001 = 1)
IMG-0913,74.jpg,photos/train/safe/74.jpg,HAZARD DETECTED,HAZARD DETECTED (E-STOP ACTIVATED),0.0405,0.92 ms,1,E-STOP TRIGGERED (COIL 40001 = 1)
IMG-0914,740.jpg,photos/train/safe/740.jpg,HAZARD DETECTED,HAZARD DETECTED (E-STOP ACTIVATED),0.5586,0.59 ms,1,E-STOP TRIGGERED (COIL 40001 = 1)
IMG-0915,741.jpg,photos/train/safe/741.jpg,HAZARD DETECTED,HAZARD DETECTED (E-STOP ACTIVATED),0.4846,0.58 ms,1,E-STOP TRIGGERED (COIL 40001 = 1)
IMG-0916,742.jpg,photos/train/safe/742.jpg,HAZARD DETECTED,HAZARD DETECTED (E-STOP ACTIVATED),0.3235,0.82 ms,1,E-STOP TRIGGERED (COIL 40001 = 1)
IMG-0917,743.jpg,photos/train/safe/743.jpg,HAZARD DETECTED,HAZARD DETECTED (E-STOP ACTIVATED),0.0310,0.53 ms,1,E-STOP TRIGGERED (COIL 40001 = 1)
IMG-0918,744.jpg,photos/train/safe/744.jpg,HAZARD DETECTED,HAZARD DETECTED (E-STOP ACTIVATED),0.2078,0.78 ms,1,E-STOP TRIGGERED (COIL 40001 = 1)
IMG-0919,745.jpg,photos/train/safe/745.jpg,HAZARD DETECTED,HAZARD DETECTED (E-STOP ACTIVATED),0.2544,0.62 ms,1,E-STOP TRIGGERED (COIL 40001 = 1)
IMG-0920,746.jpg,photos/train/safe/746.jpg,HAZARD DETECTED,HAZARD DETECTED (E-STOP ACTIVATED),0.2993,0.77 ms,1,E-STOP TRIGGERED (COIL 40001 = 1)
IMG-0921,747.jpg,photos/train/safe/747.jpg,HAZARD DETECTED,HAZARD DETECTED (E-STOP ACTIVATED),0.2358,0.93 ms,1,E-STOP TRIGGERED (COIL 40001 = 1)
IMG-0922,748.jpg,photos/train/safe/748.jpg,HAZARD DETECTED,HAZARD DETECTED (E-STOP ACTIVATED),0.3918,0.81 ms,1,E-STOP TRIGGERED (COIL 40001 = 1)
IMG-0923,749.jpg,photos/train/safe/749.jpg,HAZARD DETECTED,HAZARD DETECTED (E-STOP ACTIVATED),0.8208,0.94 ms,1,E-STOP TRIGGERED (COIL 40001 = 1)
IMG-0924,75.jpg,photos/train/safe/75.jpg,HAZARD DETECTED,HAZARD DETECTED (E-STOP ACTIVATED),0.4351,0.62 ms,1,E-STOP TRIGGERED (COIL 40001 = 1)
IMG-0925,750.jpg,photos/train/safe/750.jpg,HAZARD DETECTED,HAZARD DETECTED (E-STOP ACTIVATED),0.1829,0.74 ms,1,E-STOP TRIGGERED (COIL 40001 = 1)
IMG-0926,751.jpg,photos/train/safe/751.jpg,HAZARD DETECTED,HAZARD DETECTED (E-STOP ACTIVATED),0.5732,0.85 ms,1,E-STOP TRIGGERED (COIL 40001 = 1)
IMG-0927,752.jpg,photos/train/safe/752.jpg,HAZARD DETECTED,HAZARD DETECTED (E-STOP ACTIVATED),0.4312,1.09 ms,1,E-STOP TRIGGERED (COIL 40001 = 1)
IMG-0928,753.jpg,photos/train/safe/753.jpg,HAZARD DETECTED,HAZARD DETECTED (E-STOP ACTIVATED),0.9993,0.66 ms,1,E-STOP TRIGGERED (COIL 40001 = 1)
IMG-0929,754.jpg,photos/train/safe/754.jpg,HAZARD DETECTED,HAZARD DETECTED (E-STOP ACTIVATED),0.2886,0.58 ms,1,E-STOP TRIGGERED (COIL 40001 = 1)
IMG-0930,755.jpg,photos/train/safe/755.jpg,HAZARD DETECTED,HAZARD DETECTED (E-STOP ACTIVATED),0.2029,0.64 ms,1,E-STOP TRIGGERED (COIL 40001 = 1)
IMG-0931,756.jpg,photos/train/safe/756.jpg,HAZARD DETECTED,HAZARD DETECTED (E-STOP ACTIVATED),0.2151,0.67 ms,1,E-STOP TRIGGERED (COIL 40001 = 1)
IMG-0932,757.jpg,photos/train/safe/757.jpg,HAZARD DETECTED,HAZARD DETECTED (E-STOP ACTIVATED),0.3740,0.96 ms,1,E-STOP TRIGGERED (COIL 40001 = 1)
IMG-0933,758.jpg,photos/train/safe/758.jpg,HAZARD DETECTED,HAZARD DETECTED (E-STOP ACTIVATED),0.1956,0.69 ms,1,E-STOP TRIGGERED (COIL 40001 = 1)
IMG-0934,759.jpg,photos/train/safe/759.jpg,HAZARD DETECTED,HAZARD DETECTED (E-STOP ACTIVATED),0.0142,0.83 ms,1,E-STOP TRIGGERED (COIL 40001 = 1)
IMG-0935,76.jpg,photos/train/safe/76.jpg,HAZARD DETECTED,HAZARD DETECTED (E-STOP ACTIVATED),0.2434,0.78 ms,1,E-STOP TRIGGERED (COIL 40001 = 1)
IMG-0936,760.jpg,photos/train/safe/760.jpg,HAZARD DETECTED,HAZARD DETECTED (E-STOP ACTIVATED),0.7805,0.87 ms,1,E-STOP TRIGGERED (COIL 40001 = 1)
IMG-0937,761.jpg,photos/train/safe/761.jpg,HAZARD DETECTED,HAZARD DETECTED (E-STOP ACTIVATED),0.1775,0.47 ms,1,E-STOP TRIGGERED (COIL 40001 = 1)
IMG-0938,762.jpg,photos/train/safe/762.jpg,HAZARD DETECTED,HAZARD DETECTED (E-STOP ACTIVATED),0.7102,1.71 ms,1,E-STOP TRIGGERED (COIL 40001 = 1)
IMG-0939,763.jpg,photos/train/safe/763.jpg,HAZARD DETECTED,HAZARD DETECTED (E-STOP ACTIVATED),0.3274,1.13 ms,1,E-STOP TRIGGERED (COIL 40001 = 1)
IMG-0940,764.jpg,photos/train/safe/764.jpg,HAZARD DETECTED,HAZARD DETECTED (E-STOP ACTIVATED),0.0344,0.56 ms,1,E-STOP TRIGGERED (COIL 40001 = 1)
IMG-0941,765.jpg,photos/train/safe/765.jpg,HAZARD DETECTED,HAZARD DETECTED (E-STOP ACTIVATED),0.3167,0.50 ms,1,E-STOP TRIGGERED (COIL 40001 = 1)
IMG-0942,766.jpg,photos/train/safe/766.jpg,HAZARD DETECTED,HAZARD DETECTED (E-STOP ACTIVATED),0.2566,0.47 ms,1,E-STOP TRIGGERED (COIL 40001 = 1)
IMG-0943,767.jpg,photos/train/safe/767.jpg,HAZARD DETECTED,HAZARD DETECTED (E-STOP ACTIVATED),0.3699,0.77 ms,1,E-STOP TRIGGERED (COIL 40001 = 1)
IMG-0944,768.jpg,photos/train/safe/768.jpg,HAZARD DETECTED,HAZARD DETECTED (E-STOP ACTIVATED),0.5220,0.83 ms,1,E-STOP TRIGGERED (COIL 40001 = 1)
IMG-0945,769.jpg,photos/train/safe/769.jpg,HAZARD DETECTED,HAZARD DETECTED (E-STOP ACTIVATED),0.3491,1.03 ms,1,E-STOP TRIGGERED (COIL 40001 = 1)
IMG-0946,77.jpg,photos/train/safe/77.jpg,HAZARD DETECTED,HAZARD DETECTED (E-STOP ACTIVATED),0.4712,1.28 ms,1,E-STOP TRIGGERED (COIL 40001 = 1)
IMG-0947,770.jpg,photos/train/safe/770.jpg,HAZARD DETECTED,HAZARD DETECTED (E-STOP ACTIVATED),0.7917,0.84 ms,1,E-STOP TRIGGERED (COIL 40001 = 1)
IMG-0948,771.jpg,photos/train/safe/771.jpg,HAZARD DETECTED,HAZARD DETECTED (E-STOP ACTIVATED),0.5073,0.61 ms,1,E-STOP TRIGGERED (COIL 40001 = 1)
IMG-0949,772.jpg,photos/train/safe/772.jpg,HAZARD DETECTED,HAZARD DETECTED (E-STOP ACTIVATED),0.5249,0.60 ms,1,E-STOP TRIGGERED (COIL 40001 = 1)
IMG-0950,773.jpg,photos/train/safe/773.jpg,HAZARD DETECTED,HAZARD DETECTED (E-STOP ACTIVATED),0.4817,1.02 ms,1,E-STOP TRIGGERED (COIL 40001 = 1)
IMG-0951,774.jpg,photos/train/safe/774.jpg,HAZARD DETECTED,HAZARD DETECTED (E-STOP ACTIVATED),0.3696,0.51 ms,1,E-STOP TRIGGERED (COIL 40001 = 1)
IMG-0952,775.jpg,photos/train/safe/775.jpg,HAZARD DETECTED,HAZARD DETECTED (E-STOP ACTIVATED),0.0020,0.72 ms,1,E-STOP TRIGGERED (COIL 40001 = 1)
IMG-0953,776.jpg,photos/train/safe/776.jpg,HAZARD DETECTED,HAZARD DETECTED (E-STOP ACTIVATED),0.5251,0.83 ms,1,E-STOP TRIGGERED (COIL 40001 = 1)
IMG-0954,777.jpg,photos/train/safe/777.jpg,HAZARD DETECTED,HAZARD DETECTED (E-STOP ACTIVATED),0.2739,0.74 ms,1,E-STOP TRIGGERED (COIL 40001 = 1)
IMG-0955,778.jpg,photos/train/safe/778.jpg,HAZARD DETECTED,HAZARD DETECTED (E-STOP ACTIVATED),0.3899,0.60 ms,1,E-STOP TRIGGERED (COIL 40001 = 1)
IMG-0956,779.jpg,photos/train/safe/779.jpg,HAZARD DETECTED,HAZARD DETECTED (E-STOP ACTIVATED),0.0603,0.79 ms,1,E-STOP TRIGGERED (COIL 40001 = 1)
IMG-0957,78.jpg,photos/train/safe/78.jpg,HAZARD DETECTED,HAZARD DETECTED (E-STOP ACTIVATED),0.7759,1.09 ms,1,E-STOP TRIGGERED (COIL 40001 = 1)
IMG-0958,780.jpg,photos/train/safe/780.jpg,HAZARD DETECTED,HAZARD DETECTED (E-STOP ACTIVATED),0.2200,1.09 ms,1,E-STOP TRIGGERED (COIL 40001 = 1)
IMG-0959,781.jpg,photos/train/safe/781.jpg,HAZARD DETECTED,HAZARD DETECTED (E-STOP ACTIVATED),0.6648,0.87 ms,1,E-STOP TRIGGERED (COIL 40001 = 1)
IMG-0960,782.jpg,photos/train/safe/782.jpg,HAZARD DETECTED,HAZARD DETECTED (E-STOP ACTIVATED),0.2668,0.84 ms,1,E-STOP TRIGGERED (COIL 40001 = 1)
IMG-0961,783.jpg,photos/train/safe/783.jpg,HAZARD DETECTED,HAZARD DETECTED (E-STOP ACTIVATED),0.9856,1.27 ms,1,E-STOP TRIGGERED (COIL 40001 = 1)
IMG-0962,784.jpg,photos/train/safe/784.jpg,HAZARD DETECTED,HAZARD DETECTED (E-STOP ACTIVATED),0.8428,0.82 ms,1,E-STOP TRIGGERED (COIL 40001 = 1)
IMG-0963,785.jpg,photos/train/safe/785.jpg,HAZARD DETECTED,HAZARD DETECTED (E-STOP ACTIVATED),0.9868,0.88 ms,1,E-STOP TRIGGERED (COIL 40001 = 1)
IMG-0964,786.jpg,photos/train/safe/786.jpg,HAZARD DETECTED,HAZARD DETECTED (E-STOP ACTIVATED),0.4163,1.10 ms,1,E-STOP TRIGGERED (COIL 40001 = 1)
IMG-0965,787.jpg,photos/train/safe/787.jpg,HAZARD DETECTED,HAZARD DETECTED (E-STOP ACTIVATED),0.2371,1.02 ms,1,E-STOP TRIGGERED (COIL 40001 = 1)
IMG-0966,788.jpg,photos/train/safe/788.jpg,HAZARD DETECTED,HAZARD DETECTED (E-STOP ACTIVATED),0.6492,0.90 ms,1,E-STOP TRIGGERED (COIL 40001 = 1)
IMG-0967,789.jpg,photos/train/safe/789.jpg,HAZARD DETECTED,HAZARD DETECTED (E-STOP ACTIVATED),0.3916,1.44 ms,1,E-STOP TRIGGERED (COIL 40001 = 1)
IMG-0968,79.jpg,photos/train/safe/79.jpg,HAZARD DETECTED,HAZARD DETECTED (E-STOP ACTIVATED),0.3022,0.91 ms,1,E-STOP TRIGGERED (COIL 40001 = 1)
IMG-0969,790.jpg,photos/train/safe/790.jpg,HAZARD DETECTED,HAZARD DETECTED (E-STOP ACTIVATED),0.2324,0.94 ms,1,E-STOP TRIGGERED (COIL 40001 = 1)
IMG-0970,791.jpg,photos/train/safe/791.jpg,HAZARD DETECTED,HAZARD DETECTED (E-STOP ACTIVATED),0.8806,0.97 ms,1,E-STOP TRIGGERED (COIL 40001 = 1)
IMG-0971,792.jpg,photos/train/safe/792.jpg,HAZARD DETECTED,HAZARD DETECTED (E-STOP ACTIVATED),0.3774,0.83 ms,1,E-STOP TRIGGERED (COIL 40001 = 1)
IMG-0972,793.jpg,photos/train/safe/793.jpg,HAZARD DETECTED,HAZARD DETECTED (E-STOP ACTIVATED),0.8274,0.82 ms,1,E-STOP TRIGGERED (COIL 40001 = 1)
IMG-0973,794.jpg,photos/train/safe/794.jpg,HAZARD DETECTED,HAZARD DETECTED (E-STOP ACTIVATED),0.0854,0.79 ms,1,E-STOP TRIGGERED (COIL 40001 = 1)
IMG-0974,795.jpg,photos/train/safe/795.jpg,HAZARD DETECTED,HAZARD DETECTED (E-STOP ACTIVATED),0.5464,0.76 ms,1,E-STOP TRIGGERED (COIL 40001 = 1)
IMG-0975,796.jpg,photos/train/safe/796.jpg,HAZARD DETECTED,HAZARD DETECTED (E-STOP ACTIVATED),0.8188,0.63 ms,1,E-STOP TRIGGERED (COIL 40001 = 1)
IMG-0976,797.jpg,photos/train/safe/797.jpg,HAZARD DETECTED,HAZARD DETECTED (E-STOP ACTIVATED),0.3147,0.93 ms,1,E-STOP TRIGGERED (COIL 40001 = 1)
IMG-0977,798.jpg,photos/train/safe/798.jpg,HAZARD DETECTED,HAZARD DETECTED (E-STOP ACTIVATED),0.6658,0.56 ms,1,E-STOP TRIGGERED (COIL 40001 = 1)
IMG-0978,799.jpg,photos/train/safe/799.jpg,HAZARD DETECTED,HAZARD DETECTED (E-STOP ACTIVATED),0.1653,0.71 ms,1,E-STOP TRIGGERED (COIL 40001 = 1)
IMG-0979,8.jpg,photos/train/safe/8.jpg,HAZARD DETECTED,HAZARD DETECTED (E-STOP ACTIVATED),0.7910,0.50 ms,1,E-STOP TRIGGERED (COIL 40001 = 1)
IMG-0980,80.jpg,photos/train/safe/80.jpg,HAZARD DETECTED,HAZARD DETECTED (E-STOP ACTIVATED),0.5295,0.81 ms,1,E-STOP TRIGGERED (COIL 40001 = 1)
IMG-0981,800.jpg,photos/train/safe/800.jpg,HAZARD DETECTED,HAZARD DETECTED (E-STOP ACTIVATED),0.5166,0.58 ms,1,E-STOP TRIGGERED (COIL 40001 = 1)
IMG-0982,801.jpg,photos/train/safe/801.jpg,HAZARD DETECTED,HAZARD DETECTED (E-STOP ACTIVATED),0.4038,0.51 ms,1,E-STOP TRIGGERED (COIL 40001 = 1)
IMG-0983,802.jpg,photos/train/safe/802.jpg,HAZARD DETECTED,HAZARD DETECTED (E-STOP ACTIVATED),0.3103,0.87 ms,1,E-STOP TRIGGERED (COIL 40001 = 1)
IMG-0984,803.jpg,photos/train/safe/803.jpg,HAZARD DETECTED,HAZARD DETECTED (E-STOP ACTIVATED),0.7488,0.61 ms,1,E-STOP TRIGGERED (COIL 40001 = 1)
IMG-0985,804.jpg,photos/train/safe/804.jpg,HAZARD DETECTED,HAZARD DETECTED (E-STOP ACTIVATED),0.4934,0.72 ms,1,E-STOP TRIGGERED (COIL 40001 = 1)
IMG-0986,805.jpg,photos/train/safe/805.jpg,HAZARD DETECTED,HAZARD DETECTED (E-STOP ACTIVATED),0.5535,0.60 ms,1,E-STOP TRIGGERED (COIL 40001 = 1)
IMG-0987,806.jpg,photos/train/safe/806.jpg,HAZARD DETECTED,HAZARD DETECTED (E-STOP ACTIVATED),0.0681,0.55 ms,1,E-STOP TRIGGERED (COIL 40001 = 1)
IMG-0988,807.jpg,photos/train/safe/807.jpg,HAZARD DETECTED,HAZARD DETECTED (E-STOP ACTIVATED),0.1184,0.60 ms,1,E-STOP TRIGGERED (COIL 40001 = 1)
IMG-0989,808.jpg,photos/train/safe/808.jpg,HAZARD DETECTED,HAZARD DETECTED (E-STOP ACTIVATED),0.4719,0.84 ms,1,E-STOP TRIGGERED (COIL 40001 = 1)
IMG-0990,809.jpg,photos/train/safe/809.jpg,HAZARD DETECTED,HAZARD DETECTED (E-STOP ACTIVATED),0.0801,0.89 ms,1,E-STOP TRIGGERED (COIL 40001 = 1)
IMG-0991,81.jpg,photos/train/safe/81.jpg,HAZARD DETECTED,HAZARD DETECTED (E-STOP ACTIVATED),0.1311,1.05 ms,1,E-STOP TRIGGERED (COIL 40001 = 1)
IMG-0992,810.jpg,photos/train/safe/810.jpg,HAZARD DETECTED,HAZARD DETECTED (E-STOP ACTIVATED),0.3894,0.81 ms,1,E-STOP TRIGGERED (COIL 40001 = 1)
IMG-0993,82.jpg,photos/train/safe/82.jpg,HAZARD DETECTED,HAZARD DETECTED (E-STOP ACTIVATED),0.6733,0.67 ms,1,E-STOP TRIGGERED (COIL 40001 = 1)
IMG-0994,83.jpg,photos/train/safe/83.jpg,HAZARD DETECTED,HAZARD DETECTED (E-STOP ACTIVATED),0.7319,0.85 ms,1,E-STOP TRIGGERED (COIL 40001 = 1)
IMG-0995,84.jpg,photos/train/safe/84.jpg,HAZARD DETECTED,HAZARD DETECTED (E-STOP ACTIVATED),0.4932,1.91 ms,1,E-STOP TRIGGERED (COIL 40001 = 1)
IMG-0996,85.jpg,photos/train/safe/85.jpg,HAZARD DETECTED,HAZARD DETECTED (E-STOP ACTIVATED),0.1255,0.78 ms,1,E-STOP TRIGGERED (COIL 40001 = 1)
IMG-0997,86.jpg,photos/train/safe/86.jpg,HAZARD DETECTED,HAZARD DETECTED (E-STOP ACTIVATED),0.4893,0.58 ms,1,E-STOP TRIGGERED (COIL 40001 = 1)
IMG-0998,87.jpg,photos/train/safe/87.jpg,HAZARD DETECTED,HAZARD DETECTED (E-STOP ACTIVATED),0.3411,0.62 ms,1,E-STOP TRIGGERED (COIL 40001 = 1)
IMG-0999,88.jpg,photos/train/safe/88.jpg,HAZARD DETECTED,HAZARD DETECTED (E-STOP ACTIVATED),0.1572,0.81 ms,1,E-STOP TRIGGERED (COIL 40001 = 1)
IMG-1000,89.jpg,photos/train/safe/89.jpg,HAZARD DETECTED,HAZARD DETECTED (E-STOP ACTIVATED),0.0459,0.63 ms,1,E-STOP TRIGGERED (COIL 40001 = 1)
IMG-1001,9.jpg,photos/train/safe/9.jpg,HAZARD DETECTED,HAZARD DETECTED (E-STOP ACTIVATED),0.0991,0.47 ms,1,E-STOP TRIGGERED (COIL 40001 = 1)
IMG-1002,90.jpg,photos/train/safe/90.jpg,HAZARD DETECTED,HAZARD DETECTED (E-STOP ACTIVATED),0.1216,0.70 ms,1,E-STOP TRIGGERED (COIL 40001 = 1)
IMG-1003,91.jpg,photos/train/safe/91.jpg,HAZARD DETECTED,HAZARD DETECTED (E-STOP ACTIVATED),0.2021,0.48 ms,1,E-STOP TRIGGERED (COIL 40001 = 1)
IMG-1004,92.jpg,photos/train/safe/92.jpg,HAZARD DETECTED,HAZARD DETECTED (E-STOP ACTIVATED),0.0679,0.91 ms,1,E-STOP TRIGGERED (COIL 40001 = 1)
IMG-1005,93.jpg,photos/train/safe/93.jpg,HAZARD DETECTED,HAZARD DETECTED (E-STOP ACTIVATED),0.3323,0.53 ms,1,E-STOP TRIGGERED (COIL 40001 = 1)
IMG-1006,94.jpg,photos/train/safe/94.jpg,HAZARD DETECTED,HAZARD DETECTED (E-STOP ACTIVATED),0.1919,0.87 ms,1,E-STOP TRIGGERED (COIL 40001 = 1)
IMG-1007,95.jpg,photos/train/safe/95.jpg,HAZARD DETECTED,HAZARD DETECTED (E-STOP ACTIVATED),0.2920,0.59 ms,1,E-STOP TRIGGERED (COIL 40001 = 1)
IMG-1008,96.jpg,photos/train/safe/96.jpg,HAZARD DETECTED,HAZARD DETECTED (E-STOP ACTIVATED),0.4839,0.51 ms,1,E-STOP TRIGGERED (COIL 40001 = 1)
IMG-1009,97.jpg,photos/train/safe/97.jpg,HAZARD DETECTED,HAZARD DETECTED (E-STOP ACTIVATED),0.3823,0.76 ms,1,E-STOP TRIGGERED (COIL 40001 = 1)
IMG-1010,98.jpg,photos/train/safe/98.jpg,HAZARD DETECTED,HAZARD DETECTED (E-STOP ACTIVATED),0.4497,0.70 ms,1,E-STOP TRIGGERED (COIL 40001 = 1)
IMG-1011,99.jpg,photos/train/safe/99.jpg,HAZARD DETECTED,HAZARD DETECTED (E-STOP ACTIVATED),0.8899,0.83 ms,1,E-STOP TRIGGERED (COIL 40001 = 1)
IMG-1012,1.jpg,photos/train/unsafe/1.jpg,HAZARD DETECTED,HAZARD DETECTED (E-STOP ACTIVATED),0.9614,0.58 ms,1,E-STOP TRIGGERED (COIL 40001 = 1)
IMG-1013,10.jpg,photos/train/unsafe/10.jpg,HAZARD DETECTED,HAZARD DETECTED (E-STOP ACTIVATED),0.7915,0.89 ms,1,E-STOP TRIGGERED (COIL 40001 = 1)
IMG-1014,100.jpg,photos/train/unsafe/100.jpg,HAZARD DETECTED,HAZARD DETECTED (E-STOP ACTIVATED),0.2754,0.63 ms,1,E-STOP TRIGGERED (COIL 40001 = 1)
IMG-1015,101.jpg,photos/train/unsafe/101.jpg,HAZARD DETECTED,HAZARD DETECTED (E-STOP ACTIVATED),0.2642,0.80 ms,1,E-STOP TRIGGERED (COIL 40001 = 1)
IMG-1016,102.jpg,photos/train/unsafe/102.jpg,HAZARD DETECTED,HAZARD DETECTED (E-STOP ACTIVATED),0.5632,0.59 ms,1,E-STOP TRIGGERED (COIL 40001 = 1)
IMG-1017,103.jpg,photos/train/unsafe/103.jpg,HAZARD DETECTED,HAZARD DETECTED (E-STOP ACTIVATED),0.4326,0.58 ms,1,E-STOP TRIGGERED (COIL 40001 = 1)
IMG-1018,104.jpg,photos/train/unsafe/104.jpg,HAZARD DETECTED,HAZARD DETECTED (E-STOP ACTIVATED),0.6882,0.86 ms,1,E-STOP TRIGGERED (COIL 40001 = 1)
IMG-1019,105.jpg,photos/train/unsafe/105.jpg,HAZARD DETECTED,HAZARD DETECTED (E-STOP ACTIVATED),0.0271,0.60 ms,1,E-STOP TRIGGERED (COIL 40001 = 1)
IMG-1020,106.jpg,photos/train/unsafe/106.jpg,HAZARD DETECTED,HAZARD DETECTED (E-STOP ACTIVATED),0.3096,0.62 ms,1,E-STOP TRIGGERED (COIL 40001 = 1)
IMG-1021,107.jpg,photos/train/unsafe/107.jpg,HAZARD DETECTED,HAZARD DETECTED (E-STOP ACTIVATED),0.1162,0.50 ms,1,E-STOP TRIGGERED (COIL 40001 = 1)
IMG-1022,108.jpg,photos/train/unsafe/108.jpg,HAZARD DETECTED,HAZARD DETECTED (E-STOP ACTIVATED),0.2188,0.77 ms,1,E-STOP TRIGGERED (COIL 40001 = 1)
IMG-1023,109.jpg,photos/train/unsafe/109.jpg,HAZARD DETECTED,HAZARD DETECTED (E-STOP ACTIVATED),0.5481,0.90 ms,1,E-STOP TRIGGERED (COIL 40001 = 1)
IMG-1024,11.jpg,photos/train/unsafe/11.jpg,HAZARD DETECTED,HAZARD DETECTED (E-STOP ACTIVATED),0.2334,0.63 ms,1,E-STOP TRIGGERED (COIL 40001 = 1)
IMG-1025,110.jpg,photos/train/unsafe/110.jpg,HAZARD DETECTED,HAZARD DETECTED (E-STOP ACTIVATED),0.0134,0.61 ms,1,E-STOP TRIGGERED (COIL 40001 = 1)
IMG-1026,111.jpg,photos/train/unsafe/111.jpg,HAZARD DETECTED,HAZARD DETECTED (E-STOP ACTIVATED),0.1421,0.81 ms,1,E-STOP TRIGGERED (COIL 40001 = 1)
IMG-1027,112.jpg,photos/train/unsafe/112.jpg,HAZARD DETECTED,HAZARD DETECTED (E-STOP ACTIVATED),0.9426,1.17 ms,1,E-STOP TRIGGERED (COIL 40001 = 1)
IMG-1028,113.jpg,photos/train/unsafe/113.jpg,HAZARD DETECTED,HAZARD DETECTED (E-STOP ACTIVATED),0.1606,0.56 ms,1,E-STOP TRIGGERED (COIL 40001 = 1)
IMG-1029,114.jpg,photos/train/unsafe/114.jpg,HAZARD DETECTED,HAZARD DETECTED (E-STOP ACTIVATED),0.1665,0.71 ms,1,E-STOP TRIGGERED (COIL 40001 = 1)
IMG-1030,115.jpg,photos/train/unsafe/115.jpg,HAZARD DETECTED,HAZARD DETECTED (E-STOP ACTIVATED),0.1921,0.63 ms,1,E-STOP TRIGGERED (COIL 40001 = 1)
IMG-1031,116.jpg,photos/train/unsafe/116.jpg,HAZARD DETECTED,HAZARD DETECTED (E-STOP ACTIVATED),0.3909,0.79 ms,1,E-STOP TRIGGERED (COIL 40001 = 1)
IMG-1032,117.jpg,photos/train/unsafe/117.jpg,HAZARD DETECTED,HAZARD DETECTED (E-STOP ACTIVATED),0.6067,0.61 ms,1,E-STOP TRIGGERED (COIL 40001 = 1)
IMG-1033,118.jpg,photos/train/unsafe/118.jpg,HAZARD DETECTED,HAZARD DETECTED (E-STOP ACTIVATED),0.0000,0.77 ms,1,E-STOP TRIGGERED (COIL 40001 = 1)
IMG-1034,119.jpg,photos/train/unsafe/119.jpg,HAZARD DETECTED,HAZARD DETECTED (E-STOP ACTIVATED),0.0669,0.56 ms,1,E-STOP TRIGGERED (COIL 40001 = 1)
IMG-1035,12.jpg,photos/train/unsafe/12.jpg,HAZARD DETECTED,HAZARD DETECTED (E-STOP ACTIVATED),0.3984,1.27 ms,1,E-STOP TRIGGERED (COIL 40001 = 1)
IMG-1036,120.jpg,photos/train/unsafe/120.jpg,HAZARD DETECTED,HAZARD DETECTED (E-STOP ACTIVATED),0.1780,0.58 ms,1,E-STOP TRIGGERED (COIL 40001 = 1)
IMG-1037,121.jpg,photos/train/unsafe/121.jpg,HAZARD DETECTED,HAZARD DETECTED (E-STOP ACTIVATED),0.7559,1.04 ms,1,E-STOP TRIGGERED (COIL 40001 = 1)
IMG-1038,122.jpg,photos/train/unsafe/122.jpg,HAZARD DETECTED,HAZARD DETECTED (E-STOP ACTIVATED),0.7852,0.77 ms,1,E-STOP TRIGGERED (COIL 40001 = 1)
IMG-1039,123.jpg,photos/train/unsafe/123.jpg,HAZARD DETECTED,HAZARD DETECTED (E-STOP ACTIVATED),0.0159,0.54 ms,1,E-STOP TRIGGERED (COIL 40001 = 1)
IMG-1040,124.jpg,photos/train/unsafe/124.jpg,HAZARD DETECTED,HAZARD DETECTED (E-STOP ACTIVATED),0.3313,0.89 ms,1,E-STOP TRIGGERED (COIL 40001 = 1)
IMG-1041,125.jpg,photos/train/unsafe/125.jpg,HAZARD DETECTED,HAZARD DETECTED (E-STOP ACTIVATED),0.0256,0.69 ms,1,E-STOP TRIGGERED (COIL 40001 = 1)
IMG-1042,126.jpg,photos/train/unsafe/126.jpg,HAZARD DETECTED,HAZARD DETECTED (E-STOP ACTIVATED),0.9297,0.60 ms,1,E-STOP TRIGGERED (COIL 40001 = 1)
IMG-1043,127.jpg,photos/train/unsafe/127.jpg,HAZARD DETECTED,HAZARD DETECTED (E-STOP ACTIVATED),0.0557,0.78 ms,1,E-STOP TRIGGERED (COIL 40001 = 1)
IMG-1044,128.jpg,photos/train/unsafe/128.jpg,HAZARD DETECTED,HAZARD DETECTED (E-STOP ACTIVATED),0.2349,0.66 ms,1,E-STOP TRIGGERED (COIL 40001 = 1)
IMG-1045,129.jpg,photos/train/unsafe/129.jpg,HAZARD DETECTED,HAZARD DETECTED (E-STOP ACTIVATED),0.0684,0.57 ms,1,E-STOP TRIGGERED (COIL 40001 = 1)
IMG-1046,13.jpg,photos/train/unsafe/13.jpg,HAZARD DETECTED,HAZARD DETECTED (E-STOP ACTIVATED),0.0464,0.56 ms,1,E-STOP TRIGGERED (COIL 40001 = 1)
IMG-1047,130.jpg,photos/train/unsafe/130.jpg,HAZARD DETECTED,HAZARD DETECTED (E-STOP ACTIVATED),0.7231,0.56 ms,1,E-STOP TRIGGERED (COIL 40001 = 1)
IMG-1048,131.jpg,photos/train/unsafe/131.jpg,HAZARD DETECTED,HAZARD DETECTED (E-STOP ACTIVATED),0.3552,0.50 ms,1,E-STOP TRIGGERED (COIL 40001 = 1)
IMG-1049,132.jpg,photos/train/unsafe/132.jpg,HAZARD DETECTED,HAZARD DETECTED (E-STOP ACTIVATED),0.0562,1.10 ms,1,E-STOP TRIGGERED (COIL 40001 = 1)
IMG-1050,133.jpg,photos/train/unsafe/133.jpg,HAZARD DETECTED,HAZARD DETECTED (E-STOP ACTIVATED),0.4722,0.66 ms,1,E-STOP TRIGGERED (COIL 40001 = 1)
IMG-1051,134.jpg,photos/train/unsafe/134.jpg,HAZARD DETECTED,HAZARD DETECTED (E-STOP ACTIVATED),0.0229,0.89 ms,1,E-STOP TRIGGERED (COIL 40001 = 1)
IMG-1052,135.jpg,photos/train/unsafe/135.jpg,HAZARD DETECTED,HAZARD DETECTED (E-STOP ACTIVATED),0.0420,1.51 ms,1,E-STOP TRIGGERED (COIL 40001 = 1)
IMG-1053,136.jpg,photos/train/unsafe/136.jpg,HAZARD DETECTED,HAZARD DETECTED (E-STOP ACTIVATED),0.0920,0.79 ms,1,E-STOP TRIGGERED (COIL 40001 = 1)
IMG-1054,137.jpg,photos/train/unsafe/137.jpg,HAZARD DETECTED,HAZARD DETECTED (E-STOP ACTIVATED),0.0669,1.07 ms,1,E-STOP TRIGGERED (COIL 40001 = 1)
IMG-1055,138.jpg,photos/train/unsafe/138.jpg,HAZARD DETECTED,HAZARD DETECTED (E-STOP ACTIVATED),0.0930,0.83 ms,1,E-STOP TRIGGERED (COIL 40001 = 1)
IMG-1056,139.jpg,photos/train/unsafe/139.jpg,HAZARD DETECTED,HAZARD DETECTED (E-STOP ACTIVATED),0.1233,0.61 ms,1,E-STOP TRIGGERED (COIL 40001 = 1)
IMG-1057,14.jpg,photos/train/unsafe/14.jpg,HAZARD DETECTED,HAZARD DETECTED (E-STOP ACTIVATED),0.2839,1.15 ms,1,E-STOP TRIGGERED (COIL 40001 = 1)
IMG-1058,140.jpg,photos/train/unsafe/140.jpg,HAZARD DETECTED,HAZARD DETECTED (E-STOP ACTIVATED),0.6260,0.61 ms,1,E-STOP TRIGGERED (COIL 40001 = 1)
IMG-1059,141.jpg,photos/train/unsafe/141.jpg,HAZARD DETECTED,HAZARD DETECTED (E-STOP ACTIVATED),0.5852,0.56 ms,1,E-STOP TRIGGERED (COIL 40001 = 1)
IMG-1060,142.jpg,photos/train/unsafe/142.jpg,HAZARD DETECTED,HAZARD DETECTED (E-STOP ACTIVATED),1.0000,0.85 ms,1,E-STOP TRIGGERED (COIL 40001 = 1)
IMG-1061,143.jpg,photos/train/unsafe/143.jpg,HAZARD DETECTED,HAZARD DETECTED (E-STOP ACTIVATED),0.3953,0.58 ms,1,E-STOP TRIGGERED (COIL 40001 = 1)
IMG-1062,144.jpg,photos/train/unsafe/144.jpg,HAZARD DETECTED,HAZARD DETECTED (E-STOP ACTIVATED),0.0012,0.53 ms,1,E-STOP TRIGGERED (COIL 40001 = 1)
IMG-1063,145.jpg,photos/train/unsafe/145.jpg,HAZARD DETECTED,HAZARD DETECTED (E-STOP ACTIVATED),0.5981,0.46 ms,1,E-STOP TRIGGERED (COIL 40001 = 1)
IMG-1064,146.jpg,photos/train/unsafe/146.jpg,HAZARD DETECTED,HAZARD DETECTED (E-STOP ACTIVATED),0.3733,0.54 ms,1,E-STOP TRIGGERED (COIL 40001 = 1)
IMG-1065,147.jpg,photos/train/unsafe/147.jpg,HAZARD DETECTED,HAZARD DETECTED (E-STOP ACTIVATED),0.4949,0.55 ms,1,E-STOP TRIGGERED (COIL 40001 = 1)
IMG-1066,148.jpg,photos/train/unsafe/148.jpg,HAZARD DETECTED,HAZARD DETECTED (E-STOP ACTIVATED),0.9368,0.56 ms,1,E-STOP TRIGGERED (COIL 40001 = 1)
IMG-1067,149.jpg,photos/train/unsafe/149.jpg,HAZARD DETECTED,HAZARD DETECTED (E-STOP ACTIVATED),0.1167,0.79 ms,1,E-STOP TRIGGERED (COIL 40001 = 1)
IMG-1068,15.jpg,photos/train/unsafe/15.jpg,HAZARD DETECTED,HAZARD DETECTED (E-STOP ACTIVATED),0.9194,0.54 ms,1,E-STOP TRIGGERED (COIL 40001 = 1)
IMG-1069,150.jpg,photos/train/unsafe/150.jpg,HAZARD DETECTED,HAZARD DETECTED (E-STOP ACTIVATED),0.1282,0.69 ms,1,E-STOP TRIGGERED (COIL 40001 = 1)
IMG-1070,151.jpg,photos/train/unsafe/151.jpg,HAZARD DETECTED,HAZARD DETECTED (E-STOP ACTIVATED),0.2170,0.57 ms,1,E-STOP TRIGGERED (COIL 40001 = 1)
IMG-1071,152.jpg,photos/train/unsafe/152.jpg,HAZARD DETECTED,HAZARD DETECTED (E-STOP ACTIVATED),0.7952,0.82 ms,1,E-STOP TRIGGERED (COIL 40001 = 1)
IMG-1072,153.jpg,photos/train/unsafe/153.jpg,HAZARD DETECTED,HAZARD DETECTED (E-STOP ACTIVATED),0.9097,1.07 ms,1,E-STOP TRIGGERED (COIL 40001 = 1)
IMG-1073,154.jpg,photos/train/unsafe/154.jpg,HAZARD DETECTED,HAZARD DETECTED (E-STOP ACTIVATED),0.3018,0.60 ms,1,E-STOP TRIGGERED (COIL 40001 = 1)
IMG-1074,155.jpg,photos/train/unsafe/155.jpg,HAZARD DETECTED,HAZARD DETECTED (E-STOP ACTIVATED),0.9678,0.60 ms,1,E-STOP TRIGGERED (COIL 40001 = 1)
IMG-1075,156.jpg,photos/train/unsafe/156.jpg,HAZARD DETECTED,HAZARD DETECTED (E-STOP ACTIVATED),0.6204,0.70 ms,1,E-STOP TRIGGERED (COIL 40001 = 1)
IMG-1076,157.jpg,photos/train/unsafe/157.jpg,HAZARD DETECTED,HAZARD DETECTED (E-STOP ACTIVATED),0.3030,0.84 ms,1,E-STOP TRIGGERED (COIL 40001 = 1)
IMG-1077,158.jpg,photos/train/unsafe/158.jpg,HAZARD DETECTED,HAZARD DETECTED (E-STOP ACTIVATED),0.1631,0.56 ms,1,E-STOP TRIGGERED (COIL 40001 = 1)
IMG-1078,159.jpg,photos/train/unsafe/159.jpg,HAZARD DETECTED,HAZARD DETECTED (E-STOP ACTIVATED),0.5715,0.66 ms,1,E-STOP TRIGGERED (COIL 40001 = 1)
IMG-1079,16.jpg,photos/train/unsafe/16.jpg,HAZARD DETECTED,HAZARD DETECTED (E-STOP ACTIVATED),0.1914,0.81 ms,1,E-STOP TRIGGERED (COIL 40001 = 1)
IMG-1080,160.jpg,photos/train/unsafe/160.jpg,HAZARD DETECTED,HAZARD DETECTED (E-STOP ACTIVATED),0.7129,0.57 ms,1,E-STOP TRIGGERED (COIL 40001 = 1)
IMG-1081,161.jpg,photos/train/unsafe/161.jpg,HAZARD DETECTED,HAZARD DETECTED (E-STOP ACTIVATED),0.0483,1.33 ms,1,E-STOP TRIGGERED (COIL 40001 = 1)
IMG-1082,162.jpg,photos/train/unsafe/162.jpg,HAZARD DETECTED,HAZARD DETECTED (E-STOP ACTIVATED),0.1677,0.59 ms,1,E-STOP TRIGGERED (COIL 40001 = 1)
IMG-1083,163.jpg,photos/train/unsafe/163.jpg,HAZARD DETECTED,HAZARD DETECTED (E-STOP ACTIVATED),0.2234,0.71 ms,1,E-STOP TRIGGERED (COIL 40001 = 1)
IMG-1084,164.jpg,photos/train/unsafe/164.jpg,HAZARD DETECTED,HAZARD DETECTED (E-STOP ACTIVATED),0.2222,0.56 ms,1,E-STOP TRIGGERED (COIL 40001 = 1)
IMG-1085,165.jpg,photos/train/unsafe/165.jpg,HAZARD DETECTED,HAZARD DETECTED (E-STOP ACTIVATED),0.1440,0.48 ms,1,E-STOP TRIGGERED (COIL 40001 = 1)
IMG-1086,166.jpg,photos/train/unsafe/166.jpg,HAZARD DETECTED,HAZARD DETECTED (E-STOP ACTIVATED),0.3408,0.99 ms,1,E-STOP TRIGGERED (COIL 40001 = 1)
IMG-1087,167.jpg,photos/train/unsafe/167.jpg,HAZARD DETECTED,HAZARD DETECTED (E-STOP ACTIVATED),0.4370,0.80 ms,1,E-STOP TRIGGERED (COIL 40001 = 1)
IMG-1088,168.jpg,photos/train/unsafe/168.jpg,HAZARD DETECTED,HAZARD DETECTED (E-STOP ACTIVATED),0.8206,0.58 ms,1,E-STOP TRIGGERED (COIL 40001 = 1)
IMG-1089,169.jpg,photos/train/unsafe/169.jpg,HAZARD DETECTED,HAZARD DETECTED (E-STOP ACTIVATED),0.0808,0.66 ms,1,E-STOP TRIGGERED (COIL 40001 = 1)
IMG-1090,17.jpg,photos/train/unsafe/17.jpg,HAZARD DETECTED,HAZARD DETECTED (E-STOP ACTIVATED),0.4785,2.15 ms,1,E-STOP TRIGGERED (COIL 40001 = 1)
IMG-1091,170.jpg,photos/train/unsafe/170.jpg,HAZARD DETECTED,HAZARD DETECTED (E-STOP ACTIVATED),0.1060,0.57 ms,1,E-STOP TRIGGERED (COIL 40001 = 1)
IMG-1092,171.jpg,photos/train/unsafe/171.jpg,HAZARD DETECTED,HAZARD DETECTED (E-STOP ACTIVATED),0.3176,0.68 ms,1,E-STOP TRIGGERED (COIL 40001 = 1)
IMG-1093,172.jpg,photos/train/unsafe/172.jpg,HAZARD DETECTED,HAZARD DETECTED (E-STOP ACTIVATED),0.5315,0.47 ms,1,E-STOP TRIGGERED (COIL 40001 = 1)
IMG-1094,173.jpg,photos/train/unsafe/173.jpg,HAZARD DETECTED,HAZARD DETECTED (E-STOP ACTIVATED),0.1929,0.69 ms,1,E-STOP TRIGGERED (COIL 40001 = 1)
IMG-1095,174.jpg,photos/train/unsafe/174.jpg,HAZARD DETECTED,HAZARD DETECTED (E-STOP ACTIVATED),0.1213,0.55 ms,1,E-STOP TRIGGERED (COIL 40001 = 1)
IMG-1096,175.jpg,photos/train/unsafe/175.jpg,HAZARD DETECTED,HAZARD DETECTED (E-STOP ACTIVATED),0.1006,0.58 ms,1,E-STOP TRIGGERED (COIL 40001 = 1)
IMG-1097,176.jpg,photos/train/unsafe/176.jpg,HAZARD DETECTED,HAZARD DETECTED (E-STOP ACTIVATED),0.3894,0.59 ms,1,E-STOP TRIGGERED (COIL 40001 = 1)
IMG-1098,177.jpg,photos/train/unsafe/177.jpg,HAZARD DETECTED,HAZARD DETECTED (E-STOP ACTIVATED),0.6301,0.86 ms,1,E-STOP TRIGGERED (COIL 40001 = 1)
IMG-1099,178.jpg,photos/train/unsafe/178.jpg,HAZARD DETECTED,HAZARD DETECTED (E-STOP ACTIVATED),0.6440,0.74 ms,1,E-STOP TRIGGERED (COIL 40001 = 1)
IMG-1100,179.jpg,photos/train/unsafe/179.jpg,HAZARD DETECTED,HAZARD DETECTED (E-STOP ACTIVATED),0.0354,0.61 ms,1,E-STOP TRIGGERED (COIL 40001 = 1)
IMG-1101,18.jpg,photos/train/unsafe/18.jpg,HAZARD DETECTED,HAZARD DETECTED (E-STOP ACTIVATED),0.2871,0.57 ms,1,E-STOP TRIGGERED (COIL 40001 = 1)
IMG-1102,180.jpg,photos/train/unsafe/180.jpg,HAZARD DETECTED,HAZARD DETECTED (E-STOP ACTIVATED),0.6746,0.58 ms,1,E-STOP TRIGGERED (COIL 40001 = 1)
IMG-1103,181.jpg,photos/train/unsafe/181.jpg,HAZARD DETECTED,HAZARD DETECTED (E-STOP ACTIVATED),0.2874,0.92 ms,1,E-STOP TRIGGERED (COIL 40001 = 1)
IMG-1104,182.jpg,photos/train/unsafe/182.jpg,HAZARD DETECTED,HAZARD DETECTED (E-STOP ACTIVATED),0.3188,0.95 ms,1,E-STOP TRIGGERED (COIL 40001 = 1)
IMG-1105,183.jpg,photos/train/unsafe/183.jpg,HAZARD DETECTED,HAZARD DETECTED (E-STOP ACTIVATED),0.0083,0.58 ms,1,E-STOP TRIGGERED (COIL 40001 = 1)
IMG-1106,184.jpg,photos/train/unsafe/184.jpg,HAZARD DETECTED,HAZARD DETECTED (E-STOP ACTIVATED),0.7480,0.58 ms,1,E-STOP TRIGGERED (COIL 40001 = 1)
IMG-1107,185.jpg,photos/train/unsafe/185.jpg,HAZARD DETECTED,HAZARD DETECTED (E-STOP ACTIVATED),0.5901,0.75 ms,1,E-STOP TRIGGERED (COIL 40001 = 1)
IMG-1108,186.jpg,photos/train/unsafe/186.jpg,HAZARD DETECTED,HAZARD DETECTED (E-STOP ACTIVATED),0.0332,0.79 ms,1,E-STOP TRIGGERED (COIL 40001 = 1)
IMG-1109,187.jpg,photos/train/unsafe/187.jpg,HAZARD DETECTED,HAZARD DETECTED (E-STOP ACTIVATED),0.4783,1.45 ms,1,E-STOP TRIGGERED (COIL 40001 = 1)
IMG-1110,188.jpg,photos/train/unsafe/188.jpg,HAZARD DETECTED,HAZARD DETECTED (E-STOP ACTIVATED),0.3228,0.61 ms,1,E-STOP TRIGGERED (COIL 40001 = 1)
IMG-1111,189.jpg,photos/train/unsafe/189.jpg,HAZARD DETECTED,HAZARD DETECTED (E-STOP ACTIVATED),0.1743,0.58 ms,1,E-STOP TRIGGERED (COIL 40001 = 1)
IMG-1112,19.jpg,photos/train/unsafe/19.jpg,HAZARD DETECTED,HAZARD DETECTED (E-STOP ACTIVATED),0.4324,1.19 ms,1,E-STOP TRIGGERED (COIL 40001 = 1)
IMG-1113,190.jpg,photos/train/unsafe/190.jpg,HAZARD DETECTED,HAZARD DETECTED (E-STOP ACTIVATED),0.0613,0.78 ms,1,E-STOP TRIGGERED (COIL 40001 = 1)
IMG-1114,191.jpg,photos/train/unsafe/191.jpg,HAZARD DETECTED,HAZARD DETECTED (E-STOP ACTIVATED),0.0037,0.55 ms,1,E-STOP TRIGGERED (COIL 40001 = 1)
IMG-1115,192.jpg,photos/train/unsafe/192.jpg,HAZARD DETECTED,HAZARD DETECTED (E-STOP ACTIVATED),0.2620,0.65 ms,1,E-STOP TRIGGERED (COIL 40001 = 1)
IMG-1116,193.jpg,photos/train/unsafe/193.jpg,HAZARD DETECTED,HAZARD DETECTED (E-STOP ACTIVATED),0.4631,0.80 ms,1,E-STOP TRIGGERED (COIL 40001 = 1)
IMG-1117,194.jpg,photos/train/unsafe/194.jpg,HAZARD DETECTED,HAZARD DETECTED (E-STOP ACTIVATED),0.4495,0.76 ms,1,E-STOP TRIGGERED (COIL 40001 = 1)
IMG-1118,195.jpg,photos/train/unsafe/195.jpg,HAZARD DETECTED,HAZARD DETECTED (E-STOP ACTIVATED),0.0889,0.89 ms,1,E-STOP TRIGGERED (COIL 40001 = 1)
IMG-1119,196.jpg,photos/train/unsafe/196.jpg,HAZARD DETECTED,HAZARD DETECTED (E-STOP ACTIVATED),0.2219,0.73 ms,1,E-STOP TRIGGERED (COIL 40001 = 1)
IMG-1120,197.jpg,photos/train/unsafe/197.jpg,HAZARD DETECTED,HAZARD DETECTED (E-STOP ACTIVATED),0.8535,0.78 ms,1,E-STOP TRIGGERED (COIL 40001 = 1)
IMG-1121,198.jpg,photos/train/unsafe/198.jpg,HAZARD DETECTED,HAZARD DETECTED (E-STOP ACTIVATED),0.8674,0.60 ms,1,E-STOP TRIGGERED (COIL 40001 = 1)
IMG-1122,199.jpg,photos/train/unsafe/199.jpg,HAZARD DETECTED,HAZARD DETECTED (E-STOP ACTIVATED),0.4722,1.51 ms,1,E-STOP TRIGGERED (COIL 40001 = 1)
IMG-1123,2.jpg,photos/train/unsafe/2.jpg,HAZARD DETECTED,HAZARD DETECTED (E-STOP ACTIVATED),0.7112,0.57 ms,1,E-STOP TRIGGERED (COIL 40001 = 1)
IMG-1124,20.jpg,photos/train/unsafe/20.jpg,HAZARD DETECTED,HAZARD DETECTED (E-STOP ACTIVATED),0.2437,0.63 ms,1,E-STOP TRIGGERED (COIL 40001 = 1)
IMG-1125,200.jpg,photos/train/unsafe/200.jpg,HAZARD DETECTED,HAZARD DETECTED (E-STOP ACTIVATED),0.1812,0.53 ms,1,E-STOP TRIGGERED (COIL 40001 = 1)
IMG-1126,201.jpg,photos/train/unsafe/201.jpg,HAZARD DETECTED,HAZARD DETECTED (E-STOP ACTIVATED),0.9927,0.65 ms,1,E-STOP TRIGGERED (COIL 40001 = 1)
IMG-1127,202.jpg,photos/train/unsafe/202.jpg,HAZARD DETECTED,HAZARD DETECTED (E-STOP ACTIVATED),0.2085,0.54 ms,1,E-STOP TRIGGERED (COIL 40001 = 1)
IMG-1128,203.jpg,photos/train/unsafe/203.jpg,HAZARD DETECTED,HAZARD DETECTED (E-STOP ACTIVATED),0.1650,0.93 ms,1,E-STOP TRIGGERED (COIL 40001 = 1)
IMG-1129,204.jpg,photos/train/unsafe/204.jpg,HAZARD DETECTED,HAZARD DETECTED (E-STOP ACTIVATED),0.2039,0.59 ms,1,E-STOP TRIGGERED (COIL 40001 = 1)
IMG-1130,205.jpg,photos/train/unsafe/205.jpg,HAZARD DETECTED,HAZARD DETECTED (E-STOP ACTIVATED),0.2104,0.58 ms,1,E-STOP TRIGGERED (COIL 40001 = 1)
IMG-1131,206.jpg,photos/train/unsafe/206.jpg,HAZARD DETECTED,HAZARD DETECTED (E-STOP ACTIVATED),0.4736,0.83 ms,1,E-STOP TRIGGERED (COIL 40001 = 1)
IMG-1132,207.jpg,photos/train/unsafe/207.jpg,HAZARD DETECTED,HAZARD DETECTED (E-STOP ACTIVATED),0.7207,0.88 ms,1,E-STOP TRIGGERED (COIL 40001 = 1)
IMG-1133,208.jpg,photos/train/unsafe/208.jpg,HAZARD DETECTED,HAZARD DETECTED (E-STOP ACTIVATED),0.3645,0.94 ms,1,E-STOP TRIGGERED (COIL 40001 = 1)
IMG-1134,209.jpg,photos/train/unsafe/209.jpg,HAZARD DETECTED,HAZARD DETECTED (E-STOP ACTIVATED),0.1250,0.52 ms,1,E-STOP TRIGGERED (COIL 40001 = 1)
IMG-1135,21.jpg,photos/train/unsafe/21.jpg,HAZARD DETECTED,HAZARD DETECTED (E-STOP ACTIVATED),0.0369,0.46 ms,1,E-STOP TRIGGERED (COIL 40001 = 1)
IMG-1136,210.jpg,photos/train/unsafe/210.jpg,HAZARD DETECTED,HAZARD DETECTED (E-STOP ACTIVATED),0.3262,0.78 ms,1,E-STOP TRIGGERED (COIL 40001 = 1)
IMG-1137,211.jpg,photos/train/unsafe/211.jpg,HAZARD DETECTED,HAZARD DETECTED (E-STOP ACTIVATED),0.2183,0.57 ms,1,E-STOP TRIGGERED (COIL 40001 = 1)
IMG-1138,212.jpg,photos/train/unsafe/212.jpg,HAZARD DETECTED,HAZARD DETECTED (E-STOP ACTIVATED),1.0000,1.36 ms,1,E-STOP TRIGGERED (COIL 40001 = 1)
IMG-1139,213.jpg,photos/train/unsafe/213.jpg,HAZARD DETECTED,HAZARD DETECTED (E-STOP ACTIVATED),0.4924,0.76 ms,1,E-STOP TRIGGERED (COIL 40001 = 1)
IMG-1140,214.jpg,photos/train/unsafe/214.jpg,HAZARD DETECTED,HAZARD DETECTED (E-STOP ACTIVATED),0.4321,0.62 ms,1,E-STOP TRIGGERED (COIL 40001 = 1)
IMG-1141,215.jpg,photos/train/unsafe/215.jpg,HAZARD DETECTED,HAZARD DETECTED (E-STOP ACTIVATED),0.8123,0.56 ms,1,E-STOP TRIGGERED (COIL 40001 = 1)
IMG-1142,216.jpg,photos/train/unsafe/216.jpg,HAZARD DETECTED,HAZARD DETECTED (E-STOP ACTIVATED),0.6584,0.70 ms,1,E-STOP TRIGGERED (COIL 40001 = 1)
IMG-1143,217.jpg,photos/train/unsafe/217.jpg,HAZARD DETECTED,HAZARD DETECTED (E-STOP ACTIVATED),1.0000,0.53 ms,1,E-STOP TRIGGERED (COIL 40001 = 1)
IMG-1144,218.jpg,photos/train/unsafe/218.jpg,HAZARD DETECTED,HAZARD DETECTED (E-STOP ACTIVATED),0.9956,0.75 ms,1,E-STOP TRIGGERED (COIL 40001 = 1)
IMG-1145,219.jpg,photos/train/unsafe/219.jpg,HAZARD DETECTED,HAZARD DETECTED (E-STOP ACTIVATED),0.1023,0.56 ms,1,E-STOP TRIGGERED (COIL 40001 = 1)
IMG-1146,22.jpg,photos/train/unsafe/22.jpg,HAZARD DETECTED,HAZARD DETECTED (E-STOP ACTIVATED),0.2373,0.46 ms,1,E-STOP TRIGGERED (COIL 40001 = 1)
IMG-1147,220.jpg,photos/train/unsafe/220.jpg,HAZARD DETECTED,HAZARD DETECTED (E-STOP ACTIVATED),0.4482,0.92 ms,1,E-STOP TRIGGERED (COIL 40001 = 1)
IMG-1148,221.jpg,photos/train/unsafe/221.jpg,HAZARD DETECTED,HAZARD DETECTED (E-STOP ACTIVATED),0.0896,1.04 ms,1,E-STOP TRIGGERED (COIL 40001 = 1)
IMG-1149,222.jpg,photos/train/unsafe/222.jpg,HAZARD DETECTED,HAZARD DETECTED (E-STOP ACTIVATED),0.1130,0.81 ms,1,E-STOP TRIGGERED (COIL 40001 = 1)
IMG-1150,223.jpg,photos/train/unsafe/223.jpg,HAZARD DETECTED,HAZARD DETECTED (E-STOP ACTIVATED),0.6440,0.80 ms,1,E-STOP TRIGGERED (COIL 40001 = 1)
IMG-1151,224.jpg,photos/train/unsafe/224.jpg,HAZARD DETECTED,HAZARD DETECTED (E-STOP ACTIVATED),0.1963,0.47 ms,1,E-STOP TRIGGERED (COIL 40001 = 1)
IMG-1152,225.jpg,photos/train/unsafe/225.jpg,HAZARD DETECTED,HAZARD DETECTED (E-STOP ACTIVATED),0.3274,0.90 ms,1,E-STOP TRIGGERED (COIL 40001 = 1)
IMG-1153,226.jpg,photos/train/unsafe/226.jpg,HAZARD DETECTED,HAZARD DETECTED (E-STOP ACTIVATED),0.3030,1.19 ms,1,E-STOP TRIGGERED (COIL 40001 = 1)
IMG-1154,227.jpg,photos/train/unsafe/227.jpg,HAZARD DETECTED,HAZARD DETECTED (E-STOP ACTIVATED),0.3323,0.59 ms,1,E-STOP TRIGGERED (COIL 40001 = 1)
IMG-1155,228.jpg,photos/train/unsafe/228.jpg,HAZARD DETECTED,HAZARD DETECTED (E-STOP ACTIVATED),0.1907,0.81 ms,1,E-STOP TRIGGERED (COIL 40001 = 1)
IMG-1156,229.jpg,photos/train/unsafe/229.jpg,HAZARD DETECTED,HAZARD DETECTED (E-STOP ACTIVATED),0.3840,0.83 ms,1,E-STOP TRIGGERED (COIL 40001 = 1)
IMG-1157,23.jpg,photos/train/unsafe/23.jpg,HAZARD DETECTED,HAZARD DETECTED (E-STOP ACTIVATED),0.1206,0.58 ms,1,E-STOP TRIGGERED (COIL 40001 = 1)
IMG-1158,230.jpg,photos/train/unsafe/230.jpg,HAZARD DETECTED,HAZARD DETECTED (E-STOP ACTIVATED),0.7073,0.89 ms,1,E-STOP TRIGGERED (COIL 40001 = 1)
IMG-1159,231.jpg,photos/train/unsafe/231.jpg,HAZARD DETECTED,HAZARD DETECTED (E-STOP ACTIVATED),0.0186,0.98 ms,1,E-STOP TRIGGERED (COIL 40001 = 1)
IMG-1160,232.jpg,photos/train/unsafe/232.jpg,HAZARD DETECTED,HAZARD DETECTED (E-STOP ACTIVATED),0.2200,0.71 ms,1,E-STOP TRIGGERED (COIL 40001 = 1)
IMG-1161,233.jpg,photos/train/unsafe/233.jpg,HAZARD DETECTED,HAZARD DETECTED (E-STOP ACTIVATED),0.5601,0.67 ms,1,E-STOP TRIGGERED (COIL 40001 = 1)
IMG-1162,234.jpg,photos/train/unsafe/234.jpg,HAZARD DETECTED,HAZARD DETECTED (E-STOP ACTIVATED),0.0139,0.73 ms,1,E-STOP TRIGGERED (COIL 40001 = 1)
IMG-1163,235.jpg,photos/train/unsafe/235.jpg,HAZARD DETECTED,HAZARD DETECTED (E-STOP ACTIVATED),0.7593,0.94 ms,1,E-STOP TRIGGERED (COIL 40001 = 1)
IMG-1164,236.jpg,photos/train/unsafe/236.jpg,HAZARD DETECTED,HAZARD DETECTED (E-STOP ACTIVATED),0.6165,0.47 ms,1,E-STOP TRIGGERED (COIL 40001 = 1)
IMG-1165,237.jpg,photos/train/unsafe/237.jpg,HAZARD DETECTED,HAZARD DETECTED (E-STOP ACTIVATED),0.3025,0.55 ms,1,E-STOP TRIGGERED (COIL 40001 = 1)
IMG-1166,238.jpg,photos/train/unsafe/238.jpg,HAZARD DETECTED,HAZARD DETECTED (E-STOP ACTIVATED),0.0066,0.53 ms,1,E-STOP TRIGGERED (COIL 40001 = 1)
IMG-1167,239.jpg,photos/train/unsafe/239.jpg,HAZARD DETECTED,HAZARD DETECTED (E-STOP ACTIVATED),0.1121,0.49 ms,1,E-STOP TRIGGERED (COIL 40001 = 1)
IMG-1168,24.jpg,photos/train/unsafe/24.jpg,HAZARD DETECTED,HAZARD DETECTED (E-STOP ACTIVATED),0.0872,0.73 ms,1,E-STOP TRIGGERED (COIL 40001 = 1)
IMG-1169,240.jpg,photos/train/unsafe/240.jpg,HAZARD DETECTED,HAZARD DETECTED (E-STOP ACTIVATED),0.5527,0.69 ms,1,E-STOP TRIGGERED (COIL 40001 = 1)
IMG-1170,241.jpg,photos/train/unsafe/241.jpg,HAZARD DETECTED,HAZARD DETECTED (E-STOP ACTIVATED),0.6611,0.56 ms,1,E-STOP TRIGGERED (COIL 40001 = 1)
IMG-1171,242.jpg,photos/train/unsafe/242.jpg,HAZARD DETECTED,HAZARD DETECTED (E-STOP ACTIVATED),0.1206,0.53 ms,1,E-STOP TRIGGERED (COIL 40001 = 1)
IMG-1172,243.jpg,photos/train/unsafe/243.jpg,HAZARD DETECTED,HAZARD DETECTED (E-STOP ACTIVATED),0.1174,0.56 ms,1,E-STOP TRIGGERED (COIL 40001 = 1)
IMG-1173,244.jpg,photos/train/unsafe/244.jpg,HAZARD DETECTED,HAZARD DETECTED (E-STOP ACTIVATED),0.7261,0.55 ms,1,E-STOP TRIGGERED (COIL 40001 = 1)
IMG-1174,245.jpg,photos/train/unsafe/245.jpg,HAZARD DETECTED,HAZARD DETECTED (E-STOP ACTIVATED),0.3291,0.53 ms,1,E-STOP TRIGGERED (COIL 40001 = 1)
IMG-1175,246.jpg,photos/train/unsafe/246.jpg,HAZARD DETECTED,HAZARD DETECTED (E-STOP ACTIVATED),0.1438,0.53 ms,1,E-STOP TRIGGERED (COIL 40001 = 1)
IMG-1176,247.jpg,photos/train/unsafe/247.jpg,HAZARD DETECTED,HAZARD DETECTED (E-STOP ACTIVATED),0.6128,0.68 ms,1,E-STOP TRIGGERED (COIL 40001 = 1)
IMG-1177,248.jpg,photos/train/unsafe/248.jpg,HAZARD DETECTED,HAZARD DETECTED (E-STOP ACTIVATED),0.3110,0.97 ms,1,E-STOP TRIGGERED (COIL 40001 = 1)
IMG-1178,249.jpg,photos/train/unsafe/249.jpg,HAZARD DETECTED,HAZARD DETECTED (E-STOP ACTIVATED),0.5188,0.77 ms,1,E-STOP TRIGGERED (COIL 40001 = 1)
IMG-1179,25.jpg,photos/train/unsafe/25.jpg,HAZARD DETECTED,HAZARD DETECTED (E-STOP ACTIVATED),0.1768,0.46 ms,1,E-STOP TRIGGERED (COIL 40001 = 1)
IMG-1180,250.jpg,photos/train/unsafe/250.jpg,HAZARD DETECTED,HAZARD DETECTED (E-STOP ACTIVATED),0.0063,0.53 ms,1,E-STOP TRIGGERED (COIL 40001 = 1)
IMG-1181,251.jpg,photos/train/unsafe/251.jpg,HAZARD DETECTED,HAZARD DETECTED (E-STOP ACTIVATED),0.0635,0.56 ms,1,E-STOP TRIGGERED (COIL 40001 = 1)
IMG-1182,252.jpg,photos/train/unsafe/252.jpg,HAZARD DETECTED,HAZARD DETECTED (E-STOP ACTIVATED),0.0725,0.53 ms,1,E-STOP TRIGGERED (COIL 40001 = 1)
IMG-1183,253.jpg,photos/train/unsafe/253.jpg,HAZARD DETECTED,HAZARD DETECTED (E-STOP ACTIVATED),0.3774,0.54 ms,1,E-STOP TRIGGERED (COIL 40001 = 1)
IMG-1184,254.jpg,photos/train/unsafe/254.jpg,HAZARD DETECTED,HAZARD DETECTED (E-STOP ACTIVATED),0.1143,0.82 ms,1,E-STOP TRIGGERED (COIL 40001 = 1)
IMG-1185,255.jpg,photos/train/unsafe/255.jpg,HAZARD DETECTED,HAZARD DETECTED (E-STOP ACTIVATED),0.9531,0.57 ms,1,E-STOP TRIGGERED (COIL 40001 = 1)
IMG-1186,256.jpg,photos/train/unsafe/256.jpg,HAZARD DETECTED,HAZARD DETECTED (E-STOP ACTIVATED),1.0000,0.63 ms,1,E-STOP TRIGGERED (COIL 40001 = 1)
IMG-1187,257.jpg,photos/train/unsafe/257.jpg,HAZARD DETECTED,HAZARD DETECTED (E-STOP ACTIVATED),0.6399,0.62 ms,1,E-STOP TRIGGERED (COIL 40001 = 1)
IMG-1188,258.jpg,photos/train/unsafe/258.jpg,HAZARD DETECTED,HAZARD DETECTED (E-STOP ACTIVATED),0.4338,0.61 ms,1,E-STOP TRIGGERED (COIL 40001 = 1)
IMG-1189,259.jpg,photos/train/unsafe/259.jpg,HAZARD DETECTED,HAZARD DETECTED (E-STOP ACTIVATED),0.2883,0.70 ms,1,E-STOP TRIGGERED (COIL 40001 = 1)
IMG-1190,26.jpg,photos/train/unsafe/26.jpg,HAZARD DETECTED,HAZARD DETECTED (E-STOP ACTIVATED),0.3401,0.84 ms,1,E-STOP TRIGGERED (COIL 40001 = 1)
IMG-1191,260.jpg,photos/train/unsafe/260.jpg,HAZARD DETECTED,HAZARD DETECTED (E-STOP ACTIVATED),0.3821,0.56 ms,1,E-STOP TRIGGERED (COIL 40001 = 1)
IMG-1192,261.jpg,photos/train/unsafe/261.jpg,HAZARD DETECTED,HAZARD DETECTED (E-STOP ACTIVATED),0.1694,0.53 ms,1,E-STOP TRIGGERED (COIL 40001 = 1)
IMG-1193,262.jpg,photos/train/unsafe/262.jpg,HAZARD DETECTED,HAZARD DETECTED (E-STOP ACTIVATED),0.8000,0.58 ms,1,E-STOP TRIGGERED (COIL 40001 = 1)
IMG-1194,263.jpg,photos/train/unsafe/263.jpg,HAZARD DETECTED,HAZARD DETECTED (E-STOP ACTIVATED),0.6956,0.63 ms,1,E-STOP TRIGGERED (COIL 40001 = 1)
IMG-1195,264.jpg,photos/train/unsafe/264.jpg,HAZARD DETECTED,HAZARD DETECTED (E-STOP ACTIVATED),0.6118,0.59 ms,1,E-STOP TRIGGERED (COIL 40001 = 1)
IMG-1196,265.jpg,photos/train/unsafe/265.jpg,HAZARD DETECTED,HAZARD DETECTED (E-STOP ACTIVATED),0.1611,0.80 ms,1,E-STOP TRIGGERED (COIL 40001 = 1)
IMG-1197,266.jpg,photos/train/unsafe/266.jpg,HAZARD DETECTED,HAZARD DETECTED (E-STOP ACTIVATED),0.5427,0.56 ms,1,E-STOP TRIGGERED (COIL 40001 = 1)
IMG-1198,267.jpg,photos/train/unsafe/267.jpg,HAZARD DETECTED,HAZARD DETECTED (E-STOP ACTIVATED),0.2146,0.93 ms,1,E-STOP TRIGGERED (COIL 40001 = 1)
IMG-1199,268.jpg,photos/train/unsafe/268.jpg,HAZARD DETECTED,HAZARD DETECTED (E-STOP ACTIVATED),0.2080,0.54 ms,1,E-STOP TRIGGERED (COIL 40001 = 1)
IMG-1200,269.jpg,photos/train/unsafe/269.jpg,HAZARD DETECTED,HAZARD DETECTED (E-STOP ACTIVATED),0.9949,0.60 ms,1,E-STOP TRIGGERED (COIL 40001 = 1)
IMG-1201,27.jpg,photos/train/unsafe/27.jpg,HAZARD DETECTED,HAZARD DETECTED (E-STOP ACTIVATED),0.4871,0.54 ms,1,E-STOP TRIGGERED (COIL 40001 = 1)
IMG-1202,270.jpg,photos/train/unsafe/270.jpg,HAZARD DETECTED,HAZARD DETECTED (E-STOP ACTIVATED),1.0000,0.54 ms,1,E-STOP TRIGGERED (COIL 40001 = 1)
IMG-1203,271.jpg,photos/train/unsafe/271.jpg,HAZARD DETECTED,HAZARD DETECTED (E-STOP ACTIVATED),0.2246,0.57 ms,1,E-STOP TRIGGERED (COIL 40001 = 1)
IMG-1204,272.jpg,photos/train/unsafe/272.jpg,HAZARD DETECTED,HAZARD DETECTED (E-STOP ACTIVATED),0.1997,0.62 ms,1,E-STOP TRIGGERED (COIL 40001 = 1)
IMG-1205,273.jpg,photos/train/unsafe/273.jpg,HAZARD DETECTED,HAZARD DETECTED (E-STOP ACTIVATED),0.0769,0.87 ms,1,E-STOP TRIGGERED (COIL 40001 = 1)
IMG-1206,274.jpg,photos/train/unsafe/274.jpg,HAZARD DETECTED,HAZARD DETECTED (E-STOP ACTIVATED),0.2002,0.61 ms,1,E-STOP TRIGGERED (COIL 40001 = 1)
IMG-1207,275.jpg,photos/train/unsafe/275.jpg,HAZARD DETECTED,HAZARD DETECTED (E-STOP ACTIVATED),0.9370,0.55 ms,1,E-STOP TRIGGERED (COIL 40001 = 1)
IMG-1208,276.jpg,photos/train/unsafe/276.jpg,HAZARD DETECTED,HAZARD DETECTED (E-STOP ACTIVATED),0.5173,0.87 ms,1,E-STOP TRIGGERED (COIL 40001 = 1)
IMG-1209,277.jpg,photos/train/unsafe/277.jpg,HAZARD DETECTED,HAZARD DETECTED (E-STOP ACTIVATED),0.4353,0.54 ms,1,E-STOP TRIGGERED (COIL 40001 = 1)
IMG-1210,278.jpg,photos/train/unsafe/278.jpg,HAZARD DETECTED,HAZARD DETECTED (E-STOP ACTIVATED),0.0845,0.64 ms,1,E-STOP TRIGGERED (COIL 40001 = 1)
IMG-1211,279.jpg,photos/train/unsafe/279.jpg,HAZARD DETECTED,HAZARD DETECTED (E-STOP ACTIVATED),0.6233,0.57 ms,1,E-STOP TRIGGERED (COIL 40001 = 1)
IMG-1212,28.jpg,photos/train/unsafe/28.jpg,HAZARD DETECTED,HAZARD DETECTED (E-STOP ACTIVATED),0.6973,0.95 ms,1,E-STOP TRIGGERED (COIL 40001 = 1)
IMG-1213,280.jpg,photos/train/unsafe/280.jpg,HAZARD DETECTED,HAZARD DETECTED (E-STOP ACTIVATED),1.0000,0.55 ms,1,E-STOP TRIGGERED (COIL 40001 = 1)
IMG-1214,281.jpg,photos/train/unsafe/281.jpg,HAZARD DETECTED,HAZARD DETECTED (E-STOP ACTIVATED),0.7283,0.55 ms,1,E-STOP TRIGGERED (COIL 40001 = 1)
IMG-1215,282.jpg,photos/train/unsafe/282.jpg,HAZARD DETECTED,HAZARD DETECTED (E-STOP ACTIVATED),0.0356,0.47 ms,1,E-STOP TRIGGERED (COIL 40001 = 1)
IMG-1216,283.jpg,photos/train/unsafe/283.jpg,HAZARD DETECTED,HAZARD DETECTED (E-STOP ACTIVATED),0.0769,0.84 ms,1,E-STOP TRIGGERED (COIL 40001 = 1)
IMG-1217,284.jpg,photos/train/unsafe/284.jpg,HAZARD DETECTED,HAZARD DETECTED (E-STOP ACTIVATED),0.0559,0.54 ms,1,E-STOP TRIGGERED (COIL 40001 = 1)
IMG-1218,285.jpg,photos/train/unsafe/285.jpg,HAZARD DETECTED,HAZARD DETECTED (E-STOP ACTIVATED),0.5891,0.77 ms,1,E-STOP TRIGGERED (COIL 40001 = 1)
IMG-1219,286.jpg,photos/train/unsafe/286.jpg,HAZARD DETECTED,HAZARD DETECTED (E-STOP ACTIVATED),0.9473,0.90 ms,1,E-STOP TRIGGERED (COIL 40001 = 1)
IMG-1220,287.jpg,photos/train/unsafe/287.jpg,HAZARD DETECTED,HAZARD DETECTED (E-STOP ACTIVATED),0.2817,0.96 ms,1,E-STOP TRIGGERED (COIL 40001 = 1)
IMG-1221,288.jpg,photos/train/unsafe/288.jpg,HAZARD DETECTED,HAZARD DETECTED (E-STOP ACTIVATED),0.4619,0.83 ms,1,E-STOP TRIGGERED (COIL 40001 = 1)
IMG-1222,289.jpg,photos/train/unsafe/289.jpg,HAZARD DETECTED,HAZARD DETECTED (E-STOP ACTIVATED),0.2224,0.64 ms,1,E-STOP TRIGGERED (COIL 40001 = 1)
IMG-1223,29.jpg,photos/train/unsafe/29.jpg,HAZARD DETECTED,HAZARD DETECTED (E-STOP ACTIVATED),1.0000,0.94 ms,1,E-STOP TRIGGERED (COIL 40001 = 1)
IMG-1224,290.jpg,photos/train/unsafe/290.jpg,HAZARD DETECTED,HAZARD DETECTED (E-STOP ACTIVATED),0.0000,0.52 ms,1,E-STOP TRIGGERED (COIL 40001 = 1)
IMG-1225,291.jpg,photos/train/unsafe/291.jpg,HAZARD DETECTED,HAZARD DETECTED (E-STOP ACTIVATED),0.9924,0.50 ms,1,E-STOP TRIGGERED (COIL 40001 = 1)
IMG-1226,292.jpg,photos/train/unsafe/292.jpg,HAZARD DETECTED,HAZARD DETECTED (E-STOP ACTIVATED),0.4194,1.11 ms,1,E-STOP TRIGGERED (COIL 40001 = 1)
IMG-1227,293.jpg,photos/train/unsafe/293.jpg,HAZARD DETECTED,HAZARD DETECTED (E-STOP ACTIVATED),0.5093,0.86 ms,1,E-STOP TRIGGERED (COIL 40001 = 1)
IMG-1228,294.jpg,photos/train/unsafe/294.jpg,HAZARD DETECTED,HAZARD DETECTED (E-STOP ACTIVATED),0.3896,0.59 ms,1,E-STOP TRIGGERED (COIL 40001 = 1)
IMG-1229,295.jpg,photos/train/unsafe/295.jpg,HAZARD DETECTED,HAZARD DETECTED (E-STOP ACTIVATED),0.3103,0.53 ms,1,E-STOP TRIGGERED (COIL 40001 = 1)
IMG-1230,296.jpg,photos/train/unsafe/296.jpg,HAZARD DETECTED,HAZARD DETECTED (E-STOP ACTIVATED),0.3823,0.60 ms,1,E-STOP TRIGGERED (COIL 40001 = 1)
IMG-1231,297.jpg,photos/train/unsafe/297.jpg,HAZARD DETECTED,HAZARD DETECTED (E-STOP ACTIVATED),0.1274,0.76 ms,1,E-STOP TRIGGERED (COIL 40001 = 1)
IMG-1232,298.jpg,photos/train/unsafe/298.jpg,HAZARD DETECTED,HAZARD DETECTED (E-STOP ACTIVATED),1.0000,1.59 ms,1,E-STOP TRIGGERED (COIL 40001 = 1)
IMG-1233,299.jpg,photos/train/unsafe/299.jpg,HAZARD DETECTED,HAZARD DETECTED (E-STOP ACTIVATED),0.6602,0.63 ms,1,E-STOP TRIGGERED (COIL 40001 = 1)
IMG-1234,3.jpg,photos/train/unsafe/3.jpg,HAZARD DETECTED,HAZARD DETECTED (E-STOP ACTIVATED),0.0967,0.57 ms,1,E-STOP TRIGGERED (COIL 40001 = 1)
IMG-1235,30.jpg,photos/train/unsafe/30.jpg,HAZARD DETECTED,HAZARD DETECTED (E-STOP ACTIVATED),0.3347,0.62 ms,1,E-STOP TRIGGERED (COIL 40001 = 1)
IMG-1236,300.jpg,photos/train/unsafe/300.jpg,HAZARD DETECTED,HAZARD DETECTED (E-STOP ACTIVATED),1.0000,0.72 ms,1,E-STOP TRIGGERED (COIL 40001 = 1)
IMG-1237,301.jpg,photos/train/unsafe/301.jpg,HAZARD DETECTED,HAZARD DETECTED (E-STOP ACTIVATED),0.5334,2.17 ms,1,E-STOP TRIGGERED (COIL 40001 = 1)
IMG-1238,302.jpg,photos/train/unsafe/302.jpg,HAZARD DETECTED,HAZARD DETECTED (E-STOP ACTIVATED),0.0000,0.78 ms,1,E-STOP TRIGGERED (COIL 40001 = 1)
IMG-1239,303.jpg,photos/train/unsafe/303.jpg,HAZARD DETECTED,HAZARD DETECTED (E-STOP ACTIVATED),0.0852,0.57 ms,1,E-STOP TRIGGERED (COIL 40001 = 1)
IMG-1240,304.jpg,photos/train/unsafe/304.jpg,HAZARD DETECTED,HAZARD DETECTED (E-STOP ACTIVATED),0.4163,0.60 ms,1,E-STOP TRIGGERED (COIL 40001 = 1)
IMG-1241,305.jpg,photos/train/unsafe/305.jpg,HAZARD DETECTED,HAZARD DETECTED (E-STOP ACTIVATED),0.3293,0.70 ms,1,E-STOP TRIGGERED (COIL 40001 = 1)
IMG-1242,306.jpg,photos/train/unsafe/306.jpg,HAZARD DETECTED,HAZARD DETECTED (E-STOP ACTIVATED),0.5994,0.89 ms,1,E-STOP TRIGGERED (COIL 40001 = 1)
IMG-1243,307.jpg,photos/train/unsafe/307.jpg,HAZARD DETECTED,HAZARD DETECTED (E-STOP ACTIVATED),0.5625,0.59 ms,1,E-STOP TRIGGERED (COIL 40001 = 1)
IMG-1244,308.jpg,photos/train/unsafe/308.jpg,HAZARD DETECTED,HAZARD DETECTED (E-STOP ACTIVATED),0.0864,0.80 ms,1,E-STOP TRIGGERED (COIL 40001 = 1)
IMG-1245,309.jpg,photos/train/unsafe/309.jpg,HAZARD DETECTED,HAZARD DETECTED (E-STOP ACTIVATED),0.0486,0.78 ms,1,E-STOP TRIGGERED (COIL 40001 = 1)
IMG-1246,31.jpg,photos/train/unsafe/31.jpg,HAZARD DETECTED,HAZARD DETECTED (E-STOP ACTIVATED),0.4976,0.90 ms,1,E-STOP TRIGGERED (COIL 40001 = 1)
IMG-1247,310.jpg,photos/train/unsafe/310.jpg,HAZARD DETECTED,HAZARD DETECTED (E-STOP ACTIVATED),0.9814,0.79 ms,1,E-STOP TRIGGERED (COIL 40001 = 1)
IMG-1248,311.jpg,photos/train/unsafe/311.jpg,HAZARD DETECTED,HAZARD DETECTED (E-STOP ACTIVATED),0.2908,0.58 ms,1,E-STOP TRIGGERED (COIL 40001 = 1)
IMG-1249,312.jpg,photos/train/unsafe/312.jpg,HAZARD DETECTED,HAZARD DETECTED (E-STOP ACTIVATED),0.3953,0.81 ms,1,E-STOP TRIGGERED (COIL 40001 = 1)
IMG-1250,313.jpg,photos/train/unsafe/313.jpg,HAZARD DETECTED,HAZARD DETECTED (E-STOP ACTIVATED),0.1318,1.00 ms,1,E-STOP TRIGGERED (COIL 40001 = 1)
IMG-1251,314.jpg,photos/train/unsafe/314.jpg,HAZARD DETECTED,HAZARD DETECTED (E-STOP ACTIVATED),0.1106,0.55 ms,1,E-STOP TRIGGERED (COIL 40001 = 1)
IMG-1252,315.jpg,photos/train/unsafe/315.jpg,HAZARD DETECTED,HAZARD DETECTED (E-STOP ACTIVATED),0.5469,0.61 ms,1,E-STOP TRIGGERED (COIL 40001 = 1)
IMG-1253,316.jpg,photos/train/unsafe/316.jpg,HAZARD DETECTED,HAZARD DETECTED (E-STOP ACTIVATED),0.5112,0.58 ms,1,E-STOP TRIGGERED (COIL 40001 = 1)
IMG-1254,317.jpg,photos/train/unsafe/317.jpg,HAZARD DETECTED,HAZARD DETECTED (E-STOP ACTIVATED),0.0681,0.56 ms,1,E-STOP TRIGGERED (COIL 40001 = 1)
IMG-1255,318.jpg,photos/train/unsafe/318.jpg,HAZARD DETECTED,HAZARD DETECTED (E-STOP ACTIVATED),0.2588,0.60 ms,1,E-STOP TRIGGERED (COIL 40001 = 1)
IMG-1256,319.jpg,photos/train/unsafe/319.jpg,HAZARD DETECTED,HAZARD DETECTED (E-STOP ACTIVATED),0.2639,0.79 ms,1,E-STOP TRIGGERED (COIL 40001 = 1)
IMG-1257,32.jpg,photos/train/unsafe/32.jpg,HAZARD DETECTED,HAZARD DETECTED (E-STOP ACTIVATED),0.0000,0.61 ms,1,E-STOP TRIGGERED (COIL 40001 = 1)
IMG-1258,320.jpg,photos/train/unsafe/320.jpg,HAZARD DETECTED,HAZARD DETECTED (E-STOP ACTIVATED),0.6553,0.72 ms,1,E-STOP TRIGGERED (COIL 40001 = 1)
IMG-1259,321.jpg,photos/train/unsafe/321.jpg,HAZARD DETECTED,HAZARD DETECTED (E-STOP ACTIVATED),0.7349,0.61 ms,1,E-STOP TRIGGERED (COIL 40001 = 1)
IMG-1260,322.jpg,photos/train/unsafe/322.jpg,HAZARD DETECTED,HAZARD DETECTED (E-STOP ACTIVATED),0.0881,0.81 ms,1,E-STOP TRIGGERED (COIL 40001 = 1)
IMG-1261,323.jpg,photos/train/unsafe/323.jpg,HAZARD DETECTED,HAZARD DETECTED (E-STOP ACTIVATED),0.0405,0.65 ms,1,E-STOP TRIGGERED (COIL 40001 = 1)
IMG-1262,324.jpg,photos/train/unsafe/324.jpg,HAZARD DETECTED,HAZARD DETECTED (E-STOP ACTIVATED),0.8118,0.59 ms,1,E-STOP TRIGGERED (COIL 40001 = 1)
IMG-1263,325.jpg,photos/train/unsafe/325.jpg,HAZARD DETECTED,HAZARD DETECTED (E-STOP ACTIVATED),0.5593,0.56 ms,1,E-STOP TRIGGERED (COIL 40001 = 1)
IMG-1264,326.jpg,photos/train/unsafe/326.jpg,HAZARD DETECTED,HAZARD DETECTED (E-STOP ACTIVATED),0.6023,0.66 ms,1,E-STOP TRIGGERED (COIL 40001 = 1)
IMG-1265,327.jpg,photos/train/unsafe/327.jpg,HAZARD DETECTED,HAZARD DETECTED (E-STOP ACTIVATED),0.0706,0.70 ms,1,E-STOP TRIGGERED (COIL 40001 = 1)
IMG-1266,328.jpg,photos/train/unsafe/328.jpg,HAZARD DETECTED,HAZARD DETECTED (E-STOP ACTIVATED),0.0808,0.59 ms,1,E-STOP TRIGGERED (COIL 40001 = 1)
IMG-1267,329.jpg,photos/train/unsafe/329.jpg,HAZARD DETECTED,HAZARD DETECTED (E-STOP ACTIVATED),0.2188,0.67 ms,1,E-STOP TRIGGERED (COIL 40001 = 1)
IMG-1268,33.jpg,photos/train/unsafe/33.jpg,HAZARD DETECTED,HAZARD DETECTED (E-STOP ACTIVATED),0.2000,0.83 ms,1,E-STOP TRIGGERED (COIL 40001 = 1)
IMG-1269,330.jpg,photos/train/unsafe/330.jpg,HAZARD DETECTED,HAZARD DETECTED (E-STOP ACTIVATED),0.3276,0.72 ms,1,E-STOP TRIGGERED (COIL 40001 = 1)
IMG-1270,331.jpg,photos/train/unsafe/331.jpg,HAZARD DETECTED,HAZARD DETECTED (E-STOP ACTIVATED),0.0242,0.73 ms,1,E-STOP TRIGGERED (COIL 40001 = 1)
IMG-1271,332.jpg,photos/train/unsafe/332.jpg,HAZARD DETECTED,HAZARD DETECTED (E-STOP ACTIVATED),0.1494,0.82 ms,1,E-STOP TRIGGERED (COIL 40001 = 1)
IMG-1272,333.jpg,photos/train/unsafe/333.jpg,HAZARD DETECTED,HAZARD DETECTED (E-STOP ACTIVATED),0.0251,0.76 ms,1,E-STOP TRIGGERED (COIL 40001 = 1)
IMG-1273,334.jpg,photos/train/unsafe/334.jpg,HAZARD DETECTED,HAZARD DETECTED (E-STOP ACTIVATED),0.1812,0.95 ms,1,E-STOP TRIGGERED (COIL 40001 = 1)
IMG-1274,335.jpg,photos/train/unsafe/335.jpg,HAZARD DETECTED,HAZARD DETECTED (E-STOP ACTIVATED),0.6204,0.67 ms,1,E-STOP TRIGGERED (COIL 40001 = 1)
IMG-1275,336.jpg,photos/train/unsafe/336.jpg,HAZARD DETECTED,HAZARD DETECTED (E-STOP ACTIVATED),0.1326,0.68 ms,1,E-STOP TRIGGERED (COIL 40001 = 1)
IMG-1276,337.jpg,photos/train/unsafe/337.jpg,HAZARD DETECTED,HAZARD DETECTED (E-STOP ACTIVATED),0.4375,0.60 ms,1,E-STOP TRIGGERED (COIL 40001 = 1)
IMG-1277,338.jpg,photos/train/unsafe/338.jpg,HAZARD DETECTED,HAZARD DETECTED (E-STOP ACTIVATED),0.4583,1.03 ms,1,E-STOP TRIGGERED (COIL 40001 = 1)
IMG-1278,339.jpg,photos/train/unsafe/339.jpg,HAZARD DETECTED,HAZARD DETECTED (E-STOP ACTIVATED),0.0540,0.70 ms,1,E-STOP TRIGGERED (COIL 40001 = 1)
IMG-1279,34.jpg,photos/train/unsafe/34.jpg,HAZARD DETECTED,HAZARD DETECTED (E-STOP ACTIVATED),1.0000,0.58 ms,1,E-STOP TRIGGERED (COIL 40001 = 1)
IMG-1280,340.jpg,photos/train/unsafe/340.jpg,HAZARD DETECTED,HAZARD DETECTED (E-STOP ACTIVATED),0.3076,0.72 ms,1,E-STOP TRIGGERED (COIL 40001 = 1)
IMG-1281,341.jpg,photos/train/unsafe/341.jpg,HAZARD DETECTED,HAZARD DETECTED (E-STOP ACTIVATED),0.2793,0.70 ms,1,E-STOP TRIGGERED (COIL 40001 = 1)
IMG-1282,342.jpg,photos/train/unsafe/342.jpg,HAZARD DETECTED,HAZARD DETECTED (E-STOP ACTIVATED),0.4819,0.48 ms,1,E-STOP TRIGGERED (COIL 40001 = 1)
IMG-1283,343.jpg,photos/train/unsafe/343.jpg,HAZARD DETECTED,HAZARD DETECTED (E-STOP ACTIVATED),0.0012,0.75 ms,1,E-STOP TRIGGERED (COIL 40001 = 1)
IMG-1284,344.jpg,photos/train/unsafe/344.jpg,HAZARD DETECTED,HAZARD DETECTED (E-STOP ACTIVATED),1.0000,0.53 ms,1,E-STOP TRIGGERED (COIL 40001 = 1)
IMG-1285,345.jpg,photos/train/unsafe/345.jpg,HAZARD DETECTED,HAZARD DETECTED (E-STOP ACTIVATED),0.4607,0.55 ms,1,E-STOP TRIGGERED (COIL 40001 = 1)
IMG-1286,346.jpg,photos/train/unsafe/346.jpg,HAZARD DETECTED,HAZARD DETECTED (E-STOP ACTIVATED),0.1230,0.55 ms,1,E-STOP TRIGGERED (COIL 40001 = 1)
IMG-1287,347.jpg,photos/train/unsafe/347.jpg,HAZARD DETECTED,HAZARD DETECTED (E-STOP ACTIVATED),0.3267,0.58 ms,1,E-STOP TRIGGERED (COIL 40001 = 1)
IMG-1288,348.jpg,photos/train/unsafe/348.jpg,HAZARD DETECTED,HAZARD DETECTED (E-STOP ACTIVATED),0.2881,0.54 ms,1,E-STOP TRIGGERED (COIL 40001 = 1)
IMG-1289,349.jpg,photos/train/unsafe/349.jpg,HAZARD DETECTED,HAZARD DETECTED (E-STOP ACTIVATED),0.9185,0.55 ms,1,E-STOP TRIGGERED (COIL 40001 = 1)
IMG-1290,35.jpg,photos/train/unsafe/35.jpg,HAZARD DETECTED,HAZARD DETECTED (E-STOP ACTIVATED),0.1650,0.62 ms,1,E-STOP TRIGGERED (COIL 40001 = 1)
IMG-1291,350.jpg,photos/train/unsafe/350.jpg,HAZARD DETECTED,HAZARD DETECTED (E-STOP ACTIVATED),0.1650,0.54 ms,1,E-STOP TRIGGERED (COIL 40001 = 1)
IMG-1292,351.jpg,photos/train/unsafe/351.jpg,HAZARD DETECTED,HAZARD DETECTED (E-STOP ACTIVATED),0.1462,0.60 ms,1,E-STOP TRIGGERED (COIL 40001 = 1)
IMG-1293,352.jpg,photos/train/unsafe/352.jpg,HAZARD DETECTED,HAZARD DETECTED (E-STOP ACTIVATED),0.1516,0.97 ms,1,E-STOP TRIGGERED (COIL 40001 = 1)
IMG-1294,353.jpg,photos/train/unsafe/353.jpg,HAZARD DETECTED,HAZARD DETECTED (E-STOP ACTIVATED),0.9062,1.12 ms,1,E-STOP TRIGGERED (COIL 40001 = 1)
IMG-1295,354.jpg,photos/train/unsafe/354.jpg,HAZARD DETECTED,HAZARD DETECTED (E-STOP ACTIVATED),0.3022,0.68 ms,1,E-STOP TRIGGERED (COIL 40001 = 1)
IMG-1296,355.jpg,photos/train/unsafe/355.jpg,HAZARD DETECTED,HAZARD DETECTED (E-STOP ACTIVATED),0.0181,0.56 ms,1,E-STOP TRIGGERED (COIL 40001 = 1)
IMG-1297,356.jpg,photos/train/unsafe/356.jpg,HAZARD DETECTED,HAZARD DETECTED (E-STOP ACTIVATED),0.2014,0.56 ms,1,E-STOP TRIGGERED (COIL 40001 = 1)
IMG-1298,357.jpg,photos/train/unsafe/357.jpg,HAZARD DETECTED,HAZARD DETECTED (E-STOP ACTIVATED),0.2251,0.54 ms,1,E-STOP TRIGGERED (COIL 40001 = 1)
IMG-1299,358.jpg,photos/train/unsafe/358.jpg,HAZARD DETECTED,HAZARD DETECTED (E-STOP ACTIVATED),0.0081,0.54 ms,1,E-STOP TRIGGERED (COIL 40001 = 1)
IMG-1300,359.jpg,photos/train/unsafe/359.jpg,HAZARD DETECTED,HAZARD DETECTED (E-STOP ACTIVATED),0.1643,0.72 ms,1,E-STOP TRIGGERED (COIL 40001 = 1)
IMG-1301,36.jpg,photos/train/unsafe/36.jpg,HAZARD DETECTED,HAZARD DETECTED (E-STOP ACTIVATED),0.0513,1.02 ms,1,E-STOP TRIGGERED (COIL 40001 = 1)
IMG-1302,360.jpg,photos/train/unsafe/360.jpg,HAZARD DETECTED,HAZARD DETECTED (E-STOP ACTIVATED),0.2410,0.74 ms,1,E-STOP TRIGGERED (COIL 40001 = 1)
IMG-1303,361.jpg,photos/train/unsafe/361.jpg,HAZARD DETECTED,HAZARD DETECTED (E-STOP ACTIVATED),0.1794,0.93 ms,1,E-STOP TRIGGERED (COIL 40001 = 1)
IMG-1304,362.jpg,photos/train/unsafe/362.jpg,HAZARD DETECTED,HAZARD DETECTED (E-STOP ACTIVATED),0.9092,0.84 ms,1,E-STOP TRIGGERED (COIL 40001 = 1)
IMG-1305,363.jpg,photos/train/unsafe/363.jpg,HAZARD DETECTED,HAZARD DETECTED (E-STOP ACTIVATED),0.1953,0.61 ms,1,E-STOP TRIGGERED (COIL 40001 = 1)
IMG-1306,364.jpg,photos/train/unsafe/364.jpg,HAZARD DETECTED,HAZARD DETECTED (E-STOP ACTIVATED),0.3271,0.67 ms,1,E-STOP TRIGGERED (COIL 40001 = 1)
IMG-1307,365.jpg,photos/train/unsafe/365.jpg,HAZARD DETECTED,HAZARD DETECTED (E-STOP ACTIVATED),0.2004,0.69 ms,1,E-STOP TRIGGERED (COIL 40001 = 1)
IMG-1308,366.jpg,photos/train/unsafe/366.jpg,HAZARD DETECTED,HAZARD DETECTED (E-STOP ACTIVATED),0.0903,0.54 ms,1,E-STOP TRIGGERED (COIL 40001 = 1)
IMG-1309,367.jpg,photos/train/unsafe/367.jpg,HAZARD DETECTED,HAZARD DETECTED (E-STOP ACTIVATED),0.5481,0.58 ms,1,E-STOP TRIGGERED (COIL 40001 = 1)
IMG-1310,368.jpg,photos/train/unsafe/368.jpg,HAZARD DETECTED,HAZARD DETECTED (E-STOP ACTIVATED),0.3643,0.49 ms,1,E-STOP TRIGGERED (COIL 40001 = 1)
IMG-1311,369.jpg,photos/train/unsafe/369.jpg,HAZARD DETECTED,HAZARD DETECTED (E-STOP ACTIVATED),1.0000,0.56 ms,1,E-STOP TRIGGERED (COIL 40001 = 1)
IMG-1312,37.jpg,photos/train/unsafe/37.jpg,HAZARD DETECTED,HAZARD DETECTED (E-STOP ACTIVATED),0.1318,0.54 ms,1,E-STOP TRIGGERED (COIL 40001 = 1)
IMG-1313,370.jpg,photos/train/unsafe/370.jpg,HAZARD DETECTED,HAZARD DETECTED (E-STOP ACTIVATED),0.2522,0.59 ms,1,E-STOP TRIGGERED (COIL 40001 = 1)
IMG-1314,371.jpg,photos/train/unsafe/371.jpg,HAZARD DETECTED,HAZARD DETECTED (E-STOP ACTIVATED),0.1099,0.54 ms,1,E-STOP TRIGGERED (COIL 40001 = 1)
IMG-1315,372.jpg,photos/train/unsafe/372.jpg,HAZARD DETECTED,HAZARD DETECTED (E-STOP ACTIVATED),0.1716,0.55 ms,1,E-STOP TRIGGERED (COIL 40001 = 1)
IMG-1316,373.jpg,photos/train/unsafe/373.jpg,HAZARD DETECTED,HAZARD DETECTED (E-STOP ACTIVATED),0.3977,0.61 ms,1,E-STOP TRIGGERED (COIL 40001 = 1)
IMG-1317,374.jpg,photos/train/unsafe/374.jpg,HAZARD DETECTED,HAZARD DETECTED (E-STOP ACTIVATED),0.6387,0.54 ms,1,E-STOP TRIGGERED (COIL 40001 = 1)
IMG-1318,375.jpg,photos/train/unsafe/375.jpg,HAZARD DETECTED,HAZARD DETECTED (E-STOP ACTIVATED),0.1697,0.76 ms,1,E-STOP TRIGGERED (COIL 40001 = 1)
IMG-1319,376.jpg,photos/train/unsafe/376.jpg,HAZARD DETECTED,HAZARD DETECTED (E-STOP ACTIVATED),0.1375,0.45 ms,1,E-STOP TRIGGERED (COIL 40001 = 1)
IMG-1320,377.jpg,photos/train/unsafe/377.jpg,HAZARD DETECTED,HAZARD DETECTED (E-STOP ACTIVATED),0.0659,0.57 ms,1,E-STOP TRIGGERED (COIL 40001 = 1)
IMG-1321,378.jpg,photos/train/unsafe/378.jpg,HAZARD DETECTED,HAZARD DETECTED (E-STOP ACTIVATED),0.3716,0.57 ms,1,E-STOP TRIGGERED (COIL 40001 = 1)
IMG-1322,379.jpg,photos/train/unsafe/379.jpg,HAZARD DETECTED,HAZARD DETECTED (E-STOP ACTIVATED),0.2119,0.86 ms,1,E-STOP TRIGGERED (COIL 40001 = 1)
IMG-1323,38.jpg,photos/train/unsafe/38.jpg,HAZARD DETECTED,HAZARD DETECTED (E-STOP ACTIVATED),0.2297,0.82 ms,1,E-STOP TRIGGERED (COIL 40001 = 1)
IMG-1324,380.jpg,photos/train/unsafe/380.jpg,HAZARD DETECTED,HAZARD DETECTED (E-STOP ACTIVATED),0.3345,0.91 ms,1,E-STOP TRIGGERED (COIL 40001 = 1)
IMG-1325,381.jpg,photos/train/unsafe/381.jpg,HAZARD DETECTED,HAZARD DETECTED (E-STOP ACTIVATED),0.2764,0.87 ms,1,E-STOP TRIGGERED (COIL 40001 = 1)
IMG-1326,382.jpg,photos/train/unsafe/382.jpg,HAZARD DETECTED,HAZARD DETECTED (E-STOP ACTIVATED),0.3616,0.80 ms,1,E-STOP TRIGGERED (COIL 40001 = 1)
IMG-1327,383.jpg,photos/train/unsafe/383.jpg,HAZARD DETECTED,HAZARD DETECTED (E-STOP ACTIVATED),0.6392,0.78 ms,1,E-STOP TRIGGERED (COIL 40001 = 1)
IMG-1328,384.jpg,photos/train/unsafe/384.jpg,HAZARD DETECTED,HAZARD DETECTED (E-STOP ACTIVATED),0.0010,0.79 ms,1,E-STOP TRIGGERED (COIL 40001 = 1)
IMG-1329,385.jpg,photos/train/unsafe/385.jpg,HAZARD DETECTED,HAZARD DETECTED (E-STOP ACTIVATED),0.1072,0.78 ms,1,E-STOP TRIGGERED (COIL 40001 = 1)
IMG-1330,386.jpg,photos/train/unsafe/386.jpg,HAZARD DETECTED,HAZARD DETECTED (E-STOP ACTIVATED),0.5598,1.00 ms,1,E-STOP TRIGGERED (COIL 40001 = 1)
IMG-1331,387.jpg,photos/train/unsafe/387.jpg,HAZARD DETECTED,HAZARD DETECTED (E-STOP ACTIVATED),0.4209,0.97 ms,1,E-STOP TRIGGERED (COIL 40001 = 1)
IMG-1332,388.jpg,photos/train/unsafe/388.jpg,HAZARD DETECTED,HAZARD DETECTED (E-STOP ACTIVATED),0.0820,0.59 ms,1,E-STOP TRIGGERED (COIL 40001 = 1)
IMG-1333,389.jpg,photos/train/unsafe/389.jpg,HAZARD DETECTED,HAZARD DETECTED (E-STOP ACTIVATED),0.7498,0.57 ms,1,E-STOP TRIGGERED (COIL 40001 = 1)
IMG-1334,39.jpg,photos/train/unsafe/39.jpg,HAZARD DETECTED,HAZARD DETECTED (E-STOP ACTIVATED),0.0996,0.58 ms,1,E-STOP TRIGGERED (COIL 40001 = 1)
IMG-1335,390.jpg,photos/train/unsafe/390.jpg,HAZARD DETECTED,HAZARD DETECTED (E-STOP ACTIVATED),0.7581,0.65 ms,1,E-STOP TRIGGERED (COIL 40001 = 1)
IMG-1336,391.jpg,photos/train/unsafe/391.jpg,HAZARD DETECTED,HAZARD DETECTED (E-STOP ACTIVATED),0.1177,0.60 ms,1,E-STOP TRIGGERED (COIL 40001 = 1)
IMG-1337,392.jpg,photos/train/unsafe/392.jpg,HAZARD DETECTED,HAZARD DETECTED (E-STOP ACTIVATED),0.8989,0.57 ms,1,E-STOP TRIGGERED (COIL 40001 = 1)
IMG-1338,393.jpg,photos/train/unsafe/393.jpg,HAZARD DETECTED,HAZARD DETECTED (E-STOP ACTIVATED),0.0093,1.23 ms,1,E-STOP TRIGGERED (COIL 40001 = 1)
IMG-1339,394.jpg,photos/train/unsafe/394.jpg,HAZARD DETECTED,HAZARD DETECTED (E-STOP ACTIVATED),0.4895,0.54 ms,1,E-STOP TRIGGERED (COIL 40001 = 1)
IMG-1340,395.jpg,photos/train/unsafe/395.jpg,HAZARD DETECTED,HAZARD DETECTED (E-STOP ACTIVATED),0.2278,0.82 ms,1,E-STOP TRIGGERED (COIL 40001 = 1)
IMG-1341,396.jpg,photos/train/unsafe/396.jpg,HAZARD DETECTED,HAZARD DETECTED (E-STOP ACTIVATED),0.2415,0.62 ms,1,E-STOP TRIGGERED (COIL 40001 = 1)
IMG-1342,397.jpg,photos/train/unsafe/397.jpg,HAZARD DETECTED,HAZARD DETECTED (E-STOP ACTIVATED),0.0942,1.10 ms,1,E-STOP TRIGGERED (COIL 40001 = 1)
IMG-1343,398.jpg,photos/train/unsafe/398.jpg,HAZARD DETECTED,HAZARD DETECTED (E-STOP ACTIVATED),0.3713,0.70 ms,1,E-STOP TRIGGERED (COIL 40001 = 1)
IMG-1344,399.jpg,photos/train/unsafe/399.jpg,HAZARD DETECTED,HAZARD DETECTED (E-STOP ACTIVATED),0.1892,0.72 ms,1,E-STOP TRIGGERED (COIL 40001 = 1)
IMG-1345,4.jpg,photos/train/unsafe/4.jpg,HAZARD DETECTED,HAZARD DETECTED (E-STOP ACTIVATED),0.4431,0.72 ms,1,E-STOP TRIGGERED (COIL 40001 = 1)
IMG-1346,40.jpg,photos/train/unsafe/40.jpg,HAZARD DETECTED,HAZARD DETECTED (E-STOP ACTIVATED),0.0527,0.56 ms,1,E-STOP TRIGGERED (COIL 40001 = 1)
IMG-1347,400.jpg,photos/train/unsafe/400.jpg,HAZARD DETECTED,HAZARD DETECTED (E-STOP ACTIVATED),1.0000,0.59 ms,1,E-STOP TRIGGERED (COIL 40001 = 1)
IMG-1348,401.jpg,photos/train/unsafe/401.jpg,HAZARD DETECTED,HAZARD DETECTED (E-STOP ACTIVATED),0.3120,0.75 ms,1,E-STOP TRIGGERED (COIL 40001 = 1)
IMG-1349,402.jpg,photos/train/unsafe/402.jpg,HAZARD DETECTED,HAZARD DETECTED (E-STOP ACTIVATED),0.0742,0.58 ms,1,E-STOP TRIGGERED (COIL 40001 = 1)
IMG-1350,403.jpg,photos/train/unsafe/403.jpg,HAZARD DETECTED,HAZARD DETECTED (E-STOP ACTIVATED),0.0835,0.99 ms,1,E-STOP TRIGGERED (COIL 40001 = 1)
IMG-1351,404.jpg,photos/train/unsafe/404.jpg,HAZARD DETECTED,HAZARD DETECTED (E-STOP ACTIVATED),0.4006,0.58 ms,1,E-STOP TRIGGERED (COIL 40001 = 1)
IMG-1352,405.jpg,photos/train/unsafe/405.jpg,HAZARD DETECTED,HAZARD DETECTED (E-STOP ACTIVATED),0.4849,0.58 ms,1,E-STOP TRIGGERED (COIL 40001 = 1)
IMG-1353,406.jpg,photos/train/unsafe/406.jpg,HAZARD DETECTED,HAZARD DETECTED (E-STOP ACTIVATED),0.2844,0.83 ms,1,E-STOP TRIGGERED (COIL 40001 = 1)
IMG-1354,407.jpg,photos/train/unsafe/407.jpg,HAZARD DETECTED,HAZARD DETECTED (E-STOP ACTIVATED),0.6409,0.59 ms,1,E-STOP TRIGGERED (COIL 40001 = 1)
IMG-1355,408.jpg,photos/train/unsafe/408.jpg,HAZARD DETECTED,HAZARD DETECTED (E-STOP ACTIVATED),0.0938,0.97 ms,1,E-STOP TRIGGERED (COIL 40001 = 1)
IMG-1356,409.jpg,photos/train/unsafe/409.jpg,HAZARD DETECTED,HAZARD DETECTED (E-STOP ACTIVATED),0.2754,1.09 ms,1,E-STOP TRIGGERED (COIL 40001 = 1)
IMG-1357,41.jpg,photos/train/unsafe/41.jpg,HAZARD DETECTED,HAZARD DETECTED (E-STOP ACTIVATED),0.1675,1.05 ms,1,E-STOP TRIGGERED (COIL 40001 = 1)
IMG-1358,410.jpg,photos/train/unsafe/410.jpg,HAZARD DETECTED,HAZARD DETECTED (E-STOP ACTIVATED),0.3018,0.73 ms,1,E-STOP TRIGGERED (COIL 40001 = 1)
IMG-1359,411.jpg,photos/train/unsafe/411.jpg,HAZARD DETECTED,HAZARD DETECTED (E-STOP ACTIVATED),0.2764,0.56 ms,1,E-STOP TRIGGERED (COIL 40001 = 1)
IMG-1360,412.jpg,photos/train/unsafe/412.jpg,HAZARD DETECTED,HAZARD DETECTED (E-STOP ACTIVATED),0.9348,0.63 ms,1,E-STOP TRIGGERED (COIL 40001 = 1)
IMG-1361,413.jpg,photos/train/unsafe/413.jpg,HAZARD DETECTED,HAZARD DETECTED (E-STOP ACTIVATED),0.4141,0.93 ms,1,E-STOP TRIGGERED (COIL 40001 = 1)
IMG-1362,414.jpg,photos/train/unsafe/414.jpg,HAZARD DETECTED,HAZARD DETECTED (E-STOP ACTIVATED),0.4485,0.60 ms,1,E-STOP TRIGGERED (COIL 40001 = 1)
IMG-1363,415.jpg,photos/train/unsafe/415.jpg,HAZARD DETECTED,HAZARD DETECTED (E-STOP ACTIVATED),0.6816,0.61 ms,1,E-STOP TRIGGERED (COIL 40001 = 1)
IMG-1364,416.jpg,photos/train/unsafe/416.jpg,HAZARD DETECTED,HAZARD DETECTED (E-STOP ACTIVATED),0.0781,0.75 ms,1,E-STOP TRIGGERED (COIL 40001 = 1)
IMG-1365,417.jpg,photos/train/unsafe/417.jpg,HAZARD DETECTED,HAZARD DETECTED (E-STOP ACTIVATED),0.4380,0.51 ms,1,E-STOP TRIGGERED (COIL 40001 = 1)
IMG-1366,418.jpg,photos/train/unsafe/418.jpg,HAZARD DETECTED,HAZARD DETECTED (E-STOP ACTIVATED),0.6611,0.81 ms,1,E-STOP TRIGGERED (COIL 40001 = 1)
IMG-1367,419.jpg,photos/train/unsafe/419.jpg,HAZARD DETECTED,HAZARD DETECTED (E-STOP ACTIVATED),0.8857,0.77 ms,1,E-STOP TRIGGERED (COIL 40001 = 1)
IMG-1368,42.jpg,photos/train/unsafe/42.jpg,HAZARD DETECTED,HAZARD DETECTED (E-STOP ACTIVATED),0.8545,0.85 ms,1,E-STOP TRIGGERED (COIL 40001 = 1)
IMG-1369,420.jpg,photos/train/unsafe/420.jpg,HAZARD DETECTED,HAZARD DETECTED (E-STOP ACTIVATED),0.1392,0.78 ms,1,E-STOP TRIGGERED (COIL 40001 = 1)
IMG-1370,421.jpg,photos/train/unsafe/421.jpg,HAZARD DETECTED,HAZARD DETECTED (E-STOP ACTIVATED),0.1807,0.69 ms,1,E-STOP TRIGGERED (COIL 40001 = 1)
IMG-1371,422.jpg,photos/train/unsafe/422.jpg,HAZARD DETECTED,HAZARD DETECTED (E-STOP ACTIVATED),0.0664,1.01 ms,1,E-STOP TRIGGERED (COIL 40001 = 1)
IMG-1372,423.jpg,photos/train/unsafe/423.jpg,HAZARD DETECTED,HAZARD DETECTED (E-STOP ACTIVATED),0.3938,0.86 ms,1,E-STOP TRIGGERED (COIL 40001 = 1)
IMG-1373,424.jpg,photos/train/unsafe/424.jpg,HAZARD DETECTED,HAZARD DETECTED (E-STOP ACTIVATED),0.9702,1.01 ms,1,E-STOP TRIGGERED (COIL 40001 = 1)
IMG-1374,425.jpg,photos/train/unsafe/425.jpg,HAZARD DETECTED,HAZARD DETECTED (E-STOP ACTIVATED),0.2009,0.58 ms,1,E-STOP TRIGGERED (COIL 40001 = 1)
IMG-1375,426.jpg,photos/train/unsafe/426.jpg,HAZARD DETECTED,HAZARD DETECTED (E-STOP ACTIVATED),0.2004,0.74 ms,1,E-STOP TRIGGERED (COIL 40001 = 1)
IMG-1376,427.jpg,photos/train/unsafe/427.jpg,HAZARD DETECTED,HAZARD DETECTED (E-STOP ACTIVATED),0.1245,1.06 ms,1,E-STOP TRIGGERED (COIL 40001 = 1)
IMG-1377,428.jpg,photos/train/unsafe/428.jpg,HAZARD DETECTED,HAZARD DETECTED (E-STOP ACTIVATED),0.8430,0.50 ms,1,E-STOP TRIGGERED (COIL 40001 = 1)
IMG-1378,429.jpg,photos/train/unsafe/429.jpg,HAZARD DETECTED,HAZARD DETECTED (E-STOP ACTIVATED),0.2993,0.99 ms,1,E-STOP TRIGGERED (COIL 40001 = 1)
IMG-1379,43.jpg,photos/train/unsafe/43.jpg,HAZARD DETECTED,HAZARD DETECTED (E-STOP ACTIVATED),0.3369,0.49 ms,1,E-STOP TRIGGERED (COIL 40001 = 1)
IMG-1380,430.jpg,photos/train/unsafe/430.jpg,HAZARD DETECTED,HAZARD DETECTED (E-STOP ACTIVATED),0.0696,0.54 ms,1,E-STOP TRIGGERED (COIL 40001 = 1)
IMG-1381,431.jpg,photos/train/unsafe/431.jpg,HAZARD DETECTED,HAZARD DETECTED (E-STOP ACTIVATED),0.6936,0.79 ms,1,E-STOP TRIGGERED (COIL 40001 = 1)
IMG-1382,432.jpg,photos/train/unsafe/432.jpg,HAZARD DETECTED,HAZARD DETECTED (E-STOP ACTIVATED),0.3132,0.57 ms,1,E-STOP TRIGGERED (COIL 40001 = 1)
IMG-1383,433.jpg,photos/train/unsafe/433.jpg,HAZARD DETECTED,HAZARD DETECTED (E-STOP ACTIVATED),0.4875,0.57 ms,1,E-STOP TRIGGERED (COIL 40001 = 1)
IMG-1384,434.jpg,photos/train/unsafe/434.jpg,HAZARD DETECTED,HAZARD DETECTED (E-STOP ACTIVATED),0.7974,0.80 ms,1,E-STOP TRIGGERED (COIL 40001 = 1)
IMG-1385,435.jpg,photos/train/unsafe/435.jpg,HAZARD DETECTED,HAZARD DETECTED (E-STOP ACTIVATED),0.7168,1.15 ms,1,E-STOP TRIGGERED (COIL 40001 = 1)
IMG-1386,436.jpg,photos/train/unsafe/436.jpg,HAZARD DETECTED,HAZARD DETECTED (E-STOP ACTIVATED),0.0791,0.53 ms,1,E-STOP TRIGGERED (COIL 40001 = 1)
IMG-1387,437.jpg,photos/train/unsafe/437.jpg,HAZARD DETECTED,HAZARD DETECTED (E-STOP ACTIVATED),0.6257,0.59 ms,1,E-STOP TRIGGERED (COIL 40001 = 1)
IMG-1388,438.jpg,photos/train/unsafe/438.jpg,HAZARD DETECTED,HAZARD DETECTED (E-STOP ACTIVATED),0.2971,0.54 ms,1,E-STOP TRIGGERED (COIL 40001 = 1)
IMG-1389,439.jpg,photos/train/unsafe/439.jpg,HAZARD DETECTED,HAZARD DETECTED (E-STOP ACTIVATED),0.4629,0.82 ms,1,E-STOP TRIGGERED (COIL 40001 = 1)
IMG-1390,44.jpg,photos/train/unsafe/44.jpg,HAZARD DETECTED,HAZARD DETECTED (E-STOP ACTIVATED),0.1389,1.01 ms,1,E-STOP TRIGGERED (COIL 40001 = 1)
IMG-1391,440.jpg,photos/train/unsafe/440.jpg,HAZARD DETECTED,HAZARD DETECTED (E-STOP ACTIVATED),0.0974,0.88 ms,1,E-STOP TRIGGERED (COIL 40001 = 1)
IMG-1392,441.jpg,photos/train/unsafe/441.jpg,HAZARD DETECTED,HAZARD DETECTED (E-STOP ACTIVATED),0.1833,0.55 ms,1,E-STOP TRIGGERED (COIL 40001 = 1)
IMG-1393,442.jpg,photos/train/unsafe/442.jpg,HAZARD DETECTED,HAZARD DETECTED (E-STOP ACTIVATED),0.1194,0.54 ms,1,E-STOP TRIGGERED (COIL 40001 = 1)
IMG-1394,443.jpg,photos/train/unsafe/443.jpg,HAZARD DETECTED,HAZARD DETECTED (E-STOP ACTIVATED),0.6904,0.57 ms,1,E-STOP TRIGGERED (COIL 40001 = 1)
IMG-1395,444.jpg,photos/train/unsafe/444.jpg,HAZARD DETECTED,HAZARD DETECTED (E-STOP ACTIVATED),0.6106,0.55 ms,1,E-STOP TRIGGERED (COIL 40001 = 1)
IMG-1396,445.jpg,photos/train/unsafe/445.jpg,HAZARD DETECTED,HAZARD DETECTED (E-STOP ACTIVATED),0.0181,1.09 ms,1,E-STOP TRIGGERED (COIL 40001 = 1)
IMG-1397,446.jpg,photos/train/unsafe/446.jpg,HAZARD DETECTED,HAZARD DETECTED (E-STOP ACTIVATED),0.6084,0.82 ms,1,E-STOP TRIGGERED (COIL 40001 = 1)
IMG-1398,447.jpg,photos/train/unsafe/447.jpg,HAZARD DETECTED,HAZARD DETECTED (E-STOP ACTIVATED),0.5474,0.68 ms,1,E-STOP TRIGGERED (COIL 40001 = 1)
IMG-1399,448.jpg,photos/train/unsafe/448.jpg,HAZARD DETECTED,HAZARD DETECTED (E-STOP ACTIVATED),0.6643,0.55 ms,1,E-STOP TRIGGERED (COIL 40001 = 1)
IMG-1400,449.jpg,photos/train/unsafe/449.jpg,HAZARD DETECTED,HAZARD DETECTED (E-STOP ACTIVATED),0.5488,0.56 ms,1,E-STOP TRIGGERED (COIL 40001 = 1)
IMG-1401,45.jpg,photos/train/unsafe/45.jpg,HAZARD DETECTED,HAZARD DETECTED (E-STOP ACTIVATED),0.2371,0.54 ms,1,E-STOP TRIGGERED (COIL 40001 = 1)
IMG-1402,450.jpg,photos/train/unsafe/450.jpg,HAZARD DETECTED,HAZARD DETECTED (E-STOP ACTIVATED),0.6138,0.56 ms,1,E-STOP TRIGGERED (COIL 40001 = 1)
IMG-1403,451.jpg,photos/train/unsafe/451.jpg,HAZARD DETECTED,HAZARD DETECTED (E-STOP ACTIVATED),0.4929,1.69 ms,1,E-STOP TRIGGERED (COIL 40001 = 1)
IMG-1404,452.jpg,photos/train/unsafe/452.jpg,HAZARD DETECTED,HAZARD DETECTED (E-STOP ACTIVATED),0.8276,0.93 ms,1,E-STOP TRIGGERED (COIL 40001 = 1)
IMG-1405,453.jpg,photos/train/unsafe/453.jpg,HAZARD DETECTED,HAZARD DETECTED (E-STOP ACTIVATED),0.0825,0.54 ms,1,E-STOP TRIGGERED (COIL 40001 = 1)
IMG-1406,454.jpg,photos/train/unsafe/454.jpg,HAZARD DETECTED,HAZARD DETECTED (E-STOP ACTIVATED),0.3408,0.54 ms,1,E-STOP TRIGGERED (COIL 40001 = 1)
IMG-1407,455.jpg,photos/train/unsafe/455.jpg,HAZARD DETECTED,HAZARD DETECTED (E-STOP ACTIVATED),0.0090,0.53 ms,1,E-STOP TRIGGERED (COIL 40001 = 1)
IMG-1408,456.jpg,photos/train/unsafe/456.jpg,HAZARD DETECTED,HAZARD DETECTED (E-STOP ACTIVATED),0.5945,0.57 ms,1,E-STOP TRIGGERED (COIL 40001 = 1)
IMG-1409,457.jpg,photos/train/unsafe/457.jpg,HAZARD DETECTED,HAZARD DETECTED (E-STOP ACTIVATED),0.1765,0.54 ms,1,E-STOP TRIGGERED (COIL 40001 = 1)
IMG-1410,458.jpg,photos/train/unsafe/458.jpg,HAZARD DETECTED,HAZARD DETECTED (E-STOP ACTIVATED),0.4180,0.65 ms,1,E-STOP TRIGGERED (COIL 40001 = 1)
IMG-1411,459.jpg,photos/train/unsafe/459.jpg,HAZARD DETECTED,HAZARD DETECTED (E-STOP ACTIVATED),0.0000,0.52 ms,1,E-STOP TRIGGERED (COIL 40001 = 1)
IMG-1412,46.jpg,photos/train/unsafe/46.jpg,HAZARD DETECTED,HAZARD DETECTED (E-STOP ACTIVATED),0.9268,0.64 ms,1,E-STOP TRIGGERED (COIL 40001 = 1)
IMG-1413,460.jpg,photos/train/unsafe/460.jpg,HAZARD DETECTED,HAZARD DETECTED (E-STOP ACTIVATED),0.6121,0.57 ms,1,E-STOP TRIGGERED (COIL 40001 = 1)
IMG-1414,461.jpg,photos/train/unsafe/461.jpg,HAZARD DETECTED,HAZARD DETECTED (E-STOP ACTIVATED),0.1663,0.54 ms,1,E-STOP TRIGGERED (COIL 40001 = 1)
IMG-1415,462.jpg,photos/train/unsafe/462.jpg,HAZARD DETECTED,HAZARD DETECTED (E-STOP ACTIVATED),0.1594,0.54 ms,1,E-STOP TRIGGERED (COIL 40001 = 1)
IMG-1416,463.jpg,photos/train/unsafe/463.jpg,HAZARD DETECTED,HAZARD DETECTED (E-STOP ACTIVATED),0.3667,1.12 ms,1,E-STOP TRIGGERED (COIL 40001 = 1)
IMG-1417,464.jpg,photos/train/unsafe/464.jpg,HAZARD DETECTED,HAZARD DETECTED (E-STOP ACTIVATED),0.5977,0.55 ms,1,E-STOP TRIGGERED (COIL 40001 = 1)
IMG-1418,465.jpg,photos/train/unsafe/465.jpg,HAZARD DETECTED,HAZARD DETECTED (E-STOP ACTIVATED),0.1462,0.50 ms,1,E-STOP TRIGGERED (COIL 40001 = 1)
IMG-1419,466.jpg,photos/train/unsafe/466.jpg,HAZARD DETECTED,HAZARD DETECTED (E-STOP ACTIVATED),0.1331,0.56 ms,1,E-STOP TRIGGERED (COIL 40001 = 1)
IMG-1420,467.jpg,photos/train/unsafe/467.jpg,HAZARD DETECTED,HAZARD DETECTED (E-STOP ACTIVATED),0.6704,0.47 ms,1,E-STOP TRIGGERED (COIL 40001 = 1)
IMG-1421,468.jpg,photos/train/unsafe/468.jpg,HAZARD DETECTED,HAZARD DETECTED (E-STOP ACTIVATED),0.0000,0.53 ms,1,E-STOP TRIGGERED (COIL 40001 = 1)
IMG-1422,469.jpg,photos/train/unsafe/469.jpg,HAZARD DETECTED,HAZARD DETECTED (E-STOP ACTIVATED),0.8035,0.56 ms,1,E-STOP TRIGGERED (COIL 40001 = 1)
IMG-1423,47.jpg,photos/train/unsafe/47.jpg,HAZARD DETECTED,HAZARD DETECTED (E-STOP ACTIVATED),0.1292,0.85 ms,1,E-STOP TRIGGERED (COIL 40001 = 1)
IMG-1424,470.jpg,photos/train/unsafe/470.jpg,HAZARD DETECTED,HAZARD DETECTED (E-STOP ACTIVATED),0.1577,0.46 ms,1,E-STOP TRIGGERED (COIL 40001 = 1)
IMG-1425,471.jpg,photos/train/unsafe/471.jpg,HAZARD DETECTED,HAZARD DETECTED (E-STOP ACTIVATED),0.3735,0.64 ms,1,E-STOP TRIGGERED (COIL 40001 = 1)
IMG-1426,472.jpg,photos/train/unsafe/472.jpg,HAZARD DETECTED,HAZARD DETECTED (E-STOP ACTIVATED),0.2319,0.57 ms,1,E-STOP TRIGGERED (COIL 40001 = 1)
IMG-1427,473.jpg,photos/train/unsafe/473.jpg,HAZARD DETECTED,HAZARD DETECTED (E-STOP ACTIVATED),0.3098,0.54 ms,1,E-STOP TRIGGERED (COIL 40001 = 1)
IMG-1428,474.jpg,photos/train/unsafe/474.jpg,HAZARD DETECTED,HAZARD DETECTED (E-STOP ACTIVATED),0.9282,0.68 ms,1,E-STOP TRIGGERED (COIL 40001 = 1)
IMG-1429,475.jpg,photos/train/unsafe/475.jpg,HAZARD DETECTED,HAZARD DETECTED (E-STOP ACTIVATED),0.1575,0.87 ms,1,E-STOP TRIGGERED (COIL 40001 = 1)
IMG-1430,476.jpg,photos/train/unsafe/476.jpg,HAZARD DETECTED,HAZARD DETECTED (E-STOP ACTIVATED),0.3943,1.21 ms,1,E-STOP TRIGGERED (COIL 40001 = 1)
IMG-1431,477.jpg,photos/train/unsafe/477.jpg,HAZARD DETECTED,HAZARD DETECTED (E-STOP ACTIVATED),0.0901,0.57 ms,1,E-STOP TRIGGERED (COIL 40001 = 1)
IMG-1432,478.jpg,photos/train/unsafe/478.jpg,HAZARD DETECTED,HAZARD DETECTED (E-STOP ACTIVATED),0.6726,0.55 ms,1,E-STOP TRIGGERED (COIL 40001 = 1)
IMG-1433,479.jpg,photos/train/unsafe/479.jpg,HAZARD DETECTED,HAZARD DETECTED (E-STOP ACTIVATED),0.1636,0.54 ms,1,E-STOP TRIGGERED (COIL 40001 = 1)
IMG-1434,48.jpg,photos/train/unsafe/48.jpg,HAZARD DETECTED,HAZARD DETECTED (E-STOP ACTIVATED),0.3713,0.55 ms,1,E-STOP TRIGGERED (COIL 40001 = 1)
IMG-1435,480.jpg,photos/train/unsafe/480.jpg,HAZARD DETECTED,HAZARD DETECTED (E-STOP ACTIVATED),0.8687,0.64 ms,1,E-STOP TRIGGERED (COIL 40001 = 1)
IMG-1436,481.jpg,photos/train/unsafe/481.jpg,HAZARD DETECTED,HAZARD DETECTED (E-STOP ACTIVATED),0.3193,0.85 ms,1,E-STOP TRIGGERED (COIL 40001 = 1)
IMG-1437,482.jpg,photos/train/unsafe/482.jpg,HAZARD DETECTED,HAZARD DETECTED (E-STOP ACTIVATED),0.1868,0.60 ms,1,E-STOP TRIGGERED (COIL 40001 = 1)
IMG-1438,483.jpg,photos/train/unsafe/483.jpg,HAZARD DETECTED,HAZARD DETECTED (E-STOP ACTIVATED),0.0256,0.62 ms,1,E-STOP TRIGGERED (COIL 40001 = 1)
IMG-1439,484.jpg,photos/train/unsafe/484.jpg,HAZARD DETECTED,HAZARD DETECTED (E-STOP ACTIVATED),0.5823,0.55 ms,1,E-STOP TRIGGERED (COIL 40001 = 1)
IMG-1440,485.jpg,photos/train/unsafe/485.jpg,HAZARD DETECTED,HAZARD DETECTED (E-STOP ACTIVATED),0.0354,0.54 ms,1,E-STOP TRIGGERED (COIL 40001 = 1)
IMG-1441,486.jpg,photos/train/unsafe/486.jpg,HAZARD DETECTED,HAZARD DETECTED (E-STOP ACTIVATED),0.6179,0.57 ms,1,E-STOP TRIGGERED (COIL 40001 = 1)
IMG-1442,487.jpg,photos/train/unsafe/487.jpg,HAZARD DETECTED,HAZARD DETECTED (E-STOP ACTIVATED),0.5181,0.54 ms,1,E-STOP TRIGGERED (COIL 40001 = 1)
IMG-1443,488.jpg,photos/train/unsafe/488.jpg,HAZARD DETECTED,HAZARD DETECTED (E-STOP ACTIVATED),0.8816,0.54 ms,1,E-STOP TRIGGERED (COIL 40001 = 1)
IMG-1444,489.jpg,photos/train/unsafe/489.jpg,HAZARD DETECTED,HAZARD DETECTED (E-STOP ACTIVATED),0.3901,0.73 ms,1,E-STOP TRIGGERED (COIL 40001 = 1)
IMG-1445,49.jpg,photos/train/unsafe/49.jpg,HAZARD DETECTED,HAZARD DETECTED (E-STOP ACTIVATED),0.4941,0.93 ms,1,E-STOP TRIGGERED (COIL 40001 = 1)
IMG-1446,490.jpg,photos/train/unsafe/490.jpg,HAZARD DETECTED,HAZARD DETECTED (E-STOP ACTIVATED),0.4929,0.55 ms,1,E-STOP TRIGGERED (COIL 40001 = 1)
IMG-1447,491.jpg,photos/train/unsafe/491.jpg,HAZARD DETECTED,HAZARD DETECTED (E-STOP ACTIVATED),0.2207,0.53 ms,1,E-STOP TRIGGERED (COIL 40001 = 1)
IMG-1448,492.jpg,photos/train/unsafe/492.jpg,HAZARD DETECTED,HAZARD DETECTED (E-STOP ACTIVATED),0.0818,0.53 ms,1,E-STOP TRIGGERED (COIL 40001 = 1)
IMG-1449,493.jpg,photos/train/unsafe/493.jpg,HAZARD DETECTED,HAZARD DETECTED (E-STOP ACTIVATED),0.7314,0.60 ms,1,E-STOP TRIGGERED (COIL 40001 = 1)
IMG-1450,494.jpg,photos/train/unsafe/494.jpg,HAZARD DETECTED,HAZARD DETECTED (E-STOP ACTIVATED),0.4519,0.56 ms,1,E-STOP TRIGGERED (COIL 40001 = 1)
IMG-1451,495.jpg,photos/train/unsafe/495.jpg,HAZARD DETECTED,HAZARD DETECTED (E-STOP ACTIVATED),0.3833,0.79 ms,1,E-STOP TRIGGERED (COIL 40001 = 1)
IMG-1452,496.jpg,photos/train/unsafe/496.jpg,HAZARD DETECTED,HAZARD DETECTED (E-STOP ACTIVATED),0.1855,0.56 ms,1,E-STOP TRIGGERED (COIL 40001 = 1)
IMG-1453,497.jpg,photos/train/unsafe/497.jpg,HAZARD DETECTED,HAZARD DETECTED (E-STOP ACTIVATED),0.4724,0.89 ms,1,E-STOP TRIGGERED (COIL 40001 = 1)
IMG-1454,498.jpg,photos/train/unsafe/498.jpg,HAZARD DETECTED,HAZARD DETECTED (E-STOP ACTIVATED),0.4761,0.52 ms,1,E-STOP TRIGGERED (COIL 40001 = 1)
IMG-1455,499.jpg,photos/train/unsafe/499.jpg,HAZARD DETECTED,HAZARD DETECTED (E-STOP ACTIVATED),0.1741,0.88 ms,1,E-STOP TRIGGERED (COIL 40001 = 1)
IMG-1456,5.jpg,photos/train/unsafe/5.jpg,HAZARD DETECTED,HAZARD DETECTED (E-STOP ACTIVATED),0.5002,0.62 ms,1,E-STOP TRIGGERED (COIL 40001 = 1)
IMG-1457,50.jpg,photos/train/unsafe/50.jpg,HAZARD DETECTED,HAZARD DETECTED (E-STOP ACTIVATED),0.0056,0.85 ms,1,E-STOP TRIGGERED (COIL 40001 = 1)
IMG-1458,500.jpg,photos/train/unsafe/500.jpg,HAZARD DETECTED,HAZARD DETECTED (E-STOP ACTIVATED),0.5889,0.58 ms,1,E-STOP TRIGGERED (COIL 40001 = 1)
IMG-1459,501.jpg,photos/train/unsafe/501.jpg,HAZARD DETECTED,HAZARD DETECTED (E-STOP ACTIVATED),0.6140,0.61 ms,1,E-STOP TRIGGERED (COIL 40001 = 1)
IMG-1460,502.jpg,photos/train/unsafe/502.jpg,HAZARD DETECTED,HAZARD DETECTED (E-STOP ACTIVATED),0.4729,0.72 ms,1,E-STOP TRIGGERED (COIL 40001 = 1)
IMG-1461,503.jpg,photos/train/unsafe/503.jpg,HAZARD DETECTED,HAZARD DETECTED (E-STOP ACTIVATED),0.2673,0.61 ms,1,E-STOP TRIGGERED (COIL 40001 = 1)
IMG-1462,504.jpg,photos/train/unsafe/504.jpg,HAZARD DETECTED,HAZARD DETECTED (E-STOP ACTIVATED),0.3032,0.62 ms,1,E-STOP TRIGGERED (COIL 40001 = 1)
IMG-1463,505.jpg,photos/train/unsafe/505.jpg,HAZARD DETECTED,HAZARD DETECTED (E-STOP ACTIVATED),0.0071,0.53 ms,1,E-STOP TRIGGERED (COIL 40001 = 1)
IMG-1464,506.jpg,photos/train/unsafe/506.jpg,HAZARD DETECTED,HAZARD DETECTED (E-STOP ACTIVATED),0.1968,0.84 ms,1,E-STOP TRIGGERED (COIL 40001 = 1)
IMG-1465,507.jpg,photos/train/unsafe/507.jpg,HAZARD DETECTED,HAZARD DETECTED (E-STOP ACTIVATED),0.6064,0.60 ms,1,E-STOP TRIGGERED (COIL 40001 = 1)
IMG-1466,508.jpg,photos/train/unsafe/508.jpg,HAZARD DETECTED,HAZARD DETECTED (E-STOP ACTIVATED),0.2332,0.83 ms,1,E-STOP TRIGGERED (COIL 40001 = 1)
IMG-1467,509.jpg,photos/train/unsafe/509.jpg,HAZARD DETECTED,HAZARD DETECTED (E-STOP ACTIVATED),0.0728,0.56 ms,1,E-STOP TRIGGERED (COIL 40001 = 1)
IMG-1468,51.jpg,photos/train/unsafe/51.jpg,HAZARD DETECTED,HAZARD DETECTED (E-STOP ACTIVATED),0.4136,0.58 ms,1,E-STOP TRIGGERED (COIL 40001 = 1)
IMG-1469,510.jpg,photos/train/unsafe/510.jpg,HAZARD DETECTED,HAZARD DETECTED (E-STOP ACTIVATED),0.3596,0.54 ms,1,E-STOP TRIGGERED (COIL 40001 = 1)
IMG-1470,511.jpg,photos/train/unsafe/511.jpg,HAZARD DETECTED,HAZARD DETECTED (E-STOP ACTIVATED),0.2837,0.58 ms,1,E-STOP TRIGGERED (COIL 40001 = 1)
IMG-1471,512.jpg,photos/train/unsafe/512.jpg,HAZARD DETECTED,HAZARD DETECTED (E-STOP ACTIVATED),0.4490,0.65 ms,1,E-STOP TRIGGERED (COIL 40001 = 1)
IMG-1472,513.jpg,photos/train/unsafe/513.jpg,HAZARD DETECTED,HAZARD DETECTED (E-STOP ACTIVATED),0.1050,0.54 ms,1,E-STOP TRIGGERED (COIL 40001 = 1)
IMG-1473,514.jpg,photos/train/unsafe/514.jpg,HAZARD DETECTED,HAZARD DETECTED (E-STOP ACTIVATED),0.1428,0.50 ms,1,E-STOP TRIGGERED (COIL 40001 = 1)
IMG-1474,515.jpg,photos/train/unsafe/515.jpg,HAZARD DETECTED,HAZARD DETECTED (E-STOP ACTIVATED),0.3499,0.56 ms,1,E-STOP TRIGGERED (COIL 40001 = 1)
IMG-1475,516.jpg,photos/train/unsafe/516.jpg,HAZARD DETECTED,HAZARD DETECTED (E-STOP ACTIVATED),0.9626,0.57 ms,1,E-STOP TRIGGERED (COIL 40001 = 1)
IMG-1476,517.jpg,photos/train/unsafe/517.jpg,HAZARD DETECTED,HAZARD DETECTED (E-STOP ACTIVATED),0.3418,0.56 ms,1,E-STOP TRIGGERED (COIL 40001 = 1)
IMG-1477,518.jpg,photos/train/unsafe/518.jpg,HAZARD DETECTED,HAZARD DETECTED (E-STOP ACTIVATED),0.6597,0.58 ms,1,E-STOP TRIGGERED (COIL 40001 = 1)
IMG-1478,519.jpg,photos/train/unsafe/519.jpg,HAZARD DETECTED,HAZARD DETECTED (E-STOP ACTIVATED),0.1021,1.18 ms,1,E-STOP TRIGGERED (COIL 40001 = 1)
IMG-1479,52.jpg,photos/train/unsafe/52.jpg,HAZARD DETECTED,HAZARD DETECTED (E-STOP ACTIVATED),0.1814,0.64 ms,1,E-STOP TRIGGERED (COIL 40001 = 1)
IMG-1480,520.jpg,photos/train/unsafe/520.jpg,HAZARD DETECTED,HAZARD DETECTED (E-STOP ACTIVATED),0.2334,0.72 ms,1,E-STOP TRIGGERED (COIL 40001 = 1)
IMG-1481,521.jpg,photos/train/unsafe/521.jpg,HAZARD DETECTED,HAZARD DETECTED (E-STOP ACTIVATED),0.7534,0.58 ms,1,E-STOP TRIGGERED (COIL 40001 = 1)
IMG-1482,522.jpg,photos/train/unsafe/522.jpg,HAZARD DETECTED,HAZARD DETECTED (E-STOP ACTIVATED),0.2039,0.79 ms,1,E-STOP TRIGGERED (COIL 40001 = 1)
IMG-1483,523.jpg,photos/train/unsafe/523.jpg,HAZARD DETECTED,HAZARD DETECTED (E-STOP ACTIVATED),0.0044,0.59 ms,1,E-STOP TRIGGERED (COIL 40001 = 1)
IMG-1484,524.jpg,photos/train/unsafe/524.jpg,HAZARD DETECTED,HAZARD DETECTED (E-STOP ACTIVATED),0.1538,0.60 ms,1,E-STOP TRIGGERED (COIL 40001 = 1)
IMG-1485,525.jpg,photos/train/unsafe/525.jpg,HAZARD DETECTED,HAZARD DETECTED (E-STOP ACTIVATED),0.7043,0.59 ms,1,E-STOP TRIGGERED (COIL 40001 = 1)
IMG-1486,526.jpg,photos/train/unsafe/526.jpg,HAZARD DETECTED,HAZARD DETECTED (E-STOP ACTIVATED),0.5105,0.80 ms,1,E-STOP TRIGGERED (COIL 40001 = 1)
IMG-1487,527.jpg,photos/train/unsafe/527.jpg,HAZARD DETECTED,HAZARD DETECTED (E-STOP ACTIVATED),0.2808,0.62 ms,1,E-STOP TRIGGERED (COIL 40001 = 1)
IMG-1488,528.jpg,photos/train/unsafe/528.jpg,HAZARD DETECTED,HAZARD DETECTED (E-STOP ACTIVATED),0.1914,0.64 ms,1,E-STOP TRIGGERED (COIL 40001 = 1)
IMG-1489,529.jpg,photos/train/unsafe/529.jpg,HAZARD DETECTED,HAZARD DETECTED (E-STOP ACTIVATED),0.1165,0.89 ms,1,E-STOP TRIGGERED (COIL 40001 = 1)
IMG-1490,53.jpg,photos/train/unsafe/53.jpg,HAZARD DETECTED,HAZARD DETECTED (E-STOP ACTIVATED),0.5474,0.86 ms,1,E-STOP TRIGGERED (COIL 40001 = 1)
IMG-1491,530.jpg,photos/train/unsafe/530.jpg,HAZARD DETECTED,HAZARD DETECTED (E-STOP ACTIVATED),0.4072,0.58 ms,1,E-STOP TRIGGERED (COIL 40001 = 1)
IMG-1492,531.jpg,photos/train/unsafe/531.jpg,HAZARD DETECTED,HAZARD DETECTED (E-STOP ACTIVATED),0.4690,0.72 ms,1,E-STOP TRIGGERED (COIL 40001 = 1)
IMG-1493,532.jpg,photos/train/unsafe/532.jpg,HAZARD DETECTED,HAZARD DETECTED (E-STOP ACTIVATED),0.1799,0.97 ms,1,E-STOP TRIGGERED (COIL 40001 = 1)
IMG-1494,533.jpg,photos/train/unsafe/533.jpg,HAZARD DETECTED,HAZARD DETECTED (E-STOP ACTIVATED),0.0325,0.57 ms,1,E-STOP TRIGGERED (COIL 40001 = 1)
IMG-1495,534.jpg,photos/train/unsafe/534.jpg,HAZARD DETECTED,HAZARD DETECTED (E-STOP ACTIVATED),0.5771,0.48 ms,1,E-STOP TRIGGERED (COIL 40001 = 1)
IMG-1496,535.jpg,photos/train/unsafe/535.jpg,HAZARD DETECTED,HAZARD DETECTED (E-STOP ACTIVATED),0.0703,0.53 ms,1,E-STOP TRIGGERED (COIL 40001 = 1)
IMG-1497,536.jpg,photos/train/unsafe/536.jpg,HAZARD DETECTED,HAZARD DETECTED (E-STOP ACTIVATED),0.2703,1.16 ms,1,E-STOP TRIGGERED (COIL 40001 = 1)
IMG-1498,537.jpg,photos/train/unsafe/537.jpg,HAZARD DETECTED,HAZARD DETECTED (E-STOP ACTIVATED),0.9722,0.98 ms,1,E-STOP TRIGGERED (COIL 40001 = 1)
IMG-1499,538.jpg,photos/train/unsafe/538.jpg,HAZARD DETECTED,HAZARD DETECTED (E-STOP ACTIVATED),0.0308,0.46 ms,1,E-STOP TRIGGERED (COIL 40001 = 1)
IMG-1500,539.jpg,photos/train/unsafe/539.jpg,HAZARD DETECTED,HAZARD DETECTED (E-STOP ACTIVATED),0.1660,0.57 ms,1,E-STOP TRIGGERED (COIL 40001 = 1)
IMG-1501,54.jpg,photos/train/unsafe/54.jpg,HAZARD DETECTED,HAZARD DETECTED (E-STOP ACTIVATED),0.0703,1.53 ms,1,E-STOP TRIGGERED (COIL 40001 = 1)
IMG-1502,540.jpg,photos/train/unsafe/540.jpg,HAZARD DETECTED,HAZARD DETECTED (E-STOP ACTIVATED),0.4617,0.66 ms,1,E-STOP TRIGGERED (COIL 40001 = 1)
IMG-1503,541.jpg,photos/train/unsafe/541.jpg,HAZARD DETECTED,HAZARD DETECTED (E-STOP ACTIVATED),0.0728,0.57 ms,1,E-STOP TRIGGERED (COIL 40001 = 1)
IMG-1504,542.jpg,photos/train/unsafe/542.jpg,HAZARD DETECTED,HAZARD DETECTED (E-STOP ACTIVATED),0.7627,0.55 ms,1,E-STOP TRIGGERED (COIL 40001 = 1)
IMG-1505,543.jpg,photos/train/unsafe/543.jpg,HAZARD DETECTED,HAZARD DETECTED (E-STOP ACTIVATED),0.2732,0.47 ms,1,E-STOP TRIGGERED (COIL 40001 = 1)
IMG-1506,544.jpg,photos/train/unsafe/544.jpg,HAZARD DETECTED,HAZARD DETECTED (E-STOP ACTIVATED),0.9021,0.59 ms,1,E-STOP TRIGGERED (COIL 40001 = 1)
IMG-1507,545.jpg,photos/train/unsafe/545.jpg,HAZARD DETECTED,HAZARD DETECTED (E-STOP ACTIVATED),0.9514,0.80 ms,1,E-STOP TRIGGERED (COIL 40001 = 1)
IMG-1508,546.jpg,photos/train/unsafe/546.jpg,HAZARD DETECTED,HAZARD DETECTED (E-STOP ACTIVATED),0.1099,0.59 ms,1,E-STOP TRIGGERED (COIL 40001 = 1)
IMG-1509,547.jpg,photos/train/unsafe/547.jpg,HAZARD DETECTED,HAZARD DETECTED (E-STOP ACTIVATED),0.1670,0.91 ms,1,E-STOP TRIGGERED (COIL 40001 = 1)
IMG-1510,548.jpg,photos/train/unsafe/548.jpg,HAZARD DETECTED,HAZARD DETECTED (E-STOP ACTIVATED),0.1970,0.72 ms,1,E-STOP TRIGGERED (COIL 40001 = 1)
IMG-1511,549.jpg,photos/train/unsafe/549.jpg,HAZARD DETECTED,HAZARD DETECTED (E-STOP ACTIVATED),0.4109,0.59 ms,1,E-STOP TRIGGERED (COIL 40001 = 1)
IMG-1512,55.jpg,photos/train/unsafe/55.jpg,HAZARD DETECTED,HAZARD DETECTED (E-STOP ACTIVATED),0.1184,1.24 ms,1,E-STOP TRIGGERED (COIL 40001 = 1)
IMG-1513,550.jpg,photos/train/unsafe/550.jpg,HAZARD DETECTED,HAZARD DETECTED (E-STOP ACTIVATED),0.0208,0.59 ms,1,E-STOP TRIGGERED (COIL 40001 = 1)
IMG-1514,551.jpg,photos/train/unsafe/551.jpg,HAZARD DETECTED,HAZARD DETECTED (E-STOP ACTIVATED),0.4717,0.94 ms,1,E-STOP TRIGGERED (COIL 40001 = 1)
IMG-1515,552.jpg,photos/train/unsafe/552.jpg,HAZARD DETECTED,HAZARD DETECTED (E-STOP ACTIVATED),0.5813,0.81 ms,1,E-STOP TRIGGERED (COIL 40001 = 1)
IMG-1516,553.jpg,photos/train/unsafe/553.jpg,HAZARD DETECTED,HAZARD DETECTED (E-STOP ACTIVATED),0.3281,1.12 ms,1,E-STOP TRIGGERED (COIL 40001 = 1)
IMG-1517,554.jpg,photos/train/unsafe/554.jpg,HAZARD DETECTED,HAZARD DETECTED (E-STOP ACTIVATED),0.4253,0.77 ms,1,E-STOP TRIGGERED (COIL 40001 = 1)
IMG-1518,555.jpg,photos/train/unsafe/555.jpg,HAZARD DETECTED,HAZARD DETECTED (E-STOP ACTIVATED),0.1772,0.84 ms,1,E-STOP TRIGGERED (COIL 40001 = 1)
IMG-1519,556.jpg,photos/train/unsafe/556.jpg,HAZARD DETECTED,HAZARD DETECTED (E-STOP ACTIVATED),0.0471,0.94 ms,1,E-STOP TRIGGERED (COIL 40001 = 1)
IMG-1520,557.jpg,photos/train/unsafe/557.jpg,HAZARD DETECTED,HAZARD DETECTED (E-STOP ACTIVATED),0.1226,0.58 ms,1,E-STOP TRIGGERED (COIL 40001 = 1)
IMG-1521,558.jpg,photos/train/unsafe/558.jpg,HAZARD DETECTED,HAZARD DETECTED (E-STOP ACTIVATED),0.1685,0.77 ms,1,E-STOP TRIGGERED (COIL 40001 = 1)
IMG-1522,559.jpg,photos/train/unsafe/559.jpg,HAZARD DETECTED,HAZARD DETECTED (E-STOP ACTIVATED),0.0532,0.77 ms,1,E-STOP TRIGGERED (COIL 40001 = 1)
IMG-1523,56.jpg,photos/train/unsafe/56.jpg,HAZARD DETECTED,HAZARD DETECTED (E-STOP ACTIVATED),0.0315,0.82 ms,1,E-STOP TRIGGERED (COIL 40001 = 1)
IMG-1524,560.jpg,photos/train/unsafe/560.jpg,HAZARD DETECTED,HAZARD DETECTED (E-STOP ACTIVATED),0.3894,0.74 ms,1,E-STOP TRIGGERED (COIL 40001 = 1)
IMG-1525,561.jpg,photos/train/unsafe/561.jpg,HAZARD DETECTED,HAZARD DETECTED (E-STOP ACTIVATED),0.1125,0.59 ms,1,E-STOP TRIGGERED (COIL 40001 = 1)
IMG-1526,562.jpg,photos/train/unsafe/562.jpg,HAZARD DETECTED,HAZARD DETECTED (E-STOP ACTIVATED),0.2493,0.65 ms,1,E-STOP TRIGGERED (COIL 40001 = 1)
IMG-1527,563.jpg,photos/train/unsafe/563.jpg,HAZARD DETECTED,HAZARD DETECTED (E-STOP ACTIVATED),0.2881,0.93 ms,1,E-STOP TRIGGERED (COIL 40001 = 1)
IMG-1528,564.jpg,photos/train/unsafe/564.jpg,HAZARD DETECTED,HAZARD DETECTED (E-STOP ACTIVATED),0.5864,0.61 ms,1,E-STOP TRIGGERED (COIL 40001 = 1)
IMG-1529,565.jpg,photos/train/unsafe/565.jpg,HAZARD DETECTED,HAZARD DETECTED (E-STOP ACTIVATED),0.3308,1.14 ms,1,E-STOP TRIGGERED (COIL 40001 = 1)
IMG-1530,566.jpg,photos/train/unsafe/566.jpg,HAZARD DETECTED,HAZARD DETECTED (E-STOP ACTIVATED),0.2014,0.58 ms,1,E-STOP TRIGGERED (COIL 40001 = 1)
IMG-1531,567.jpg,photos/train/unsafe/567.jpg,HAZARD DETECTED,HAZARD DETECTED (E-STOP ACTIVATED),0.2688,0.48 ms,1,E-STOP TRIGGERED (COIL 40001 = 1)
IMG-1532,568.jpg,photos/train/unsafe/568.jpg,HAZARD DETECTED,HAZARD DETECTED (E-STOP ACTIVATED),0.4285,1.02 ms,1,E-STOP TRIGGERED (COIL 40001 = 1)
IMG-1533,569.jpg,photos/train/unsafe/569.jpg,HAZARD DETECTED,HAZARD DETECTED (E-STOP ACTIVATED),0.2830,0.60 ms,1,E-STOP TRIGGERED (COIL 40001 = 1)
IMG-1534,57.jpg,photos/train/unsafe/57.jpg,HAZARD DETECTED,HAZARD DETECTED (E-STOP ACTIVATED),0.7896,1.00 ms,1,E-STOP TRIGGERED (COIL 40001 = 1)
IMG-1535,570.jpg,photos/train/unsafe/570.jpg,HAZARD DETECTED,HAZARD DETECTED (E-STOP ACTIVATED),0.3398,0.73 ms,1,E-STOP TRIGGERED (COIL 40001 = 1)
IMG-1536,571.jpg,photos/train/unsafe/571.jpg,HAZARD DETECTED,HAZARD DETECTED (E-STOP ACTIVATED),0.2319,0.89 ms,1,E-STOP TRIGGERED (COIL 40001 = 1)
IMG-1537,572.jpg,photos/train/unsafe/572.jpg,HAZARD DETECTED,HAZARD DETECTED (E-STOP ACTIVATED),0.2004,1.03 ms,1,E-STOP TRIGGERED (COIL 40001 = 1)
IMG-1538,573.jpg,photos/train/unsafe/573.jpg,HAZARD DETECTED,HAZARD DETECTED (E-STOP ACTIVATED),0.5884,0.78 ms,1,E-STOP TRIGGERED (COIL 40001 = 1)
IMG-1539,574.jpg,photos/train/unsafe/574.jpg,HAZARD DETECTED,HAZARD DETECTED (E-STOP ACTIVATED),0.8491,0.85 ms,1,E-STOP TRIGGERED (COIL 40001 = 1)
IMG-1540,575.jpg,photos/train/unsafe/575.jpg,HAZARD DETECTED,HAZARD DETECTED (E-STOP ACTIVATED),0.1836,0.76 ms,1,E-STOP TRIGGERED (COIL 40001 = 1)
IMG-1541,576.jpg,photos/train/unsafe/576.jpg,HAZARD DETECTED,HAZARD DETECTED (E-STOP ACTIVATED),0.3301,0.57 ms,1,E-STOP TRIGGERED (COIL 40001 = 1)
IMG-1542,577.jpg,photos/train/unsafe/577.jpg,HAZARD DETECTED,HAZARD DETECTED (E-STOP ACTIVATED),0.7600,1.18 ms,1,E-STOP TRIGGERED (COIL 40001 = 1)
IMG-1543,578.jpg,photos/train/unsafe/578.jpg,HAZARD DETECTED,HAZARD DETECTED (E-STOP ACTIVATED),0.1782,0.60 ms,1,E-STOP TRIGGERED (COIL 40001 = 1)
IMG-1544,579.jpg,photos/train/unsafe/579.jpg,HAZARD DETECTED,HAZARD DETECTED (E-STOP ACTIVATED),0.9104,0.74 ms,1,E-STOP TRIGGERED (COIL 40001 = 1)
IMG-1545,58.jpg,photos/train/unsafe/58.jpg,HAZARD DETECTED,HAZARD DETECTED (E-STOP ACTIVATED),0.1877,0.62 ms,1,E-STOP TRIGGERED (COIL 40001 = 1)
IMG-1546,580.jpg,photos/train/unsafe/580.jpg,HAZARD DETECTED,HAZARD DETECTED (E-STOP ACTIVATED),0.0593,0.57 ms,1,E-STOP TRIGGERED (COIL 40001 = 1)
IMG-1547,581.jpg,photos/train/unsafe/581.jpg,HAZARD DETECTED,HAZARD DETECTED (E-STOP ACTIVATED),0.1865,0.70 ms,1,E-STOP TRIGGERED (COIL 40001 = 1)
IMG-1548,582.jpg,photos/train/unsafe/582.jpg,HAZARD DETECTED,HAZARD DETECTED (E-STOP ACTIVATED),0.0000,0.56 ms,1,E-STOP TRIGGERED (COIL 40001 = 1)
IMG-1549,583.jpg,photos/train/unsafe/583.jpg,HAZARD DETECTED,HAZARD DETECTED (E-STOP ACTIVATED),0.1248,0.58 ms,1,E-STOP TRIGGERED (COIL 40001 = 1)
IMG-1550,584.jpg,photos/train/unsafe/584.jpg,HAZARD DETECTED,HAZARD DETECTED (E-STOP ACTIVATED),1.0000,0.59 ms,1,E-STOP TRIGGERED (COIL 40001 = 1)
IMG-1551,585.jpg,photos/train/unsafe/585.jpg,HAZARD DETECTED,HAZARD DETECTED (E-STOP ACTIVATED),0.8113,0.87 ms,1,E-STOP TRIGGERED (COIL 40001 = 1)
IMG-1552,586.jpg,photos/train/unsafe/586.jpg,HAZARD DETECTED,HAZARD DETECTED (E-STOP ACTIVATED),0.2849,0.60 ms,1,E-STOP TRIGGERED (COIL 40001 = 1)
IMG-1553,587.jpg,photos/train/unsafe/587.jpg,HAZARD DETECTED,HAZARD DETECTED (E-STOP ACTIVATED),0.4075,0.75 ms,1,E-STOP TRIGGERED (COIL 40001 = 1)
IMG-1554,588.jpg,photos/train/unsafe/588.jpg,HAZARD DETECTED,HAZARD DETECTED (E-STOP ACTIVATED),0.3467,0.82 ms,1,E-STOP TRIGGERED (COIL 40001 = 1)
IMG-1555,589.jpg,photos/train/unsafe/589.jpg,HAZARD DETECTED,HAZARD DETECTED (E-STOP ACTIVATED),0.5754,0.69 ms,1,E-STOP TRIGGERED (COIL 40001 = 1)
IMG-1556,59.jpg,photos/train/unsafe/59.jpg,HAZARD DETECTED,HAZARD DETECTED (E-STOP ACTIVATED),0.0085,0.58 ms,1,E-STOP TRIGGERED (COIL 40001 = 1)
IMG-1557,590.jpg,photos/train/unsafe/590.jpg,HAZARD DETECTED,HAZARD DETECTED (E-STOP ACTIVATED),0.1572,0.58 ms,1,E-STOP TRIGGERED (COIL 40001 = 1)
IMG-1558,591.jpg,photos/train/unsafe/591.jpg,HAZARD DETECTED,HAZARD DETECTED (E-STOP ACTIVATED),0.2764,0.57 ms,1,E-STOP TRIGGERED (COIL 40001 = 1)
IMG-1559,592.jpg,photos/train/unsafe/592.jpg,HAZARD DETECTED,HAZARD DETECTED (E-STOP ACTIVATED),0.3809,0.57 ms,1,E-STOP TRIGGERED (COIL 40001 = 1)
IMG-1560,593.jpg,photos/train/unsafe/593.jpg,HAZARD DETECTED,HAZARD DETECTED (E-STOP ACTIVATED),0.2092,0.83 ms,1,E-STOP TRIGGERED (COIL 40001 = 1)
IMG-1561,594.jpg,photos/train/unsafe/594.jpg,HAZARD DETECTED,HAZARD DETECTED (E-STOP ACTIVATED),0.0247,0.62 ms,1,E-STOP TRIGGERED (COIL 40001 = 1)
IMG-1562,595.jpg,photos/train/unsafe/595.jpg,HAZARD DETECTED,HAZARD DETECTED (E-STOP ACTIVATED),0.0566,0.45 ms,1,E-STOP TRIGGERED (COIL 40001 = 1)
IMG-1563,596.jpg,photos/train/unsafe/596.jpg,HAZARD DETECTED,HAZARD DETECTED (E-STOP ACTIVATED),0.8853,0.47 ms,1,E-STOP TRIGGERED (COIL 40001 = 1)
IMG-1564,597.jpg,photos/train/unsafe/597.jpg,HAZARD DETECTED,HAZARD DETECTED (E-STOP ACTIVATED),0.3015,0.58 ms,1,E-STOP TRIGGERED (COIL 40001 = 1)
IMG-1565,598.jpg,photos/train/unsafe/598.jpg,HAZARD DETECTED,HAZARD DETECTED (E-STOP ACTIVATED),0.1455,0.55 ms,1,E-STOP TRIGGERED (COIL 40001 = 1)
IMG-1566,599.jpg,photos/train/unsafe/599.jpg,HAZARD DETECTED,HAZARD DETECTED (E-STOP ACTIVATED),0.5654,1.29 ms,1,E-STOP TRIGGERED (COIL 40001 = 1)
IMG-1567,6.jpg,photos/train/unsafe/6.jpg,HAZARD DETECTED,HAZARD DETECTED (E-STOP ACTIVATED),0.6458,1.14 ms,1,E-STOP TRIGGERED (COIL 40001 = 1)
IMG-1568,60.jpg,photos/train/unsafe/60.jpg,HAZARD DETECTED,HAZARD DETECTED (E-STOP ACTIVATED),0.2500,0.54 ms,1,E-STOP TRIGGERED (COIL 40001 = 1)
IMG-1569,600.jpg,photos/train/unsafe/600.jpg,HAZARD DETECTED,HAZARD DETECTED (E-STOP ACTIVATED),0.0793,0.46 ms,1,E-STOP TRIGGERED (COIL 40001 = 1)
IMG-1570,601.jpg,photos/train/unsafe/601.jpg,HAZARD DETECTED,HAZARD DETECTED (E-STOP ACTIVATED),0.5010,0.56 ms,1,E-STOP TRIGGERED (COIL 40001 = 1)
IMG-1571,602.jpg,photos/train/unsafe/602.jpg,HAZARD DETECTED,HAZARD DETECTED (E-STOP ACTIVATED),0.2136,0.94 ms,1,E-STOP TRIGGERED (COIL 40001 = 1)
IMG-1572,603.jpg,photos/train/unsafe/603.jpg,HAZARD DETECTED,HAZARD DETECTED (E-STOP ACTIVATED),0.3264,0.96 ms,1,E-STOP TRIGGERED (COIL 40001 = 1)
IMG-1573,604.jpg,photos/train/unsafe/604.jpg,HAZARD DETECTED,HAZARD DETECTED (E-STOP ACTIVATED),0.3059,0.67 ms,1,E-STOP TRIGGERED (COIL 40001 = 1)
IMG-1574,605.jpg,photos/train/unsafe/605.jpg,HAZARD DETECTED,HAZARD DETECTED (E-STOP ACTIVATED),0.0095,0.66 ms,1,E-STOP TRIGGERED (COIL 40001 = 1)
IMG-1575,606.jpg,photos/train/unsafe/606.jpg,HAZARD DETECTED,HAZARD DETECTED (E-STOP ACTIVATED),0.6814,0.48 ms,1,E-STOP TRIGGERED (COIL 40001 = 1)
IMG-1576,607.jpg,photos/train/unsafe/607.jpg,HAZARD DETECTED,HAZARD DETECTED (E-STOP ACTIVATED),0.4363,0.47 ms,1,E-STOP TRIGGERED (COIL 40001 = 1)
IMG-1577,608.jpg,photos/train/unsafe/608.jpg,HAZARD DETECTED,HAZARD DETECTED (E-STOP ACTIVATED),0.3450,0.65 ms,1,E-STOP TRIGGERED (COIL 40001 = 1)
IMG-1578,609.jpg,photos/train/unsafe/609.jpg,HAZARD DETECTED,HAZARD DETECTED (E-STOP ACTIVATED),0.9392,0.48 ms,1,E-STOP TRIGGERED (COIL 40001 = 1)
IMG-1579,61.jpg,photos/train/unsafe/61.jpg,HAZARD DETECTED,HAZARD DETECTED (E-STOP ACTIVATED),0.7788,0.47 ms,1,E-STOP TRIGGERED (COIL 40001 = 1)
IMG-1580,610.jpg,photos/train/unsafe/610.jpg,HAZARD DETECTED,HAZARD DETECTED (E-STOP ACTIVATED),0.1201,0.48 ms,1,E-STOP TRIGGERED (COIL 40001 = 1)
IMG-1581,611.jpg,photos/train/unsafe/611.jpg,HAZARD DETECTED,HAZARD DETECTED (E-STOP ACTIVATED),0.0945,0.60 ms,1,E-STOP TRIGGERED (COIL 40001 = 1)
IMG-1582,612.jpg,photos/train/unsafe/612.jpg,HAZARD DETECTED,HAZARD DETECTED (E-STOP ACTIVATED),0.2307,0.65 ms,1,E-STOP TRIGGERED (COIL 40001 = 1)
IMG-1583,613.jpg,photos/train/unsafe/613.jpg,HAZARD DETECTED,HAZARD DETECTED (E-STOP ACTIVATED),0.0867,0.54 ms,1,E-STOP TRIGGERED (COIL 40001 = 1)
IMG-1584,614.jpg,photos/train/unsafe/614.jpg,HAZARD DETECTED,HAZARD DETECTED (E-STOP ACTIVATED),0.0500,0.54 ms,1,E-STOP TRIGGERED (COIL 40001 = 1)
IMG-1585,615.jpg,photos/train/unsafe/615.jpg,HAZARD DETECTED,HAZARD DETECTED (E-STOP ACTIVATED),1.0000,1.25 ms,1,E-STOP TRIGGERED (COIL 40001 = 1)
IMG-1586,616.jpg,photos/train/unsafe/616.jpg,HAZARD DETECTED,HAZARD DETECTED (E-STOP ACTIVATED),0.2092,0.52 ms,1,E-STOP TRIGGERED (COIL 40001 = 1)
IMG-1587,617.jpg,photos/train/unsafe/617.jpg,HAZARD DETECTED,HAZARD DETECTED (E-STOP ACTIVATED),0.3386,0.54 ms,1,E-STOP TRIGGERED (COIL 40001 = 1)
IMG-1588,618.jpg,photos/train/unsafe/618.jpg,HAZARD DETECTED,HAZARD DETECTED (E-STOP ACTIVATED),0.5100,0.73 ms,1,E-STOP TRIGGERED (COIL 40001 = 1)
IMG-1589,619.jpg,photos/train/unsafe/619.jpg,HAZARD DETECTED,HAZARD DETECTED (E-STOP ACTIVATED),0.6541,0.50 ms,1,E-STOP TRIGGERED (COIL 40001 = 1)
IMG-1590,62.jpg,photos/train/unsafe/62.jpg,HAZARD DETECTED,HAZARD DETECTED (E-STOP ACTIVATED),0.0720,1.82 ms,1,E-STOP TRIGGERED (COIL 40001 = 1)
IMG-1591,620.jpg,photos/train/unsafe/620.jpg,HAZARD DETECTED,HAZARD DETECTED (E-STOP ACTIVATED),0.0051,0.46 ms,1,E-STOP TRIGGERED (COIL 40001 = 1)
IMG-1592,621.jpg,photos/train/unsafe/621.jpg,HAZARD DETECTED,HAZARD DETECTED (E-STOP ACTIVATED),0.1638,0.75 ms,1,E-STOP TRIGGERED (COIL 40001 = 1)
IMG-1593,622.jpg,photos/train/unsafe/622.jpg,HAZARD DETECTED,HAZARD DETECTED (E-STOP ACTIVATED),0.0481,0.51 ms,1,E-STOP TRIGGERED (COIL 40001 = 1)
IMG-1594,623.jpg,photos/train/unsafe/623.jpg,HAZARD DETECTED,HAZARD DETECTED (E-STOP ACTIVATED),0.1086,0.86 ms,1,E-STOP TRIGGERED (COIL 40001 = 1)
IMG-1595,624.jpg,photos/train/unsafe/624.jpg,HAZARD DETECTED,HAZARD DETECTED (E-STOP ACTIVATED),0.0281,0.83 ms,1,E-STOP TRIGGERED (COIL 40001 = 1)
IMG-1596,625.jpg,photos/train/unsafe/625.jpg,HAZARD DETECTED,HAZARD DETECTED (E-STOP ACTIVATED),0.8030,0.58 ms,1,E-STOP TRIGGERED (COIL 40001 = 1)
IMG-1597,626.jpg,photos/train/unsafe/626.jpg,HAZARD DETECTED,HAZARD DETECTED (E-STOP ACTIVATED),0.0730,0.55 ms,1,E-STOP TRIGGERED (COIL 40001 = 1)
IMG-1598,627.jpg,photos/train/unsafe/627.jpg,HAZARD DETECTED,HAZARD DETECTED (E-STOP ACTIVATED),0.7168,0.75 ms,1,E-STOP TRIGGERED (COIL 40001 = 1)
IMG-1599,628.jpg,photos/train/unsafe/628.jpg,HAZARD DETECTED,HAZARD DETECTED (E-STOP ACTIVATED),0.2087,0.58 ms,1,E-STOP TRIGGERED (COIL 40001 = 1)
IMG-1600,629.jpg,photos/train/unsafe/629.jpg,HAZARD DETECTED,HAZARD DETECTED (E-STOP ACTIVATED),0.2200,0.57 ms,1,E-STOP TRIGGERED (COIL 40001 = 1)
IMG-1601,63.jpg,photos/train/unsafe/63.jpg,HAZARD DETECTED,HAZARD DETECTED (E-STOP ACTIVATED),0.0847,0.58 ms,1,E-STOP TRIGGERED (COIL 40001 = 1)
IMG-1602,630.jpg,photos/train/unsafe/630.jpg,HAZARD DETECTED,HAZARD DETECTED (E-STOP ACTIVATED),0.0515,0.96 ms,1,E-STOP TRIGGERED (COIL 40001 = 1)
IMG-1603,631.jpg,photos/train/unsafe/631.jpg,HAZARD DETECTED,HAZARD DETECTED (E-STOP ACTIVATED),0.1572,0.81 ms,1,E-STOP TRIGGERED (COIL 40001 = 1)
IMG-1604,632.jpg,photos/train/unsafe/632.jpg,HAZARD DETECTED,HAZARD DETECTED (E-STOP ACTIVATED),0.1436,0.82 ms,1,E-STOP TRIGGERED (COIL 40001 = 1)
IMG-1605,633.jpg,photos/train/unsafe/633.jpg,HAZARD DETECTED,HAZARD DETECTED (E-STOP ACTIVATED),0.0623,0.69 ms,1,E-STOP TRIGGERED (COIL 40001 = 1)
IMG-1606,634.jpg,photos/train/unsafe/634.jpg,HAZARD DETECTED,HAZARD DETECTED (E-STOP ACTIVATED),0.3696,0.58 ms,1,E-STOP TRIGGERED (COIL 40001 = 1)
IMG-1607,635.jpg,photos/train/unsafe/635.jpg,HAZARD DETECTED,HAZARD DETECTED (E-STOP ACTIVATED),0.0605,0.79 ms,1,E-STOP TRIGGERED (COIL 40001 = 1)
IMG-1608,636.jpg,photos/train/unsafe/636.jpg,HAZARD DETECTED,HAZARD DETECTED (E-STOP ACTIVATED),0.4131,0.57 ms,1,E-STOP TRIGGERED (COIL 40001 = 1)
IMG-1609,637.jpg,photos/train/unsafe/637.jpg,HAZARD DETECTED,HAZARD DETECTED (E-STOP ACTIVATED),0.1160,0.74 ms,1,E-STOP TRIGGERED (COIL 40001 = 1)
IMG-1610,638.jpg,photos/train/unsafe/638.jpg,HAZARD DETECTED,HAZARD DETECTED (E-STOP ACTIVATED),0.3293,0.71 ms,1,E-STOP TRIGGERED (COIL 40001 = 1)
IMG-1611,639.jpg,photos/train/unsafe/639.jpg,HAZARD DETECTED,HAZARD DETECTED (E-STOP ACTIVATED),0.0154,1.07 ms,1,E-STOP TRIGGERED (COIL 40001 = 1)
IMG-1612,64.jpg,photos/train/unsafe/64.jpg,HAZARD DETECTED,HAZARD DETECTED (E-STOP ACTIVATED),0.3726,0.48 ms,1,E-STOP TRIGGERED (COIL 40001 = 1)
IMG-1613,640.jpg,photos/train/unsafe/640.jpg,HAZARD DETECTED,HAZARD DETECTED (E-STOP ACTIVATED),0.0452,0.57 ms,1,E-STOP TRIGGERED (COIL 40001 = 1)
IMG-1614,641.jpg,photos/train/unsafe/641.jpg,HAZARD DETECTED,HAZARD DETECTED (E-STOP ACTIVATED),0.2881,0.78 ms,1,E-STOP TRIGGERED (COIL 40001 = 1)
IMG-1615,642.jpg,photos/train/unsafe/642.jpg,HAZARD DETECTED,HAZARD DETECTED (E-STOP ACTIVATED),0.8206,0.50 ms,1,E-STOP TRIGGERED (COIL 40001 = 1)
IMG-1616,643.jpg,photos/train/unsafe/643.jpg,HAZARD DETECTED,HAZARD DETECTED (E-STOP ACTIVATED),0.3801,0.49 ms,1,E-STOP TRIGGERED (COIL 40001 = 1)
IMG-1617,644.jpg,photos/train/unsafe/644.jpg,HAZARD DETECTED,HAZARD DETECTED (E-STOP ACTIVATED),0.4976,0.49 ms,1,E-STOP TRIGGERED (COIL 40001 = 1)
IMG-1618,645.jpg,photos/train/unsafe/645.jpg,HAZARD DETECTED,HAZARD DETECTED (E-STOP ACTIVATED),0.3940,1.03 ms,1,E-STOP TRIGGERED (COIL 40001 = 1)
IMG-1619,646.jpg,photos/train/unsafe/646.jpg,HAZARD DETECTED,HAZARD DETECTED (E-STOP ACTIVATED),0.0818,0.71 ms,1,E-STOP TRIGGERED (COIL 40001 = 1)
IMG-1620,647.jpg,photos/train/unsafe/647.jpg,HAZARD DETECTED,HAZARD DETECTED (E-STOP ACTIVATED),0.7454,1.16 ms,1,E-STOP TRIGGERED (COIL 40001 = 1)
IMG-1621,648.jpg,photos/train/unsafe/648.jpg,HAZARD DETECTED,HAZARD DETECTED (E-STOP ACTIVATED),0.1135,0.56 ms,1,E-STOP TRIGGERED (COIL 40001 = 1)
IMG-1622,649.jpg,photos/train/unsafe/649.jpg,HAZARD DETECTED,HAZARD DETECTED (E-STOP ACTIVATED),0.3096,0.56 ms,1,E-STOP TRIGGERED (COIL 40001 = 1)
IMG-1623,65.jpg,photos/train/unsafe/65.jpg,HAZARD DETECTED,HAZARD DETECTED (E-STOP ACTIVATED),0.9141,0.77 ms,1,E-STOP TRIGGERED (COIL 40001 = 1)
IMG-1624,650.jpg,photos/train/unsafe/650.jpg,HAZARD DETECTED,HAZARD DETECTED (E-STOP ACTIVATED),0.3298,0.86 ms,1,E-STOP TRIGGERED (COIL 40001 = 1)
IMG-1625,651.jpg,photos/train/unsafe/651.jpg,HAZARD DETECTED,HAZARD DETECTED (E-STOP ACTIVATED),0.8293,0.84 ms,1,E-STOP TRIGGERED (COIL 40001 = 1)
IMG-1626,652.jpg,photos/train/unsafe/652.jpg,HAZARD DETECTED,HAZARD DETECTED (E-STOP ACTIVATED),0.4187,0.96 ms,1,E-STOP TRIGGERED (COIL 40001 = 1)
IMG-1627,653.jpg,photos/train/unsafe/653.jpg,HAZARD DETECTED,HAZARD DETECTED (E-STOP ACTIVATED),0.2351,0.60 ms,1,E-STOP TRIGGERED (COIL 40001 = 1)
IMG-1628,654.jpg,photos/train/unsafe/654.jpg,HAZARD DETECTED,HAZARD DETECTED (E-STOP ACTIVATED),0.9092,1.14 ms,1,E-STOP TRIGGERED (COIL 40001 = 1)
IMG-1629,655.jpg,photos/train/unsafe/655.jpg,HAZARD DETECTED,HAZARD DETECTED (E-STOP ACTIVATED),0.1711,0.94 ms,1,E-STOP TRIGGERED (COIL 40001 = 1)
IMG-1630,656.jpg,photos/train/unsafe/656.jpg,HAZARD DETECTED,HAZARD DETECTED (E-STOP ACTIVATED),0.4817,0.48 ms,1,E-STOP TRIGGERED (COIL 40001 = 1)
IMG-1631,657.jpg,photos/train/unsafe/657.jpg,HAZARD DETECTED,HAZARD DETECTED (E-STOP ACTIVATED),0.7476,0.60 ms,1,E-STOP TRIGGERED (COIL 40001 = 1)
IMG-1632,658.jpg,photos/train/unsafe/658.jpg,HAZARD DETECTED,HAZARD DETECTED (E-STOP ACTIVATED),0.0110,0.70 ms,1,E-STOP TRIGGERED (COIL 40001 = 1)
IMG-1633,659.jpg,photos/train/unsafe/659.jpg,HAZARD DETECTED,HAZARD DETECTED (E-STOP ACTIVATED),0.1511,1.46 ms,1,E-STOP TRIGGERED (COIL 40001 = 1)
IMG-1634,66.jpg,photos/train/unsafe/66.jpg,HAZARD DETECTED,HAZARD DETECTED (E-STOP ACTIVATED),0.9934,0.83 ms,1,E-STOP TRIGGERED (COIL 40001 = 1)
IMG-1635,660.jpg,photos/train/unsafe/660.jpg,HAZARD DETECTED,HAZARD DETECTED (E-STOP ACTIVATED),0.1628,1.20 ms,1,E-STOP TRIGGERED (COIL 40001 = 1)
IMG-1636,661.jpg,photos/train/unsafe/661.jpg,HAZARD DETECTED,HAZARD DETECTED (E-STOP ACTIVATED),0.2524,0.73 ms,1,E-STOP TRIGGERED (COIL 40001 = 1)
IMG-1637,662.jpg,photos/train/unsafe/662.jpg,HAZARD DETECTED,HAZARD DETECTED (E-STOP ACTIVATED),0.3455,0.48 ms,1,E-STOP TRIGGERED (COIL 40001 = 1)
IMG-1638,663.jpg,photos/train/unsafe/663.jpg,HAZARD DETECTED,HAZARD DETECTED (E-STOP ACTIVATED),0.2573,0.64 ms,1,E-STOP TRIGGERED (COIL 40001 = 1)
IMG-1639,664.jpg,photos/train/unsafe/664.jpg,HAZARD DETECTED,HAZARD DETECTED (E-STOP ACTIVATED),0.0020,0.81 ms,1,E-STOP TRIGGERED (COIL 40001 = 1)
IMG-1640,665.jpg,photos/train/unsafe/665.jpg,HAZARD DETECTED,HAZARD DETECTED (E-STOP ACTIVATED),0.6497,1.01 ms,1,E-STOP TRIGGERED (COIL 40001 = 1)
IMG-1641,666.jpg,photos/train/unsafe/666.jpg,HAZARD DETECTED,HAZARD DETECTED (E-STOP ACTIVATED),0.2891,0.48 ms,1,E-STOP TRIGGERED (COIL 40001 = 1)
IMG-1642,667.jpg,photos/train/unsafe/667.jpg,HAZARD DETECTED,HAZARD DETECTED (E-STOP ACTIVATED),0.2024,0.88 ms,1,E-STOP TRIGGERED (COIL 40001 = 1)
IMG-1643,668.jpg,photos/train/unsafe/668.jpg,HAZARD DETECTED,HAZARD DETECTED (E-STOP ACTIVATED),0.4338,1.01 ms,1,E-STOP TRIGGERED (COIL 40001 = 1)
IMG-1644,669.jpg,photos/train/unsafe/669.jpg,HAZARD DETECTED,HAZARD DETECTED (E-STOP ACTIVATED),0.4119,0.47 ms,1,E-STOP TRIGGERED (COIL 40001 = 1)
IMG-1645,67.jpg,photos/train/unsafe/67.jpg,HAZARD DETECTED,HAZARD DETECTED (E-STOP ACTIVATED),0.1902,0.99 ms,1,E-STOP TRIGGERED (COIL 40001 = 1)
IMG-1646,670.jpg,photos/train/unsafe/670.jpg,HAZARD DETECTED,HAZARD DETECTED (E-STOP ACTIVATED),0.1274,0.79 ms,1,E-STOP TRIGGERED (COIL 40001 = 1)
IMG-1647,671.jpg,photos/train/unsafe/671.jpg,HAZARD DETECTED,HAZARD DETECTED (E-STOP ACTIVATED),0.3701,0.48 ms,1,E-STOP TRIGGERED (COIL 40001 = 1)
IMG-1648,672.jpg,photos/train/unsafe/672.jpg,HAZARD DETECTED,HAZARD DETECTED (E-STOP ACTIVATED),0.4153,1.51 ms,1,E-STOP TRIGGERED (COIL 40001 = 1)
IMG-1649,673.jpg,photos/train/unsafe/673.jpg,HAZARD DETECTED,HAZARD DETECTED (E-STOP ACTIVATED),0.1089,0.60 ms,1,E-STOP TRIGGERED (COIL 40001 = 1)
IMG-1650,674.jpg,photos/train/unsafe/674.jpg,HAZARD DETECTED,HAZARD DETECTED (E-STOP ACTIVATED),0.4973,0.47 ms,1,E-STOP TRIGGERED (COIL 40001 = 1)
IMG-1651,675.jpg,photos/train/unsafe/675.jpg,HAZARD DETECTED,HAZARD DETECTED (E-STOP ACTIVATED),0.3328,0.59 ms,1,E-STOP TRIGGERED (COIL 40001 = 1)
IMG-1652,676.jpg,photos/train/unsafe/676.jpg,HAZARD DETECTED,HAZARD DETECTED (E-STOP ACTIVATED),0.1809,0.81 ms,1,E-STOP TRIGGERED (COIL 40001 = 1)
IMG-1653,677.jpg,photos/train/unsafe/677.jpg,HAZARD DETECTED,HAZARD DETECTED (E-STOP ACTIVATED),0.4309,1.29 ms,1,E-STOP TRIGGERED (COIL 40001 = 1)
IMG-1654,678.jpg,photos/train/unsafe/678.jpg,HAZARD DETECTED,HAZARD DETECTED (E-STOP ACTIVATED),0.9949,0.69 ms,1,E-STOP TRIGGERED (COIL 40001 = 1)
IMG-1655,679.jpg,photos/train/unsafe/679.jpg,HAZARD DETECTED,HAZARD DETECTED (E-STOP ACTIVATED),0.3333,0.70 ms,1,E-STOP TRIGGERED (COIL 40001 = 1)
IMG-1656,68.jpg,photos/train/unsafe/68.jpg,HAZARD DETECTED,HAZARD DETECTED (E-STOP ACTIVATED),0.3076,0.68 ms,1,E-STOP TRIGGERED (COIL 40001 = 1)
IMG-1657,680.jpg,photos/train/unsafe/680.jpg,HAZARD DETECTED,HAZARD DETECTED (E-STOP ACTIVATED),0.2834,0.63 ms,1,E-STOP TRIGGERED (COIL 40001 = 1)
IMG-1658,681.jpg,photos/train/unsafe/681.jpg,HAZARD DETECTED,HAZARD DETECTED (E-STOP ACTIVATED),0.3037,0.57 ms,1,E-STOP TRIGGERED (COIL 40001 = 1)
IMG-1659,682.jpg,photos/train/unsafe/682.jpg,HAZARD DETECTED,HAZARD DETECTED (E-STOP ACTIVATED),0.1223,0.72 ms,1,E-STOP TRIGGERED (COIL 40001 = 1)
IMG-1660,683.jpg,photos/train/unsafe/683.jpg,HAZARD DETECTED,HAZARD DETECTED (E-STOP ACTIVATED),0.2432,0.58 ms,1,E-STOP TRIGGERED (COIL 40001 = 1)
IMG-1661,684.jpg,photos/train/unsafe/684.jpg,HAZARD DETECTED,HAZARD DETECTED (E-STOP ACTIVATED),0.0410,0.64 ms,1,E-STOP TRIGGERED (COIL 40001 = 1)
IMG-1662,685.jpg,photos/train/unsafe/685.jpg,HAZARD DETECTED,HAZARD DETECTED (E-STOP ACTIVATED),0.0881,0.81 ms,1,E-STOP TRIGGERED (COIL 40001 = 1)
IMG-1663,686.jpg,photos/train/unsafe/686.jpg,HAZARD DETECTED,HAZARD DETECTED (E-STOP ACTIVATED),0.1909,0.47 ms,1,E-STOP TRIGGERED (COIL 40001 = 1)
IMG-1664,687.jpg,photos/train/unsafe/687.jpg,HAZARD DETECTED,HAZARD DETECTED (E-STOP ACTIVATED),0.5261,0.81 ms,1,E-STOP TRIGGERED (COIL 40001 = 1)
IMG-1665,688.jpg,photos/train/unsafe/688.jpg,HAZARD DETECTED,HAZARD DETECTED (E-STOP ACTIVATED),0.9978,0.60 ms,1,E-STOP TRIGGERED (COIL 40001 = 1)
IMG-1666,689.jpg,photos/train/unsafe/689.jpg,HAZARD DETECTED,HAZARD DETECTED (E-STOP ACTIVATED),0.0376,0.47 ms,1,E-STOP TRIGGERED (COIL 40001 = 1)
IMG-1667,69.jpg,photos/train/unsafe/69.jpg,HAZARD DETECTED,HAZARD DETECTED (E-STOP ACTIVATED),0.0720,0.51 ms,1,E-STOP TRIGGERED (COIL 40001 = 1)
IMG-1668,690.jpg,photos/train/unsafe/690.jpg,HAZARD DETECTED,HAZARD DETECTED (E-STOP ACTIVATED),0.1316,0.86 ms,1,E-STOP TRIGGERED (COIL 40001 = 1)
IMG-1669,691.jpg,photos/train/unsafe/691.jpg,HAZARD DETECTED,HAZARD DETECTED (E-STOP ACTIVATED),1.0000,0.73 ms,1,E-STOP TRIGGERED (COIL 40001 = 1)
IMG-1670,692.jpg,photos/train/unsafe/692.jpg,HAZARD DETECTED,HAZARD DETECTED (E-STOP ACTIVATED),0.3589,0.93 ms,1,E-STOP TRIGGERED (COIL 40001 = 1)
IMG-1671,693.jpg,photos/train/unsafe/693.jpg,HAZARD DETECTED,HAZARD DETECTED (E-STOP ACTIVATED),0.4375,0.83 ms,1,E-STOP TRIGGERED (COIL 40001 = 1)
IMG-1672,694.jpg,photos/train/unsafe/694.jpg,HAZARD DETECTED,HAZARD DETECTED (E-STOP ACTIVATED),0.7217,0.61 ms,1,E-STOP TRIGGERED (COIL 40001 = 1)
IMG-1673,695.jpg,photos/train/unsafe/695.jpg,HAZARD DETECTED,HAZARD DETECTED (E-STOP ACTIVATED),0.0295,0.48 ms,1,E-STOP TRIGGERED (COIL 40001 = 1)
IMG-1674,696.jpg,photos/train/unsafe/696.jpg,HAZARD DETECTED,HAZARD DETECTED (E-STOP ACTIVATED),0.1345,0.62 ms,1,E-STOP TRIGGERED (COIL 40001 = 1)
IMG-1675,697.jpg,photos/train/unsafe/697.jpg,HAZARD DETECTED,HAZARD DETECTED (E-STOP ACTIVATED),0.7991,0.58 ms,1,E-STOP TRIGGERED (COIL 40001 = 1)
IMG-1676,698.jpg,photos/train/unsafe/698.jpg,HAZARD DETECTED,HAZARD DETECTED (E-STOP ACTIVATED),0.8848,0.61 ms,1,E-STOP TRIGGERED (COIL 40001 = 1)
IMG-1677,699.jpg,photos/train/unsafe/699.jpg,HAZARD DETECTED,HAZARD DETECTED (E-STOP ACTIVATED),0.0757,0.47 ms,1,E-STOP TRIGGERED (COIL 40001 = 1)
IMG-1678,7.jpg,photos/train/unsafe/7.jpg,HAZARD DETECTED,HAZARD DETECTED (E-STOP ACTIVATED),0.7058,0.95 ms,1,E-STOP TRIGGERED (COIL 40001 = 1)
IMG-1679,70.jpg,photos/train/unsafe/70.jpg,HAZARD DETECTED,HAZARD DETECTED (E-STOP ACTIVATED),0.7561,0.57 ms,1,E-STOP TRIGGERED (COIL 40001 = 1)
IMG-1680,700.jpg,photos/train/unsafe/700.jpg,HAZARD DETECTED,HAZARD DETECTED (E-STOP ACTIVATED),0.8923,0.47 ms,1,E-STOP TRIGGERED (COIL 40001 = 1)
IMG-1681,701.jpg,photos/train/unsafe/701.jpg,HAZARD DETECTED,HAZARD DETECTED (E-STOP ACTIVATED),0.5378,0.49 ms,1,E-STOP TRIGGERED (COIL 40001 = 1)
IMG-1682,702.jpg,photos/train/unsafe/702.jpg,HAZARD DETECTED,HAZARD DETECTED (E-STOP ACTIVATED),0.7083,0.59 ms,1,E-STOP TRIGGERED (COIL 40001 = 1)
IMG-1683,703.jpg,photos/train/unsafe/703.jpg,HAZARD DETECTED,HAZARD DETECTED (E-STOP ACTIVATED),0.6213,0.51 ms,1,E-STOP TRIGGERED (COIL 40001 = 1)
IMG-1684,704.jpg,photos/train/unsafe/704.jpg,HAZARD DETECTED,HAZARD DETECTED (E-STOP ACTIVATED),0.6741,0.63 ms,1,E-STOP TRIGGERED (COIL 40001 = 1)
IMG-1685,705.jpg,photos/train/unsafe/705.jpg,HAZARD DETECTED,HAZARD DETECTED (E-STOP ACTIVATED),0.0918,0.48 ms,1,E-STOP TRIGGERED (COIL 40001 = 1)
IMG-1686,706.jpg,photos/train/unsafe/706.jpg,HAZARD DETECTED,HAZARD DETECTED (E-STOP ACTIVATED),0.0974,0.70 ms,1,E-STOP TRIGGERED (COIL 40001 = 1)
IMG-1687,707.jpg,photos/train/unsafe/707.jpg,HAZARD DETECTED,HAZARD DETECTED (E-STOP ACTIVATED),0.6941,0.64 ms,1,E-STOP TRIGGERED (COIL 40001 = 1)
IMG-1688,708.jpg,photos/train/unsafe/708.jpg,HAZARD DETECTED,HAZARD DETECTED (E-STOP ACTIVATED),0.2976,0.57 ms,1,E-STOP TRIGGERED (COIL 40001 = 1)
IMG-1689,709.jpg,photos/train/unsafe/709.jpg,HAZARD DETECTED,HAZARD DETECTED (E-STOP ACTIVATED),0.3911,0.58 ms,1,E-STOP TRIGGERED (COIL 40001 = 1)
IMG-1690,71.jpg,photos/train/unsafe/71.jpg,HAZARD DETECTED,HAZARD DETECTED (E-STOP ACTIVATED),0.0757,0.54 ms,1,E-STOP TRIGGERED (COIL 40001 = 1)
IMG-1691,710.jpg,photos/train/unsafe/710.jpg,HAZARD DETECTED,HAZARD DETECTED (E-STOP ACTIVATED),0.0759,0.61 ms,1,E-STOP TRIGGERED (COIL 40001 = 1)
IMG-1692,711.jpg,photos/train/unsafe/711.jpg,HAZARD DETECTED,HAZARD DETECTED (E-STOP ACTIVATED),0.5186,0.75 ms,1,E-STOP TRIGGERED (COIL 40001 = 1)
IMG-1693,712.jpg,photos/train/unsafe/712.jpg,HAZARD DETECTED,HAZARD DETECTED (E-STOP ACTIVATED),0.4192,0.49 ms,1,E-STOP TRIGGERED (COIL 40001 = 1)
IMG-1694,713.jpg,photos/train/unsafe/713.jpg,HAZARD DETECTED,HAZARD DETECTED (E-STOP ACTIVATED),0.8704,1.41 ms,1,E-STOP TRIGGERED (COIL 40001 = 1)
IMG-1695,714.jpg,photos/train/unsafe/714.jpg,HAZARD DETECTED,HAZARD DETECTED (E-STOP ACTIVATED),0.3787,0.67 ms,1,E-STOP TRIGGERED (COIL 40001 = 1)
IMG-1696,715.jpg,photos/train/unsafe/715.jpg,HAZARD DETECTED,HAZARD DETECTED (E-STOP ACTIVATED),0.0737,0.47 ms,1,E-STOP TRIGGERED (COIL 40001 = 1)
IMG-1697,716.jpg,photos/train/unsafe/716.jpg,HAZARD DETECTED,HAZARD DETECTED (E-STOP ACTIVATED),0.4084,0.92 ms,1,E-STOP TRIGGERED (COIL 40001 = 1)
IMG-1698,717.jpg,photos/train/unsafe/717.jpg,HAZARD DETECTED,HAZARD DETECTED (E-STOP ACTIVATED),0.6750,0.52 ms,1,E-STOP TRIGGERED (COIL 40001 = 1)
IMG-1699,718.jpg,photos/train/unsafe/718.jpg,HAZARD DETECTED,HAZARD DETECTED (E-STOP ACTIVATED),0.0288,0.63 ms,1,E-STOP TRIGGERED (COIL 40001 = 1)
IMG-1700,719.jpg,photos/train/unsafe/719.jpg,HAZARD DETECTED,HAZARD DETECTED (E-STOP ACTIVATED),0.0498,1.03 ms,1,E-STOP TRIGGERED (COIL 40001 = 1)
IMG-1701,72.jpg,photos/train/unsafe/72.jpg,HAZARD DETECTED,HAZARD DETECTED (E-STOP ACTIVATED),0.9392,0.61 ms,1,E-STOP TRIGGERED (COIL 40001 = 1)
IMG-1702,720.jpg,photos/train/unsafe/720.jpg,HAZARD DETECTED,HAZARD DETECTED (E-STOP ACTIVATED),0.7363,0.80 ms,1,E-STOP TRIGGERED (COIL 40001 = 1)
IMG-1703,721.jpg,photos/train/unsafe/721.jpg,HAZARD DETECTED,HAZARD DETECTED (E-STOP ACTIVATED),0.0923,0.53 ms,1,E-STOP TRIGGERED (COIL 40001 = 1)
IMG-1704,722.jpg,photos/train/unsafe/722.jpg,HAZARD DETECTED,HAZARD DETECTED (E-STOP ACTIVATED),0.3008,0.69 ms,1,E-STOP TRIGGERED (COIL 40001 = 1)
IMG-1705,723.jpg,photos/train/unsafe/723.jpg,HAZARD DETECTED,HAZARD DETECTED (E-STOP ACTIVATED),0.3547,1.08 ms,1,E-STOP TRIGGERED (COIL 40001 = 1)
IMG-1706,724.jpg,photos/train/unsafe/724.jpg,HAZARD DETECTED,HAZARD DETECTED (E-STOP ACTIVATED),0.0547,0.59 ms,1,E-STOP TRIGGERED (COIL 40001 = 1)
IMG-1707,725.jpg,photos/train/unsafe/725.jpg,HAZARD DETECTED,HAZARD DETECTED (E-STOP ACTIVATED),0.9624,0.88 ms,1,E-STOP TRIGGERED (COIL 40001 = 1)
IMG-1708,726.jpg,photos/train/unsafe/726.jpg,HAZARD DETECTED,HAZARD DETECTED (E-STOP ACTIVATED),0.0588,0.48 ms,1,E-STOP TRIGGERED (COIL 40001 = 1)
IMG-1709,727.jpg,photos/train/unsafe/727.jpg,HAZARD DETECTED,HAZARD DETECTED (E-STOP ACTIVATED),0.5396,0.56 ms,1,E-STOP TRIGGERED (COIL 40001 = 1)
IMG-1710,728.jpg,photos/train/unsafe/728.jpg,HAZARD DETECTED,HAZARD DETECTED (E-STOP ACTIVATED),0.1143,0.66 ms,1,E-STOP TRIGGERED (COIL 40001 = 1)
IMG-1711,729.jpg,photos/train/unsafe/729.jpg,HAZARD DETECTED,HAZARD DETECTED (E-STOP ACTIVATED),0.2180,0.62 ms,1,E-STOP TRIGGERED (COIL 40001 = 1)
IMG-1712,73.jpg,photos/train/unsafe/73.jpg,HAZARD DETECTED,HAZARD DETECTED (E-STOP ACTIVATED),0.3000,0.71 ms,1,E-STOP TRIGGERED (COIL 40001 = 1)
IMG-1713,730.jpg,photos/train/unsafe/730.jpg,HAZARD DETECTED,HAZARD DETECTED (E-STOP ACTIVATED),0.0562,0.56 ms,1,E-STOP TRIGGERED (COIL 40001 = 1)
IMG-1714,731.jpg,photos/train/unsafe/731.jpg,HAZARD DETECTED,HAZARD DETECTED (E-STOP ACTIVATED),0.0493,0.46 ms,1,E-STOP TRIGGERED (COIL 40001 = 1)
IMG-1715,732.jpg,photos/train/unsafe/732.jpg,HAZARD DETECTED,HAZARD DETECTED (E-STOP ACTIVATED),0.2944,0.84 ms,1,E-STOP TRIGGERED (COIL 40001 = 1)
IMG-1716,733.jpg,photos/train/unsafe/733.jpg,HAZARD DETECTED,HAZARD DETECTED (E-STOP ACTIVATED),0.4634,0.84 ms,1,E-STOP TRIGGERED (COIL 40001 = 1)
IMG-1717,734.jpg,photos/train/unsafe/734.jpg,HAZARD DETECTED,HAZARD DETECTED (E-STOP ACTIVATED),0.2319,0.53 ms,1,E-STOP TRIGGERED (COIL 40001 = 1)
IMG-1718,735.jpg,photos/train/unsafe/735.jpg,HAZARD DETECTED,HAZARD DETECTED (E-STOP ACTIVATED),0.6465,1.82 ms,1,E-STOP TRIGGERED (COIL 40001 = 1)
IMG-1719,736.jpg,photos/train/unsafe/736.jpg,HAZARD DETECTED,HAZARD DETECTED (E-STOP ACTIVATED),0.1309,0.53 ms,1,E-STOP TRIGGERED (COIL 40001 = 1)
IMG-1720,737.jpg,photos/train/unsafe/737.jpg,HAZARD DETECTED,HAZARD DETECTED (E-STOP ACTIVATED),0.1069,0.61 ms,1,E-STOP TRIGGERED (COIL 40001 = 1)
IMG-1721,738.jpg,photos/train/unsafe/738.jpg,HAZARD DETECTED,HAZARD DETECTED (E-STOP ACTIVATED),0.5698,0.48 ms,1,E-STOP TRIGGERED (COIL 40001 = 1)
IMG-1722,739.jpg,photos/train/unsafe/739.jpg,HAZARD DETECTED,HAZARD DETECTED (E-STOP ACTIVATED),0.2234,0.46 ms,1,E-STOP TRIGGERED (COIL 40001 = 1)
IMG-1723,74.jpg,photos/train/unsafe/74.jpg,HAZARD DETECTED,HAZARD DETECTED (E-STOP ACTIVATED),0.3523,0.46 ms,1,E-STOP TRIGGERED (COIL 40001 = 1)
IMG-1724,740.jpg,photos/train/unsafe/740.jpg,HAZARD DETECTED,HAZARD DETECTED (E-STOP ACTIVATED),0.0164,0.94 ms,1,E-STOP TRIGGERED (COIL 40001 = 1)
IMG-1725,741.jpg,photos/train/unsafe/741.jpg,HAZARD DETECTED,HAZARD DETECTED (E-STOP ACTIVATED),0.4353,0.55 ms,1,E-STOP TRIGGERED (COIL 40001 = 1)
IMG-1726,742.jpg,photos/train/unsafe/742.jpg,HAZARD DETECTED,HAZARD DETECTED (E-STOP ACTIVATED),0.0852,0.54 ms,1,E-STOP TRIGGERED (COIL 40001 = 1)
IMG-1727,743.jpg,photos/train/unsafe/743.jpg,HAZARD DETECTED,HAZARD DETECTED (E-STOP ACTIVATED),0.4141,0.55 ms,1,E-STOP TRIGGERED (COIL 40001 = 1)
IMG-1728,744.jpg,photos/train/unsafe/744.jpg,HAZARD DETECTED,HAZARD DETECTED (E-STOP ACTIVATED),0.3865,0.54 ms,1,E-STOP TRIGGERED (COIL 40001 = 1)
IMG-1729,745.jpg,photos/train/unsafe/745.jpg,HAZARD DETECTED,HAZARD DETECTED (E-STOP ACTIVATED),0.7195,0.65 ms,1,E-STOP TRIGGERED (COIL 40001 = 1)
IMG-1730,746.jpg,photos/train/unsafe/746.jpg,HAZARD DETECTED,HAZARD DETECTED (E-STOP ACTIVATED),0.3384,0.46 ms,1,E-STOP TRIGGERED (COIL 40001 = 1)
IMG-1731,747.jpg,photos/train/unsafe/747.jpg,HAZARD DETECTED,HAZARD DETECTED (E-STOP ACTIVATED),0.1997,0.78 ms,1,E-STOP TRIGGERED (COIL 40001 = 1)
IMG-1732,748.jpg,photos/train/unsafe/748.jpg,HAZARD DETECTED,HAZARD DETECTED (E-STOP ACTIVATED),0.0425,0.45 ms,1,E-STOP TRIGGERED (COIL 40001 = 1)
IMG-1733,749.jpg,photos/train/unsafe/749.jpg,HAZARD DETECTED,HAZARD DETECTED (E-STOP ACTIVATED),0.2734,0.50 ms,1,E-STOP TRIGGERED (COIL 40001 = 1)
IMG-1734,75.jpg,photos/train/unsafe/75.jpg,HAZARD DETECTED,HAZARD DETECTED (E-STOP ACTIVATED),0.0969,0.53 ms,1,E-STOP TRIGGERED (COIL 40001 = 1)
IMG-1735,750.jpg,photos/train/unsafe/750.jpg,HAZARD DETECTED,HAZARD DETECTED (E-STOP ACTIVATED),0.2139,0.47 ms,1,E-STOP TRIGGERED (COIL 40001 = 1)
IMG-1736,751.jpg,photos/train/unsafe/751.jpg,HAZARD DETECTED,HAZARD DETECTED (E-STOP ACTIVATED),0.1492,0.54 ms,1,E-STOP TRIGGERED (COIL 40001 = 1)
IMG-1737,752.jpg,photos/train/unsafe/752.jpg,HAZARD DETECTED,HAZARD DETECTED (E-STOP ACTIVATED),0.1423,1.18 ms,1,E-STOP TRIGGERED (COIL 40001 = 1)
IMG-1738,753.jpg,photos/train/unsafe/753.jpg,HAZARD DETECTED,HAZARD DETECTED (E-STOP ACTIVATED),0.2336,0.86 ms,1,E-STOP TRIGGERED (COIL 40001 = 1)
IMG-1739,754.jpg,photos/train/unsafe/754.jpg,HAZARD DETECTED,HAZARD DETECTED (E-STOP ACTIVATED),0.3154,0.60 ms,1,E-STOP TRIGGERED (COIL 40001 = 1)
IMG-1740,755.jpg,photos/train/unsafe/755.jpg,HAZARD DETECTED,HAZARD DETECTED (E-STOP ACTIVATED),0.7129,0.48 ms,1,E-STOP TRIGGERED (COIL 40001 = 1)
IMG-1741,756.jpg,photos/train/unsafe/756.jpg,HAZARD DETECTED,HAZARD DETECTED (E-STOP ACTIVATED),0.0679,0.54 ms,1,E-STOP TRIGGERED (COIL 40001 = 1)
IMG-1742,757.jpg,photos/train/unsafe/757.jpg,HAZARD DETECTED,HAZARD DETECTED (E-STOP ACTIVATED),0.1897,1.21 ms,1,E-STOP TRIGGERED (COIL 40001 = 1)
IMG-1743,758.jpg,photos/train/unsafe/758.jpg,HAZARD DETECTED,HAZARD DETECTED (E-STOP ACTIVATED),0.2305,1.02 ms,1,E-STOP TRIGGERED (COIL 40001 = 1)
IMG-1744,759.jpg,photos/train/unsafe/759.jpg,HAZARD DETECTED,HAZARD DETECTED (E-STOP ACTIVATED),0.8052,0.49 ms,1,E-STOP TRIGGERED (COIL 40001 = 1)
IMG-1745,76.jpg,photos/train/unsafe/76.jpg,HAZARD DETECTED,HAZARD DETECTED (E-STOP ACTIVATED),0.0479,0.63 ms,1,E-STOP TRIGGERED (COIL 40001 = 1)
IMG-1746,760.jpg,photos/train/unsafe/760.jpg,HAZARD DETECTED,HAZARD DETECTED (E-STOP ACTIVATED),0.5188,0.55 ms,1,E-STOP TRIGGERED (COIL 40001 = 1)
IMG-1747,761.jpg,photos/train/unsafe/761.jpg,HAZARD DETECTED,HAZARD DETECTED (E-STOP ACTIVATED),0.4055,1.06 ms,1,E-STOP TRIGGERED (COIL 40001 = 1)
IMG-1748,762.jpg,photos/train/unsafe/762.jpg,HAZARD DETECTED,HAZARD DETECTED (E-STOP ACTIVATED),0.6523,0.58 ms,1,E-STOP TRIGGERED (COIL 40001 = 1)
IMG-1749,763.jpg,photos/train/unsafe/763.jpg,HAZARD DETECTED,HAZARD DETECTED (E-STOP ACTIVATED),0.7136,0.57 ms,1,E-STOP TRIGGERED (COIL 40001 = 1)
IMG-1750,764.jpg,photos/train/unsafe/764.jpg,HAZARD DETECTED,HAZARD DETECTED (E-STOP ACTIVATED),0.4517,0.57 ms,1,E-STOP TRIGGERED (COIL 40001 = 1)
IMG-1751,765.jpg,photos/train/unsafe/765.jpg,HAZARD DETECTED,HAZARD DETECTED (E-STOP ACTIVATED),0.0295,0.59 ms,1,E-STOP TRIGGERED (COIL 40001 = 1)
IMG-1752,766.jpg,photos/train/unsafe/766.jpg,HAZARD DETECTED,HAZARD DETECTED (E-STOP ACTIVATED),0.4519,0.53 ms,1,E-STOP TRIGGERED (COIL 40001 = 1)
IMG-1753,767.jpg,photos/train/unsafe/767.jpg,HAZARD DETECTED,HAZARD DETECTED (E-STOP ACTIVATED),0.0757,0.53 ms,1,E-STOP TRIGGERED (COIL 40001 = 1)
IMG-1754,768.jpg,photos/train/unsafe/768.jpg,HAZARD DETECTED,HAZARD DETECTED (E-STOP ACTIVATED),0.0000,0.53 ms,1,E-STOP TRIGGERED (COIL 40001 = 1)
IMG-1755,769.jpg,photos/train/unsafe/769.jpg,HAZARD DETECTED,HAZARD DETECTED (E-STOP ACTIVATED),0.2583,0.54 ms,1,E-STOP TRIGGERED (COIL 40001 = 1)
IMG-1756,77.jpg,photos/train/unsafe/77.jpg,HAZARD DETECTED,HAZARD DETECTED (E-STOP ACTIVATED),0.1550,0.53 ms,1,E-STOP TRIGGERED (COIL 40001 = 1)
IMG-1757,770.jpg,photos/train/unsafe/770.jpg,HAZARD DETECTED,HAZARD DETECTED (E-STOP ACTIVATED),0.7183,0.54 ms,1,E-STOP TRIGGERED (COIL 40001 = 1)
IMG-1758,771.jpg,photos/train/unsafe/771.jpg,HAZARD DETECTED,HAZARD DETECTED (E-STOP ACTIVATED),0.0134,0.54 ms,1,E-STOP TRIGGERED (COIL 40001 = 1)
IMG-1759,772.jpg,photos/train/unsafe/772.jpg,HAZARD DETECTED,HAZARD DETECTED (E-STOP ACTIVATED),0.2861,0.50 ms,1,E-STOP TRIGGERED (COIL 40001 = 1)
IMG-1760,773.jpg,photos/train/unsafe/773.jpg,HAZARD DETECTED,HAZARD DETECTED (E-STOP ACTIVATED),0.3828,0.91 ms,1,E-STOP TRIGGERED (COIL 40001 = 1)
IMG-1761,774.jpg,photos/train/unsafe/774.jpg,HAZARD DETECTED,HAZARD DETECTED (E-STOP ACTIVATED),0.8015,0.49 ms,1,E-STOP TRIGGERED (COIL 40001 = 1)
IMG-1762,775.jpg,photos/train/unsafe/775.jpg,HAZARD DETECTED,HAZARD DETECTED (E-STOP ACTIVATED),0.0474,0.56 ms,1,E-STOP TRIGGERED (COIL 40001 = 1)
IMG-1763,776.jpg,photos/train/unsafe/776.jpg,HAZARD DETECTED,HAZARD DETECTED (E-STOP ACTIVATED),0.0647,0.74 ms,1,E-STOP TRIGGERED (COIL 40001 = 1)
IMG-1764,777.jpg,photos/train/unsafe/777.jpg,HAZARD DETECTED,HAZARD DETECTED (E-STOP ACTIVATED),0.4036,0.73 ms,1,E-STOP TRIGGERED (COIL 40001 = 1)
IMG-1765,778.jpg,photos/train/unsafe/778.jpg,HAZARD DETECTED,HAZARD DETECTED (E-STOP ACTIVATED),0.4456,0.58 ms,1,E-STOP TRIGGERED (COIL 40001 = 1)
IMG-1766,779.jpg,photos/train/unsafe/779.jpg,HAZARD DETECTED,HAZARD DETECTED (E-STOP ACTIVATED),0.5645,0.68 ms,1,E-STOP TRIGGERED (COIL 40001 = 1)
IMG-1767,78.jpg,photos/train/unsafe/78.jpg,HAZARD DETECTED,HAZARD DETECTED (E-STOP ACTIVATED),0.0740,0.47 ms,1,E-STOP TRIGGERED (COIL 40001 = 1)
IMG-1768,780.jpg,photos/train/unsafe/780.jpg,HAZARD DETECTED,HAZARD DETECTED (E-STOP ACTIVATED),0.8105,0.73 ms,1,E-STOP TRIGGERED (COIL 40001 = 1)
IMG-1769,781.jpg,photos/train/unsafe/781.jpg,HAZARD DETECTED,HAZARD DETECTED (E-STOP ACTIVATED),0.0591,0.60 ms,1,E-STOP TRIGGERED (COIL 40001 = 1)
IMG-1770,782.jpg,photos/train/unsafe/782.jpg,HAZARD DETECTED,HAZARD DETECTED (E-STOP ACTIVATED),0.0000,0.78 ms,1,E-STOP TRIGGERED (COIL 40001 = 1)
IMG-1771,783.jpg,photos/train/unsafe/783.jpg,HAZARD DETECTED,HAZARD DETECTED (E-STOP ACTIVATED),0.4324,0.76 ms,1,E-STOP TRIGGERED (COIL 40001 = 1)
IMG-1772,784.jpg,photos/train/unsafe/784.jpg,HAZARD DETECTED,HAZARD DETECTED (E-STOP ACTIVATED),0.1997,0.60 ms,1,E-STOP TRIGGERED (COIL 40001 = 1)
IMG-1773,785.jpg,photos/train/unsafe/785.jpg,HAZARD DETECTED,HAZARD DETECTED (E-STOP ACTIVATED),0.3171,0.99 ms,1,E-STOP TRIGGERED (COIL 40001 = 1)
IMG-1774,786.jpg,photos/train/unsafe/786.jpg,HAZARD DETECTED,HAZARD DETECTED (E-STOP ACTIVATED),0.0549,0.62 ms,1,E-STOP TRIGGERED (COIL 40001 = 1)
IMG-1775,787.jpg,photos/train/unsafe/787.jpg,HAZARD DETECTED,HAZARD DETECTED (E-STOP ACTIVATED),0.1318,0.78 ms,1,E-STOP TRIGGERED (COIL 40001 = 1)
IMG-1776,788.jpg,photos/train/unsafe/788.jpg,HAZARD DETECTED,HAZARD DETECTED (E-STOP ACTIVATED),0.2632,0.59 ms,1,E-STOP TRIGGERED (COIL 40001 = 1)
IMG-1777,789.jpg,photos/train/unsafe/789.jpg,HAZARD DETECTED,HAZARD DETECTED (E-STOP ACTIVATED),0.0728,0.56 ms,1,E-STOP TRIGGERED (COIL 40001 = 1)
IMG-1778,79.jpg,photos/train/unsafe/79.jpg,HAZARD DETECTED,HAZARD DETECTED (E-STOP ACTIVATED),0.2556,1.74 ms,1,E-STOP TRIGGERED (COIL 40001 = 1)
IMG-1779,790.jpg,photos/train/unsafe/790.jpg,HAZARD DETECTED,HAZARD DETECTED (E-STOP ACTIVATED),0.3823,0.99 ms,1,E-STOP TRIGGERED (COIL 40001 = 1)
IMG-1780,791.jpg,photos/train/unsafe/791.jpg,HAZARD DETECTED,HAZARD DETECTED (E-STOP ACTIVATED),0.6362,0.50 ms,1,E-STOP TRIGGERED (COIL 40001 = 1)
IMG-1781,792.jpg,photos/train/unsafe/792.jpg,HAZARD DETECTED,HAZARD DETECTED (E-STOP ACTIVATED),0.1079,1.12 ms,1,E-STOP TRIGGERED (COIL 40001 = 1)
IMG-1782,793.jpg,photos/train/unsafe/793.jpg,HAZARD DETECTED,HAZARD DETECTED (E-STOP ACTIVATED),0.0544,0.56 ms,1,E-STOP TRIGGERED (COIL 40001 = 1)
IMG-1783,794.jpg,photos/train/unsafe/794.jpg,HAZARD DETECTED,HAZARD DETECTED (E-STOP ACTIVATED),0.6890,1.39 ms,1,E-STOP TRIGGERED (COIL 40001 = 1)
IMG-1784,795.jpg,photos/train/unsafe/795.jpg,HAZARD DETECTED,HAZARD DETECTED (E-STOP ACTIVATED),0.8564,0.61 ms,1,E-STOP TRIGGERED (COIL 40001 = 1)
IMG-1785,796.jpg,photos/train/unsafe/796.jpg,HAZARD DETECTED,HAZARD DETECTED (E-STOP ACTIVATED),0.5161,0.58 ms,1,E-STOP TRIGGERED (COIL 40001 = 1)
IMG-1786,797.jpg,photos/train/unsafe/797.jpg,HAZARD DETECTED,HAZARD DETECTED (E-STOP ACTIVATED),0.8542,0.58 ms,1,E-STOP TRIGGERED (COIL 40001 = 1)
IMG-1787,798.jpg,photos/train/unsafe/798.jpg,HAZARD DETECTED,HAZARD DETECTED (E-STOP ACTIVATED),0.4495,0.71 ms,1,E-STOP TRIGGERED (COIL 40001 = 1)
IMG-1788,799.jpg,photos/train/unsafe/799.jpg,HAZARD DETECTED,HAZARD DETECTED (E-STOP ACTIVATED),0.0300,0.73 ms,1,E-STOP TRIGGERED (COIL 40001 = 1)
IMG-1789,8.jpg,photos/train/unsafe/8.jpg,HAZARD DETECTED,HAZARD DETECTED (E-STOP ACTIVATED),0.9541,0.55 ms,1,E-STOP TRIGGERED (COIL 40001 = 1)
IMG-1790,80.jpg,photos/train/unsafe/80.jpg,HAZARD DETECTED,HAZARD DETECTED (E-STOP ACTIVATED),0.2546,0.85 ms,1,E-STOP TRIGGERED (COIL 40001 = 1)
IMG-1791,800.jpg,photos/train/unsafe/800.jpg,HAZARD DETECTED,HAZARD DETECTED (E-STOP ACTIVATED),0.8113,0.77 ms,1,E-STOP TRIGGERED (COIL 40001 = 1)
IMG-1792,801.jpg,photos/train/unsafe/801.jpg,HAZARD DETECTED,HAZARD DETECTED (E-STOP ACTIVATED),1.0000,0.83 ms,1,E-STOP TRIGGERED (COIL 40001 = 1)
IMG-1793,802.jpg,photos/train/unsafe/802.jpg,HAZARD DETECTED,HAZARD DETECTED (E-STOP ACTIVATED),0.6191,1.18 ms,1,E-STOP TRIGGERED (COIL 40001 = 1)
IMG-1794,803.jpg,photos/train/unsafe/803.jpg,HAZARD DETECTED,HAZARD DETECTED (E-STOP ACTIVATED),0.0000,0.69 ms,1,E-STOP TRIGGERED (COIL 40001 = 1)
IMG-1795,804.jpg,photos/train/unsafe/804.jpg,HAZARD DETECTED,HAZARD DETECTED (E-STOP ACTIVATED),0.0000,0.90 ms,1,E-STOP TRIGGERED (COIL 40001 = 1)
IMG-1796,805.jpg,photos/train/unsafe/805.jpg,HAZARD DETECTED,HAZARD DETECTED (E-STOP ACTIVATED),0.2490,0.57 ms,1,E-STOP TRIGGERED (COIL 40001 = 1)
IMG-1797,806.jpg,photos/train/unsafe/806.jpg,HAZARD DETECTED,HAZARD DETECTED (E-STOP ACTIVATED),0.0320,0.56 ms,1,E-STOP TRIGGERED (COIL 40001 = 1)
IMG-1798,807.jpg,photos/train/unsafe/807.jpg,HAZARD DETECTED,HAZARD DETECTED (E-STOP ACTIVATED),0.0535,1.21 ms,1,E-STOP TRIGGERED (COIL 40001 = 1)
IMG-1799,808.jpg,photos/train/unsafe/808.jpg,HAZARD DETECTED,HAZARD DETECTED (E-STOP ACTIVATED),0.8867,0.64 ms,1,E-STOP TRIGGERED (COIL 40001 = 1)
IMG-1800,809.jpg,photos/train/unsafe/809.jpg,HAZARD DETECTED,HAZARD DETECTED (E-STOP ACTIVATED),0.6746,0.57 ms,1,E-STOP TRIGGERED (COIL 40001 = 1)
IMG-1801,81.jpg,photos/train/unsafe/81.jpg,HAZARD DETECTED,HAZARD DETECTED (E-STOP ACTIVATED),0.6079,0.58 ms,1,E-STOP TRIGGERED (COIL 40001 = 1)
IMG-1802,810.jpg,photos/train/unsafe/810.jpg,HAZARD DETECTED,HAZARD DETECTED (E-STOP ACTIVATED),0.3984,0.58 ms,1,E-STOP TRIGGERED (COIL 40001 = 1)
IMG-1803,82.jpg,photos/train/unsafe/82.jpg,HAZARD DETECTED,HAZARD DETECTED (E-STOP ACTIVATED),0.8574,0.94 ms,1,E-STOP TRIGGERED (COIL 40001 = 1)
IMG-1804,83.jpg,photos/train/unsafe/83.jpg,HAZARD DETECTED,HAZARD DETECTED (E-STOP ACTIVATED),0.8245,0.60 ms,1,E-STOP TRIGGERED (COIL 40001 = 1)
IMG-1805,84.jpg,photos/train/unsafe/84.jpg,HAZARD DETECTED,HAZARD DETECTED (E-STOP ACTIVATED),0.0024,0.46 ms,1,E-STOP TRIGGERED (COIL 40001 = 1)
IMG-1806,85.jpg,photos/train/unsafe/85.jpg,HAZARD DETECTED,HAZARD DETECTED (E-STOP ACTIVATED),0.2549,0.79 ms,1,E-STOP TRIGGERED (COIL 40001 = 1)
IMG-1807,86.jpg,photos/train/unsafe/86.jpg,HAZARD DETECTED,HAZARD DETECTED (E-STOP ACTIVATED),0.0142,0.46 ms,1,E-STOP TRIGGERED (COIL 40001 = 1)
IMG-1808,87.jpg,photos/train/unsafe/87.jpg,HAZARD DETECTED,HAZARD DETECTED (E-STOP ACTIVATED),0.1426,0.52 ms,1,E-STOP TRIGGERED (COIL 40001 = 1)
IMG-1809,88.jpg,photos/train/unsafe/88.jpg,HAZARD DETECTED,HAZARD DETECTED (E-STOP ACTIVATED),1.0000,0.81 ms,1,E-STOP TRIGGERED (COIL 40001 = 1)
IMG-1810,89.jpg,photos/train/unsafe/89.jpg,HAZARD DETECTED,HAZARD DETECTED (E-STOP ACTIVATED),0.7549,0.97 ms,1,E-STOP TRIGGERED (COIL 40001 = 1)
IMG-1811,9.jpg,photos/train/unsafe/9.jpg,HAZARD DETECTED,HAZARD DETECTED (E-STOP ACTIVATED),0.0928,0.56 ms,1,E-STOP TRIGGERED (COIL 40001 = 1)
IMG-1812,90.jpg,photos/train/unsafe/90.jpg,HAZARD DETECTED,HAZARD DETECTED (E-STOP ACTIVATED),0.0605,0.57 ms,1,E-STOP TRIGGERED (COIL 40001 = 1)
IMG-1813,91.jpg,photos/train/unsafe/91.jpg,HAZARD DETECTED,HAZARD DETECTED (E-STOP ACTIVATED),0.0166,0.56 ms,1,E-STOP TRIGGERED (COIL 40001 = 1)
IMG-1814,92.jpg,photos/train/unsafe/92.jpg,HAZARD DETECTED,HAZARD DETECTED (E-STOP ACTIVATED),0.5430,1.00 ms,1,E-STOP TRIGGERED (COIL 40001 = 1)
IMG-1815,93.jpg,photos/train/unsafe/93.jpg,HAZARD DETECTED,HAZARD DETECTED (E-STOP ACTIVATED),0.5544,0.59 ms,1,E-STOP TRIGGERED (COIL 40001 = 1)
IMG-1816,94.jpg,photos/train/unsafe/94.jpg,HAZARD DETECTED,HAZARD DETECTED (E-STOP ACTIVATED),0.6951,0.73 ms,1,E-STOP TRIGGERED (COIL 40001 = 1)
IMG-1817,95.jpg,photos/train/unsafe/95.jpg,HAZARD DETECTED,HAZARD DETECTED (E-STOP ACTIVATED),0.0498,0.80 ms,1,E-STOP TRIGGERED (COIL 40001 = 1)
IMG-1818,96.jpg,photos/train/unsafe/96.jpg,HAZARD DETECTED,HAZARD DETECTED (E-STOP ACTIVATED),0.4646,0.85 ms,1,E-STOP TRIGGERED (COIL 40001 = 1)
IMG-1819,97.jpg,photos/train/unsafe/97.jpg,HAZARD DETECTED,HAZARD DETECTED (E-STOP ACTIVATED),0.9980,0.76 ms,1,E-STOP TRIGGERED (COIL 40001 = 1)
IMG-1820,98.jpg,photos/train/unsafe/98.jpg,HAZARD DETECTED,HAZARD DETECTED (E-STOP ACTIVATED),0.4602,0.81 ms,1,E-STOP TRIGGERED (COIL 40001 = 1)
IMG-1821,99.jpg,photos/train/unsafe/99.jpg,HAZARD DETECTED,HAZARD DETECTED (E-STOP ACTIVATED),0.3499,0.63 ms,1,E-STOP TRIGGERED (COIL 40001 = 1)
IMG-1822,1.jpg,photos/valid/safe/1.jpg,HAZARD DETECTED,HAZARD DETECTED (E-STOP ACTIVATED),0.6445,0.78 ms,1,E-STOP TRIGGERED (COIL 40001 = 1)
IMG-1823,10.jpg,photos/valid/safe/10.jpg,HAZARD DETECTED,HAZARD DETECTED (E-STOP ACTIVATED),0.8323,0.76 ms,1,E-STOP TRIGGERED (COIL 40001 = 1)
IMG-1824,100.jpg,photos/valid/safe/100.jpg,HAZARD DETECTED,HAZARD DETECTED (E-STOP ACTIVATED),0.1482,0.74 ms,1,E-STOP TRIGGERED (COIL 40001 = 1)
IMG-1825,11.jpg,photos/valid/safe/11.jpg,HAZARD DETECTED,HAZARD DETECTED (E-STOP ACTIVATED),0.1812,0.58 ms,1,E-STOP TRIGGERED (COIL 40001 = 1)
IMG-1826,12.jpg,photos/valid/safe/12.jpg,HAZARD DETECTED,HAZARD DETECTED (E-STOP ACTIVATED),0.1716,1.53 ms,1,E-STOP TRIGGERED (COIL 40001 = 1)
IMG-1827,13.jpg,photos/valid/safe/13.jpg,HAZARD DETECTED,HAZARD DETECTED (E-STOP ACTIVATED),0.5308,0.52 ms,1,E-STOP TRIGGERED (COIL 40001 = 1)
IMG-1828,14.jpg,photos/valid/safe/14.jpg,HAZARD DETECTED,HAZARD DETECTED (E-STOP ACTIVATED),0.8206,1.18 ms,1,E-STOP TRIGGERED (COIL 40001 = 1)
IMG-1829,15.jpg,photos/valid/safe/15.jpg,HAZARD DETECTED,HAZARD DETECTED (E-STOP ACTIVATED),0.6406,0.86 ms,1,E-STOP TRIGGERED (COIL 40001 = 1)
IMG-1830,16.jpg,photos/valid/safe/16.jpg,HAZARD DETECTED,HAZARD DETECTED (E-STOP ACTIVATED),0.2297,0.47 ms,1,E-STOP TRIGGERED (COIL 40001 = 1)
IMG-1831,17.jpg,photos/valid/safe/17.jpg,HAZARD DETECTED,HAZARD DETECTED (E-STOP ACTIVATED),0.1240,0.65 ms,1,E-STOP TRIGGERED (COIL 40001 = 1)
IMG-1832,18.jpg,photos/valid/safe/18.jpg,HAZARD DETECTED,HAZARD DETECTED (E-STOP ACTIVATED),0.6047,1.19 ms,1,E-STOP TRIGGERED (COIL 40001 = 1)
IMG-1833,19.jpg,photos/valid/safe/19.jpg,HAZARD DETECTED,HAZARD DETECTED (E-STOP ACTIVATED),0.4519,0.77 ms,1,E-STOP TRIGGERED (COIL 40001 = 1)
IMG-1834,2.jpg,photos/valid/safe/2.jpg,HAZARD DETECTED,HAZARD DETECTED (E-STOP ACTIVATED),0.9724,0.64 ms,1,E-STOP TRIGGERED (COIL 40001 = 1)
IMG-1835,20.jpg,photos/valid/safe/20.jpg,HAZARD DETECTED,HAZARD DETECTED (E-STOP ACTIVATED),0.4753,1.04 ms,1,E-STOP TRIGGERED (COIL 40001 = 1)
IMG-1836,21.jpg,photos/valid/safe/21.jpg,HAZARD DETECTED,HAZARD DETECTED (E-STOP ACTIVATED),0.1223,0.72 ms,1,E-STOP TRIGGERED (COIL 40001 = 1)
IMG-1837,22.jpg,photos/valid/safe/22.jpg,HAZARD DETECTED,HAZARD DETECTED (E-STOP ACTIVATED),0.3225,0.59 ms,1,E-STOP TRIGGERED (COIL 40001 = 1)
IMG-1838,23.jpg,photos/valid/safe/23.jpg,HAZARD DETECTED,HAZARD DETECTED (E-STOP ACTIVATED),0.2068,0.58 ms,1,E-STOP TRIGGERED (COIL 40001 = 1)
IMG-1839,24.jpg,photos/valid/safe/24.jpg,HAZARD DETECTED,HAZARD DETECTED (E-STOP ACTIVATED),0.3335,0.73 ms,1,E-STOP TRIGGERED (COIL 40001 = 1)
IMG-1840,25.jpg,photos/valid/safe/25.jpg,HAZARD DETECTED,HAZARD DETECTED (E-STOP ACTIVATED),0.3521,0.53 ms,1,E-STOP TRIGGERED (COIL 40001 = 1)
IMG-1841,26.jpg,photos/valid/safe/26.jpg,HAZARD DETECTED,HAZARD DETECTED (E-STOP ACTIVATED),0.4597,0.60 ms,1,E-STOP TRIGGERED (COIL 40001 = 1)
IMG-1842,27.jpg,photos/valid/safe/27.jpg,HAZARD DETECTED,HAZARD DETECTED (E-STOP ACTIVATED),0.5671,0.48 ms,1,E-STOP TRIGGERED (COIL 40001 = 1)
IMG-1843,28.jpg,photos/valid/safe/28.jpg,HAZARD DETECTED,HAZARD DETECTED (E-STOP ACTIVATED),0.1226,0.56 ms,1,E-STOP TRIGGERED (COIL 40001 = 1)
IMG-1844,29.jpg,photos/valid/safe/29.jpg,HAZARD DETECTED,HAZARD DETECTED (E-STOP ACTIVATED),0.2764,0.55 ms,1,E-STOP TRIGGERED (COIL 40001 = 1)
IMG-1845,3.jpg,photos/valid/safe/3.jpg,HAZARD DETECTED,HAZARD DETECTED (E-STOP ACTIVATED),0.3325,0.48 ms,1,E-STOP TRIGGERED (COIL 40001 = 1)
IMG-1846,30.jpg,photos/valid/safe/30.jpg,HAZARD DETECTED,HAZARD DETECTED (E-STOP ACTIVATED),0.0425,0.70 ms,1,E-STOP TRIGGERED (COIL 40001 = 1)
IMG-1847,31.jpg,photos/valid/safe/31.jpg,HAZARD DETECTED,HAZARD DETECTED (E-STOP ACTIVATED),0.2903,0.47 ms,1,E-STOP TRIGGERED (COIL 40001 = 1)
IMG-1848,32.jpg,photos/valid/safe/32.jpg,HAZARD DETECTED,HAZARD DETECTED (E-STOP ACTIVATED),0.6064,0.48 ms,1,E-STOP TRIGGERED (COIL 40001 = 1)
IMG-1849,33.jpg,photos/valid/safe/33.jpg,HAZARD DETECTED,HAZARD DETECTED (E-STOP ACTIVATED),0.0693,0.46 ms,1,E-STOP TRIGGERED (COIL 40001 = 1)
IMG-1850,34.jpg,photos/valid/safe/34.jpg,HAZARD DETECTED,HAZARD DETECTED (E-STOP ACTIVATED),0.2205,1.30 ms,1,E-STOP TRIGGERED (COIL 40001 = 1)
IMG-1851,35.jpg,photos/valid/safe/35.jpg,HAZARD DETECTED,HAZARD DETECTED (E-STOP ACTIVATED),0.8225,0.83 ms,1,E-STOP TRIGGERED (COIL 40001 = 1)
IMG-1852,36.jpg,photos/valid/safe/36.jpg,HAZARD DETECTED,HAZARD DETECTED (E-STOP ACTIVATED),0.0173,0.49 ms,1,E-STOP TRIGGERED (COIL 40001 = 1)
IMG-1853,37.jpg,photos/valid/safe/37.jpg,HAZARD DETECTED,HAZARD DETECTED (E-STOP ACTIVATED),0.6135,0.48 ms,1,E-STOP TRIGGERED (COIL 40001 = 1)
IMG-1854,38.jpg,photos/valid/safe/38.jpg,HAZARD DETECTED,HAZARD DETECTED (E-STOP ACTIVATED),0.7336,0.56 ms,1,E-STOP TRIGGERED (COIL 40001 = 1)
IMG-1855,39.jpg,photos/valid/safe/39.jpg,HAZARD DETECTED,HAZARD DETECTED (E-STOP ACTIVATED),0.2249,0.55 ms,1,E-STOP TRIGGERED (COIL 40001 = 1)
IMG-1856,4.jpg,photos/valid/safe/4.jpg,HAZARD DETECTED,HAZARD DETECTED (E-STOP ACTIVATED),0.2048,0.54 ms,1,E-STOP TRIGGERED (COIL 40001 = 1)
IMG-1857,40.jpg,photos/valid/safe/40.jpg,HAZARD DETECTED,HAZARD DETECTED (E-STOP ACTIVATED),0.2104,0.96 ms,1,E-STOP TRIGGERED (COIL 40001 = 1)
IMG-1858,41.jpg,photos/valid/safe/41.jpg,HAZARD DETECTED,HAZARD DETECTED (E-STOP ACTIVATED),0.0459,1.06 ms,1,E-STOP TRIGGERED (COIL 40001 = 1)
IMG-1859,42.jpg,photos/valid/safe/42.jpg,HAZARD DETECTED,HAZARD DETECTED (E-STOP ACTIVATED),0.0073,0.90 ms,1,E-STOP TRIGGERED (COIL 40001 = 1)
IMG-1860,43.jpg,photos/valid/safe/43.jpg,HAZARD DETECTED,HAZARD DETECTED (E-STOP ACTIVATED),0.2561,0.53 ms,1,E-STOP TRIGGERED (COIL 40001 = 1)
IMG-1861,44.jpg,photos/valid/safe/44.jpg,HAZARD DETECTED,HAZARD DETECTED (E-STOP ACTIVATED),0.9905,0.87 ms,1,E-STOP TRIGGERED (COIL 40001 = 1)
IMG-1862,45.jpg,photos/valid/safe/45.jpg,HAZARD DETECTED,HAZARD DETECTED (E-STOP ACTIVATED),0.0020,0.92 ms,1,E-STOP TRIGGERED (COIL 40001 = 1)
IMG-1863,46.jpg,photos/valid/safe/46.jpg,HAZARD DETECTED,HAZARD DETECTED (E-STOP ACTIVATED),0.7395,0.73 ms,1,E-STOP TRIGGERED (COIL 40001 = 1)
IMG-1864,47.jpg,photos/valid/safe/47.jpg,HAZARD DETECTED,HAZARD DETECTED (E-STOP ACTIVATED),0.5542,0.50 ms,1,E-STOP TRIGGERED (COIL 40001 = 1)
IMG-1865,48.jpg,photos/valid/safe/48.jpg,HAZARD DETECTED,HAZARD DETECTED (E-STOP ACTIVATED),0.0901,0.46 ms,1,E-STOP TRIGGERED (COIL 40001 = 1)
IMG-1866,49.jpg,photos/valid/safe/49.jpg,HAZARD DETECTED,HAZARD DETECTED (E-STOP ACTIVATED),0.1968,0.76 ms,1,E-STOP TRIGGERED (COIL 40001 = 1)
IMG-1867,5.jpg,photos/valid/safe/5.jpg,HAZARD DETECTED,HAZARD DETECTED (E-STOP ACTIVATED),0.4822,0.74 ms,1,E-STOP TRIGGERED (COIL 40001 = 1)
IMG-1868,50.jpg,photos/valid/safe/50.jpg,HAZARD DETECTED,HAZARD DETECTED (E-STOP ACTIVATED),0.0234,0.49 ms,1,E-STOP TRIGGERED (COIL 40001 = 1)
IMG-1869,51.jpg,photos/valid/safe/51.jpg,HAZARD DETECTED,HAZARD DETECTED (E-STOP ACTIVATED),0.3557,0.51 ms,1,E-STOP TRIGGERED (COIL 40001 = 1)
IMG-1870,52.jpg,photos/valid/safe/52.jpg,HAZARD DETECTED,HAZARD DETECTED (E-STOP ACTIVATED),0.0859,0.57 ms,1,E-STOP TRIGGERED (COIL 40001 = 1)
IMG-1871,53.jpg,photos/valid/safe/53.jpg,HAZARD DETECTED,HAZARD DETECTED (E-STOP ACTIVATED),0.4167,0.65 ms,1,E-STOP TRIGGERED (COIL 40001 = 1)
IMG-1872,54.jpg,photos/valid/safe/54.jpg,HAZARD DETECTED,HAZARD DETECTED (E-STOP ACTIVATED),0.8635,0.47 ms,1,E-STOP TRIGGERED (COIL 40001 = 1)
IMG-1873,55.jpg,photos/valid/safe/55.jpg,HAZARD DETECTED,HAZARD DETECTED (E-STOP ACTIVATED),0.6025,1.25 ms,1,E-STOP TRIGGERED (COIL 40001 = 1)
IMG-1874,56.jpg,photos/valid/safe/56.jpg,HAZARD DETECTED,HAZARD DETECTED (E-STOP ACTIVATED),0.2688,0.86 ms,1,E-STOP TRIGGERED (COIL 40001 = 1)
IMG-1875,57.jpg,photos/valid/safe/57.jpg,HAZARD DETECTED,HAZARD DETECTED (E-STOP ACTIVATED),0.8191,0.86 ms,1,E-STOP TRIGGERED (COIL 40001 = 1)
IMG-1876,58.jpg,photos/valid/safe/58.jpg,HAZARD DETECTED,HAZARD DETECTED (E-STOP ACTIVATED),0.4131,0.66 ms,1,E-STOP TRIGGERED (COIL 40001 = 1)
IMG-1877,59.jpg,photos/valid/safe/59.jpg,HAZARD DETECTED,HAZARD DETECTED (E-STOP ACTIVATED),0.5081,0.87 ms,1,E-STOP TRIGGERED (COIL 40001 = 1)
IMG-1878,6.jpg,photos/valid/safe/6.jpg,HAZARD DETECTED,HAZARD DETECTED (E-STOP ACTIVATED),0.1826,0.61 ms,1,E-STOP TRIGGERED (COIL 40001 = 1)
IMG-1879,60.jpg,photos/valid/safe/60.jpg,HAZARD DETECTED,HAZARD DETECTED (E-STOP ACTIVATED),0.4290,0.50 ms,1,E-STOP TRIGGERED (COIL 40001 = 1)
IMG-1880,61.jpg,photos/valid/safe/61.jpg,HAZARD DETECTED,HAZARD DETECTED (E-STOP ACTIVATED),0.1907,0.48 ms,1,E-STOP TRIGGERED (COIL 40001 = 1)
IMG-1881,62.jpg,photos/valid/safe/62.jpg,HAZARD DETECTED,HAZARD DETECTED (E-STOP ACTIVATED),0.2415,0.60 ms,1,E-STOP TRIGGERED (COIL 40001 = 1)
IMG-1882,63.jpg,photos/valid/safe/63.jpg,HAZARD DETECTED,HAZARD DETECTED (E-STOP ACTIVATED),0.0725,1.23 ms,1,E-STOP TRIGGERED (COIL 40001 = 1)
IMG-1883,64.jpg,photos/valid/safe/64.jpg,HAZARD DETECTED,HAZARD DETECTED (E-STOP ACTIVATED),0.9890,0.71 ms,1,E-STOP TRIGGERED (COIL 40001 = 1)
IMG-1884,65.jpg,photos/valid/safe/65.jpg,HAZARD DETECTED,HAZARD DETECTED (E-STOP ACTIVATED),0.9592,0.70 ms,1,E-STOP TRIGGERED (COIL 40001 = 1)
IMG-1885,66.jpg,photos/valid/safe/66.jpg,HAZARD DETECTED,HAZARD DETECTED (E-STOP ACTIVATED),0.0874,0.68 ms,1,E-STOP TRIGGERED (COIL 40001 = 1)
IMG-1886,67.jpg,photos/valid/safe/67.jpg,HAZARD DETECTED,HAZARD DETECTED (E-STOP ACTIVATED),0.7107,0.88 ms,1,E-STOP TRIGGERED (COIL 40001 = 1)
IMG-1887,68.jpg,photos/valid/safe/68.jpg,HAZARD DETECTED,HAZARD DETECTED (E-STOP ACTIVATED),0.0020,1.26 ms,1,E-STOP TRIGGERED (COIL 40001 = 1)
IMG-1888,69.jpg,photos/valid/safe/69.jpg,HAZARD DETECTED,HAZARD DETECTED (E-STOP ACTIVATED),0.1421,0.51 ms,1,E-STOP TRIGGERED (COIL 40001 = 1)
IMG-1889,7.jpg,photos/valid/safe/7.jpg,HAZARD DETECTED,HAZARD DETECTED (E-STOP ACTIVATED),0.2209,0.50 ms,1,E-STOP TRIGGERED (COIL 40001 = 1)
IMG-1890,70.jpg,photos/valid/safe/70.jpg,HAZARD DETECTED,HAZARD DETECTED (E-STOP ACTIVATED),0.8157,0.60 ms,1,E-STOP TRIGGERED (COIL 40001 = 1)
IMG-1891,71.jpg,photos/valid/safe/71.jpg,HAZARD DETECTED,HAZARD DETECTED (E-STOP ACTIVATED),0.0830,0.57 ms,1,E-STOP TRIGGERED (COIL 40001 = 1)
IMG-1892,72.jpg,photos/valid/safe/72.jpg,HAZARD DETECTED,HAZARD DETECTED (E-STOP ACTIVATED),0.1873,0.51 ms,1,E-STOP TRIGGERED (COIL 40001 = 1)
IMG-1893,73.jpg,photos/valid/safe/73.jpg,HAZARD DETECTED,HAZARD DETECTED (E-STOP ACTIVATED),0.3430,0.51 ms,1,E-STOP TRIGGERED (COIL 40001 = 1)
IMG-1894,74.jpg,photos/valid/safe/74.jpg,HAZARD DETECTED,HAZARD DETECTED (E-STOP ACTIVATED),0.3376,0.50 ms,1,E-STOP TRIGGERED (COIL 40001 = 1)
IMG-1895,75.jpg,photos/valid/safe/75.jpg,HAZARD DETECTED,HAZARD DETECTED (E-STOP ACTIVATED),0.0161,1.32 ms,1,E-STOP TRIGGERED (COIL 40001 = 1)
IMG-1896,76.jpg,photos/valid/safe/76.jpg,HAZARD DETECTED,HAZARD DETECTED (E-STOP ACTIVATED),0.5288,0.83 ms,1,E-STOP TRIGGERED (COIL 40001 = 1)
IMG-1897,77.jpg,photos/valid/safe/77.jpg,HAZARD DETECTED,HAZARD DETECTED (E-STOP ACTIVATED),0.2400,0.82 ms,1,E-STOP TRIGGERED (COIL 40001 = 1)
IMG-1898,78.jpg,photos/valid/safe/78.jpg,HAZARD DETECTED,HAZARD DETECTED (E-STOP ACTIVATED),0.2258,0.70 ms,1,E-STOP TRIGGERED (COIL 40001 = 1)
IMG-1899,79.jpg,photos/valid/safe/79.jpg,HAZARD DETECTED,HAZARD DETECTED (E-STOP ACTIVATED),0.2036,0.52 ms,1,E-STOP TRIGGERED (COIL 40001 = 1)
IMG-1900,8.jpg,photos/valid/safe/8.jpg,HAZARD DETECTED,HAZARD DETECTED (E-STOP ACTIVATED),0.8167,0.59 ms,1,E-STOP TRIGGERED (COIL 40001 = 1)
IMG-1901,80.jpg,photos/valid/safe/80.jpg,HAZARD DETECTED,HAZARD DETECTED (E-STOP ACTIVATED),0.3484,0.58 ms,1,E-STOP TRIGGERED (COIL 40001 = 1)
IMG-1902,81.jpg,photos/valid/safe/81.jpg,HAZARD DETECTED,HAZARD DETECTED (E-STOP ACTIVATED),0.3198,0.59 ms,1,E-STOP TRIGGERED (COIL 40001 = 1)
IMG-1903,82.jpg,photos/valid/safe/82.jpg,HAZARD DETECTED,HAZARD DETECTED (E-STOP ACTIVATED),0.7996,2.25 ms,1,E-STOP TRIGGERED (COIL 40001 = 1)
IMG-1904,83.jpg,photos/valid/safe/83.jpg,HAZARD DETECTED,HAZARD DETECTED (E-STOP ACTIVATED),0.6887,0.60 ms,1,E-STOP TRIGGERED (COIL 40001 = 1)
IMG-1905,84.jpg,photos/valid/safe/84.jpg,HAZARD DETECTED,HAZARD DETECTED (E-STOP ACTIVATED),0.4495,0.64 ms,1,E-STOP TRIGGERED (COIL 40001 = 1)
IMG-1906,85.jpg,photos/valid/safe/85.jpg,HAZARD DETECTED,HAZARD DETECTED (E-STOP ACTIVATED),0.0447,0.58 ms,1,E-STOP TRIGGERED (COIL 40001 = 1)
IMG-1907,86.jpg,photos/valid/safe/86.jpg,HAZARD DETECTED,HAZARD DETECTED (E-STOP ACTIVATED),0.2454,0.58 ms,1,E-STOP TRIGGERED (COIL 40001 = 1)
IMG-1908,87.jpg,photos/valid/safe/87.jpg,HAZARD DETECTED,HAZARD DETECTED (E-STOP ACTIVATED),0.6223,0.82 ms,1,E-STOP TRIGGERED (COIL 40001 = 1)
IMG-1909,88.jpg,photos/valid/safe/88.jpg,HAZARD DETECTED,HAZARD DETECTED (E-STOP ACTIVATED),0.1448,0.71 ms,1,E-STOP TRIGGERED (COIL 40001 = 1)
IMG-1910,89.jpg,photos/valid/safe/89.jpg,HAZARD DETECTED,HAZARD DETECTED (E-STOP ACTIVATED),0.1262,0.99 ms,1,E-STOP TRIGGERED (COIL 40001 = 1)
IMG-1911,9.jpg,photos/valid/safe/9.jpg,HAZARD DETECTED,HAZARD DETECTED (E-STOP ACTIVATED),0.3896,0.59 ms,1,E-STOP TRIGGERED (COIL 40001 = 1)
IMG-1912,90.jpg,photos/valid/safe/90.jpg,HAZARD DETECTED,HAZARD DETECTED (E-STOP ACTIVATED),0.3574,1.07 ms,1,E-STOP TRIGGERED (COIL 40001 = 1)
IMG-1913,91.jpg,photos/valid/safe/91.jpg,HAZARD DETECTED,HAZARD DETECTED (E-STOP ACTIVATED),0.7532,0.79 ms,1,E-STOP TRIGGERED (COIL 40001 = 1)
IMG-1914,92.jpg,photos/valid/safe/92.jpg,HAZARD DETECTED,HAZARD DETECTED (E-STOP ACTIVATED),0.2957,1.01 ms,1,E-STOP TRIGGERED (COIL 40001 = 1)
IMG-1915,93.jpg,photos/valid/safe/93.jpg,HAZARD DETECTED,HAZARD DETECTED (E-STOP ACTIVATED),0.3345,0.56 ms,1,E-STOP TRIGGERED (COIL 40001 = 1)
IMG-1916,94.jpg,photos/valid/safe/94.jpg,HAZARD DETECTED,HAZARD DETECTED (E-STOP ACTIVATED),0.7778,0.58 ms,1,E-STOP TRIGGERED (COIL 40001 = 1)
IMG-1917,95.jpg,photos/valid/safe/95.jpg,HAZARD DETECTED,HAZARD DETECTED (E-STOP ACTIVATED),0.1013,0.62 ms,1,E-STOP TRIGGERED (COIL 40001 = 1)
IMG-1918,96.jpg,photos/valid/safe/96.jpg,HAZARD DETECTED,HAZARD DETECTED (E-STOP ACTIVATED),0.6592,0.55 ms,1,E-STOP TRIGGERED (COIL 40001 = 1)
IMG-1919,97.jpg,photos/valid/safe/97.jpg,HAZARD DETECTED,HAZARD DETECTED (E-STOP ACTIVATED),0.1902,0.46 ms,1,E-STOP TRIGGERED (COIL 40001 = 1)
IMG-1920,98.jpg,photos/valid/safe/98.jpg,HAZARD DETECTED,HAZARD DETECTED (E-STOP ACTIVATED),0.8064,1.03 ms,1,E-STOP TRIGGERED (COIL 40001 = 1)
IMG-1921,99.jpg,photos/valid/safe/99.jpg,HAZARD DETECTED,HAZARD DETECTED (E-STOP ACTIVATED),0.1355,0.67 ms,1,E-STOP TRIGGERED (COIL 40001 = 1)
IMG-1922,1.jpg,photos/valid/unsafe/1.jpg,HAZARD DETECTED,HAZARD DETECTED (E-STOP ACTIVATED),0.0889,0.60 ms,1,E-STOP TRIGGERED (COIL 40001 = 1)
IMG-1923,10.jpg,photos/valid/unsafe/10.jpg,HAZARD DETECTED,HAZARD DETECTED (E-STOP ACTIVATED),0.9949,0.47 ms,1,E-STOP TRIGGERED (COIL 40001 = 1)
IMG-1924,100.jpg,photos/valid/unsafe/100.jpg,HAZARD DETECTED,HAZARD DETECTED (E-STOP ACTIVATED),0.2290,0.54 ms,1,E-STOP TRIGGERED (COIL 40001 = 1)
IMG-1925,11.jpg,photos/valid/unsafe/11.jpg,HAZARD DETECTED,HAZARD DETECTED (E-STOP ACTIVATED),0.0305,0.54 ms,1,E-STOP TRIGGERED (COIL 40001 = 1)
IMG-1926,12.jpg,photos/valid/unsafe/12.jpg,HAZARD DETECTED,HAZARD DETECTED (E-STOP ACTIVATED),0.1929,0.53 ms,1,E-STOP TRIGGERED (COIL 40001 = 1)
IMG-1927,13.jpg,photos/valid/unsafe/13.jpg,HAZARD DETECTED,HAZARD DETECTED (E-STOP ACTIVATED),0.0417,0.58 ms,1,E-STOP TRIGGERED (COIL 40001 = 1)
IMG-1928,14.jpg,photos/valid/unsafe/14.jpg,HAZARD DETECTED,HAZARD DETECTED (E-STOP ACTIVATED),0.0793,0.53 ms,1,E-STOP TRIGGERED (COIL 40001 = 1)
IMG-1929,15.jpg,photos/valid/unsafe/15.jpg,HAZARD DETECTED,HAZARD DETECTED (E-STOP ACTIVATED),0.3630,0.46 ms,1,E-STOP TRIGGERED (COIL 40001 = 1)
IMG-1930,16.jpg,photos/valid/unsafe/16.jpg,HAZARD DETECTED,HAZARD DETECTED (E-STOP ACTIVATED),0.2922,0.55 ms,1,E-STOP TRIGGERED (COIL 40001 = 1)
IMG-1931,17.jpg,photos/valid/unsafe/17.jpg,HAZARD DETECTED,HAZARD DETECTED (E-STOP ACTIVATED),0.7183,0.55 ms,1,E-STOP TRIGGERED (COIL 40001 = 1)
IMG-1932,18.jpg,photos/valid/unsafe/18.jpg,HAZARD DETECTED,HAZARD DETECTED (E-STOP ACTIVATED),0.0872,0.53 ms,1,E-STOP TRIGGERED (COIL 40001 = 1)
IMG-1933,19.jpg,photos/valid/unsafe/19.jpg,HAZARD DETECTED,HAZARD DETECTED (E-STOP ACTIVATED),0.0850,0.54 ms,1,E-STOP TRIGGERED (COIL 40001 = 1)
IMG-1934,2.jpg,photos/valid/unsafe/2.jpg,HAZARD DETECTED,HAZARD DETECTED (E-STOP ACTIVATED),0.0000,0.53 ms,1,E-STOP TRIGGERED (COIL 40001 = 1)
IMG-1935,20.jpg,photos/valid/unsafe/20.jpg,HAZARD DETECTED,HAZARD DETECTED (E-STOP ACTIVATED),0.0078,0.48 ms,1,E-STOP TRIGGERED (COIL 40001 = 1)
IMG-1936,21.jpg,photos/valid/unsafe/21.jpg,HAZARD DETECTED,HAZARD DETECTED (E-STOP ACTIVATED),0.3240,0.84 ms,1,E-STOP TRIGGERED (COIL 40001 = 1)
IMG-1937,22.jpg,photos/valid/unsafe/22.jpg,HAZARD DETECTED,HAZARD DETECTED (E-STOP ACTIVATED),0.7410,1.07 ms,1,E-STOP TRIGGERED (COIL 40001 = 1)
IMG-1938,23.jpg,photos/valid/unsafe/23.jpg,HAZARD DETECTED,HAZARD DETECTED (E-STOP ACTIVATED),0.1768,0.60 ms,1,E-STOP TRIGGERED (COIL 40001 = 1)
IMG-1939,24.jpg,photos/valid/unsafe/24.jpg,HAZARD DETECTED,HAZARD DETECTED (E-STOP ACTIVATED),0.4497,0.57 ms,1,E-STOP TRIGGERED (COIL 40001 = 1)
IMG-1940,25.jpg,photos/valid/unsafe/25.jpg,HAZARD DETECTED,HAZARD DETECTED (E-STOP ACTIVATED),0.1599,0.55 ms,1,E-STOP TRIGGERED (COIL 40001 = 1)
IMG-1941,26.jpg,photos/valid/unsafe/26.jpg,HAZARD DETECTED,HAZARD DETECTED (E-STOP ACTIVATED),1.0000,0.56 ms,1,E-STOP TRIGGERED (COIL 40001 = 1)
IMG-1942,27.jpg,photos/valid/unsafe/27.jpg,HAZARD DETECTED,HAZARD DETECTED (E-STOP ACTIVATED),0.6372,0.55 ms,1,E-STOP TRIGGERED (COIL 40001 = 1)
IMG-1943,28.jpg,photos/valid/unsafe/28.jpg,HAZARD DETECTED,HAZARD DETECTED (E-STOP ACTIVATED),0.3635,0.75 ms,1,E-STOP TRIGGERED (COIL 40001 = 1)
IMG-1944,29.jpg,photos/valid/unsafe/29.jpg,HAZARD DETECTED,HAZARD DETECTED (E-STOP ACTIVATED),0.1917,0.65 ms,1,E-STOP TRIGGERED (COIL 40001 = 1)
IMG-1945,3.jpg,photos/valid/unsafe/3.jpg,HAZARD DETECTED,HAZARD DETECTED (E-STOP ACTIVATED),0.6392,0.55 ms,1,E-STOP TRIGGERED (COIL 40001 = 1)
IMG-1946,30.jpg,photos/valid/unsafe/30.jpg,HAZARD DETECTED,HAZARD DETECTED (E-STOP ACTIVATED),0.4958,0.54 ms,1,E-STOP TRIGGERED (COIL 40001 = 1)
IMG-1947,31.jpg,photos/valid/unsafe/31.jpg,HAZARD DETECTED,HAZARD DETECTED (E-STOP ACTIVATED),0.1482,0.53 ms,1,E-STOP TRIGGERED (COIL 40001 = 1)
IMG-1948,32.jpg,photos/valid/unsafe/32.jpg,HAZARD DETECTED,HAZARD DETECTED (E-STOP ACTIVATED),0.3894,0.55 ms,1,E-STOP TRIGGERED (COIL 40001 = 1)
IMG-1949,33.jpg,photos/valid/unsafe/33.jpg,HAZARD DETECTED,HAZARD DETECTED (E-STOP ACTIVATED),0.7556,1.71 ms,1,E-STOP TRIGGERED (COIL 40001 = 1)
IMG-1950,34.jpg,photos/valid/unsafe/34.jpg,HAZARD DETECTED,HAZARD DETECTED (E-STOP ACTIVATED),0.6729,0.57 ms,1,E-STOP TRIGGERED (COIL 40001 = 1)
IMG-1951,35.jpg,photos/valid/unsafe/35.jpg,HAZARD DETECTED,HAZARD DETECTED (E-STOP ACTIVATED),0.1345,0.55 ms,1,E-STOP TRIGGERED (COIL 40001 = 1)
IMG-1952,36.jpg,photos/valid/unsafe/36.jpg,HAZARD DETECTED,HAZARD DETECTED (E-STOP ACTIVATED),0.1409,0.54 ms,1,E-STOP TRIGGERED (COIL 40001 = 1)
IMG-1953,37.jpg,photos/valid/unsafe/37.jpg,HAZARD DETECTED,HAZARD DETECTED (E-STOP ACTIVATED),0.0857,0.54 ms,1,E-STOP TRIGGERED (COIL 40001 = 1)
IMG-1954,38.jpg,photos/valid/unsafe/38.jpg,HAZARD DETECTED,HAZARD DETECTED (E-STOP ACTIVATED),0.8245,1.14 ms,1,E-STOP TRIGGERED (COIL 40001 = 1)
IMG-1955,39.jpg,photos/valid/unsafe/39.jpg,HAZARD DETECTED,HAZARD DETECTED (E-STOP ACTIVATED),0.0137,0.80 ms,1,E-STOP TRIGGERED (COIL 40001 = 1)
IMG-1956,4.jpg,photos/valid/unsafe/4.jpg,HAZARD DETECTED,HAZARD DETECTED (E-STOP ACTIVATED),0.5828,0.55 ms,1,E-STOP TRIGGERED (COIL 40001 = 1)
IMG-1957,40.jpg,photos/valid/unsafe/40.jpg,HAZARD DETECTED,HAZARD DETECTED (E-STOP ACTIVATED),0.8123,0.54 ms,1,E-STOP TRIGGERED (COIL 40001 = 1)
IMG-1958,41.jpg,photos/valid/unsafe/41.jpg,HAZARD DETECTED,HAZARD DETECTED (E-STOP ACTIVATED),0.4849,0.54 ms,1,E-STOP TRIGGERED (COIL 40001 = 1)
IMG-1959,42.jpg,photos/valid/unsafe/42.jpg,HAZARD DETECTED,HAZARD DETECTED (E-STOP ACTIVATED),0.0110,0.53 ms,1,E-STOP TRIGGERED (COIL 40001 = 1)
IMG-1960,43.jpg,photos/valid/unsafe/43.jpg,HAZARD DETECTED,HAZARD DETECTED (E-STOP ACTIVATED),0.9832,0.67 ms,1,E-STOP TRIGGERED (COIL 40001 = 1)
IMG-1961,44.jpg,photos/valid/unsafe/44.jpg,HAZARD DETECTED,HAZARD DETECTED (E-STOP ACTIVATED),0.2090,0.69 ms,1,E-STOP TRIGGERED (COIL 40001 = 1)
IMG-1962,45.jpg,photos/valid/unsafe/45.jpg,HAZARD DETECTED,HAZARD DETECTED (E-STOP ACTIVATED),0.3799,0.61 ms,1,E-STOP TRIGGERED (COIL 40001 = 1)
IMG-1963,46.jpg,photos/valid/unsafe/46.jpg,HAZARD DETECTED,HAZARD DETECTED (E-STOP ACTIVATED),0.1921,0.55 ms,1,E-STOP TRIGGERED (COIL 40001 = 1)
IMG-1964,47.jpg,photos/valid/unsafe/47.jpg,HAZARD DETECTED,HAZARD DETECTED (E-STOP ACTIVATED),0.1047,0.57 ms,1,E-STOP TRIGGERED (COIL 40001 = 1)
IMG-1965,48.jpg,photos/valid/unsafe/48.jpg,HAZARD DETECTED,HAZARD DETECTED (E-STOP ACTIVATED),0.0562,0.60 ms,1,E-STOP TRIGGERED (COIL 40001 = 1)
IMG-1966,49.jpg,photos/valid/unsafe/49.jpg,HAZARD DETECTED,HAZARD DETECTED (E-STOP ACTIVATED),0.8433,0.54 ms,1,E-STOP TRIGGERED (COIL 40001 = 1)
IMG-1967,5.jpg,photos/valid/unsafe/5.jpg,HAZARD DETECTED,HAZARD DETECTED (E-STOP ACTIVATED),0.6025,0.47 ms,1,E-STOP TRIGGERED (COIL 40001 = 1)
IMG-1968,50.jpg,photos/valid/unsafe/50.jpg,HAZARD DETECTED,HAZARD DETECTED (E-STOP ACTIVATED),0.4629,0.55 ms,1,E-STOP TRIGGERED (COIL 40001 = 1)
IMG-1969,51.jpg,photos/valid/unsafe/51.jpg,HAZARD DETECTED,HAZARD DETECTED (E-STOP ACTIVATED),0.3037,1.08 ms,1,E-STOP TRIGGERED (COIL 40001 = 1)
IMG-1970,52.jpg,photos/valid/unsafe/52.jpg,HAZARD DETECTED,HAZARD DETECTED (E-STOP ACTIVATED),0.8445,0.93 ms,1,E-STOP TRIGGERED (COIL 40001 = 1)
IMG-1971,53.jpg,photos/valid/unsafe/53.jpg,HAZARD DETECTED,HAZARD DETECTED (E-STOP ACTIVATED),0.0771,0.56 ms,1,E-STOP TRIGGERED (COIL 40001 = 1)
IMG-1972,54.jpg,photos/valid/unsafe/54.jpg,HAZARD DETECTED,HAZARD DETECTED (E-STOP ACTIVATED),0.5952,0.55 ms,1,E-STOP TRIGGERED (COIL 40001 = 1)
IMG-1973,55.jpg,photos/valid/unsafe/55.jpg,HAZARD DETECTED,HAZARD DETECTED (E-STOP ACTIVATED),0.6382,0.55 ms,1,E-STOP TRIGGERED (COIL 40001 = 1)
IMG-1974,56.jpg,photos/valid/unsafe/56.jpg,HAZARD DETECTED,HAZARD DETECTED (E-STOP ACTIVATED),0.4182,0.54 ms,1,E-STOP TRIGGERED (COIL 40001 = 1)
IMG-1975,57.jpg,photos/valid/unsafe/57.jpg,HAZARD DETECTED,HAZARD DETECTED (E-STOP ACTIVATED),0.1455,0.46 ms,1,E-STOP TRIGGERED (COIL 40001 = 1)
IMG-1976,58.jpg,photos/valid/unsafe/58.jpg,HAZARD DETECTED,HAZARD DETECTED (E-STOP ACTIVATED),0.0781,0.69 ms,1,E-STOP TRIGGERED (COIL 40001 = 1)
IMG-1977,59.jpg,photos/valid/unsafe/59.jpg,HAZARD DETECTED,HAZARD DETECTED (E-STOP ACTIVATED),0.2947,0.99 ms,1,E-STOP TRIGGERED (COIL 40001 = 1)
IMG-1978,6.jpg,photos/valid/unsafe/6.jpg,HAZARD DETECTED,HAZARD DETECTED (E-STOP ACTIVATED),0.2771,0.59 ms,1,E-STOP TRIGGERED (COIL 40001 = 1)
IMG-1979,60.jpg,photos/valid/unsafe/60.jpg,HAZARD DETECTED,HAZARD DETECTED (E-STOP ACTIVATED),0.4419,0.60 ms,1,E-STOP TRIGGERED (COIL 40001 = 1)
IMG-1980,61.jpg,photos/valid/unsafe/61.jpg,HAZARD DETECTED,HAZARD DETECTED (E-STOP ACTIVATED),0.4885,0.47 ms,1,E-STOP TRIGGERED (COIL 40001 = 1)
IMG-1981,62.jpg,photos/valid/unsafe/62.jpg,HAZARD DETECTED,HAZARD DETECTED (E-STOP ACTIVATED),0.2400,0.55 ms,1,E-STOP TRIGGERED (COIL 40001 = 1)
IMG-1982,63.jpg,photos/valid/unsafe/63.jpg,HAZARD DETECTED,HAZARD DETECTED (E-STOP ACTIVATED),0.8103,0.50 ms,1,E-STOP TRIGGERED (COIL 40001 = 1)
IMG-1983,64.jpg,photos/valid/unsafe/64.jpg,HAZARD DETECTED,HAZARD DETECTED (E-STOP ACTIVATED),0.0042,0.45 ms,1,E-STOP TRIGGERED (COIL 40001 = 1)
IMG-1984,65.jpg,photos/valid/unsafe/65.jpg,HAZARD DETECTED,HAZARD DETECTED (E-STOP ACTIVATED),0.6357,0.92 ms,1,E-STOP TRIGGERED (COIL 40001 = 1)
IMG-1985,66.jpg,photos/valid/unsafe/66.jpg,HAZARD DETECTED,HAZARD DETECTED (E-STOP ACTIVATED),0.0000,0.75 ms,1,E-STOP TRIGGERED (COIL 40001 = 1)
IMG-1986,67.jpg,photos/valid/unsafe/67.jpg,HAZARD DETECTED,HAZARD DETECTED (E-STOP ACTIVATED),1.0000,0.57 ms,1,E-STOP TRIGGERED (COIL 40001 = 1)
IMG-1987,68.jpg,photos/valid/unsafe/68.jpg,HAZARD DETECTED,HAZARD DETECTED (E-STOP ACTIVATED),0.0110,0.46 ms,1,E-STOP TRIGGERED (COIL 40001 = 1)
IMG-1988,69.jpg,photos/valid/unsafe/69.jpg,HAZARD DETECTED,HAZARD DETECTED (E-STOP ACTIVATED),0.1958,0.55 ms,1,E-STOP TRIGGERED (COIL 40001 = 1)
IMG-1989,7.jpg,photos/valid/unsafe/7.jpg,HAZARD DETECTED,HAZARD DETECTED (E-STOP ACTIVATED),0.1738,0.46 ms,1,E-STOP TRIGGERED (COIL 40001 = 1)
IMG-1990,70.jpg,photos/valid/unsafe/70.jpg,HAZARD DETECTED,HAZARD DETECTED (E-STOP ACTIVATED),0.2842,0.78 ms,1,E-STOP TRIGGERED (COIL 40001 = 1)
IMG-1991,71.jpg,photos/valid/unsafe/71.jpg,HAZARD DETECTED,HAZARD DETECTED (E-STOP ACTIVATED),0.5562,0.60 ms,1,E-STOP TRIGGERED (COIL 40001 = 1)
IMG-1992,72.jpg,photos/valid/unsafe/72.jpg,HAZARD DETECTED,HAZARD DETECTED (E-STOP ACTIVATED),0.1719,0.47 ms,1,E-STOP TRIGGERED (COIL 40001 = 1)
IMG-1993,73.jpg,photos/valid/unsafe/73.jpg,HAZARD DETECTED,HAZARD DETECTED (E-STOP ACTIVATED),0.0718,0.46 ms,1,E-STOP TRIGGERED (COIL 40001 = 1)
IMG-1994,74.jpg,photos/valid/unsafe/74.jpg,HAZARD DETECTED,HAZARD DETECTED (E-STOP ACTIVATED),0.0796,0.46 ms,1,E-STOP TRIGGERED (COIL 40001 = 1)
IMG-1995,75.jpg,photos/valid/unsafe/75.jpg,HAZARD DETECTED,HAZARD DETECTED (E-STOP ACTIVATED),0.0720,0.62 ms,1,E-STOP TRIGGERED (COIL 40001 = 1)
IMG-1996,76.jpg,photos/valid/unsafe/76.jpg,HAZARD DETECTED,HAZARD DETECTED (E-STOP ACTIVATED),0.8696,0.53 ms,1,E-STOP TRIGGERED (COIL 40001 = 1)
IMG-1997,77.jpg,photos/valid/unsafe/77.jpg,HAZARD DETECTED,HAZARD DETECTED (E-STOP ACTIVATED),0.0811,0.82 ms,1,E-STOP TRIGGERED (COIL 40001 = 1)
IMG-1998,78.jpg,photos/valid/unsafe/78.jpg,HAZARD DETECTED,HAZARD DETECTED (E-STOP ACTIVATED),0.1880,0.60 ms,1,E-STOP TRIGGERED (COIL 40001 = 1)
IMG-1999,79.jpg,photos/valid/unsafe/79.jpg,HAZARD DETECTED,HAZARD DETECTED (E-STOP ACTIVATED),0.9146,0.85 ms,1,E-STOP TRIGGERED (COIL 40001 = 1)
IMG-2000,8.jpg,photos/valid/unsafe/8.jpg,HAZARD DETECTED,HAZARD DETECTED (E-STOP ACTIVATED),0.2869,1.16 ms,1,E-STOP TRIGGERED (COIL 40001 = 1)
IMG-2001,80.jpg,photos/valid/unsafe/80.jpg,HAZARD DETECTED,HAZARD DETECTED (E-STOP ACTIVATED),1.0000,0.51 ms,1,E-STOP TRIGGERED (COIL 40001 = 1)
IMG-2002,81.jpg,photos/valid/unsafe/81.jpg,HAZARD DETECTED,HAZARD DETECTED (E-STOP ACTIVATED),0.0989,1.14 ms,1,E-STOP TRIGGERED (COIL 40001 = 1)
IMG-2003,82.jpg,photos/valid/unsafe/82.jpg,HAZARD DETECTED,HAZARD DETECTED (E-STOP ACTIVATED),0.8870,0.90 ms,1,E-STOP TRIGGERED (COIL 40001 = 1)
IMG-2004,83.jpg,photos/valid/unsafe/83.jpg,HAZARD DETECTED,HAZARD DETECTED (E-STOP ACTIVATED),0.2900,0.46 ms,1,E-STOP TRIGGERED (COIL 40001 = 1)
IMG-2005,84.jpg,photos/valid/unsafe/84.jpg,HAZARD DETECTED,HAZARD DETECTED (E-STOP ACTIVATED),0.0571,1.10 ms,1,E-STOP TRIGGERED (COIL 40001 = 1)
IMG-2006,85.jpg,photos/valid/unsafe/85.jpg,HAZARD DETECTED,HAZARD DETECTED (E-STOP ACTIVATED),0.5200,1.43 ms,1,E-STOP TRIGGERED (COIL 40001 = 1)
IMG-2007,86.jpg,photos/valid/unsafe/86.jpg,HAZARD DETECTED,HAZARD DETECTED (E-STOP ACTIVATED),0.2744,0.51 ms,1,E-STOP TRIGGERED (COIL 40001 = 1)
IMG-2008,87.jpg,photos/valid/unsafe/87.jpg,HAZARD DETECTED,HAZARD DETECTED (E-STOP ACTIVATED),0.2498,0.54 ms,1,E-STOP TRIGGERED (COIL 40001 = 1)
IMG-2009,88.jpg,photos/valid/unsafe/88.jpg,HAZARD DETECTED,HAZARD DETECTED (E-STOP ACTIVATED),0.3665,0.61 ms,1,E-STOP TRIGGERED (COIL 40001 = 1)
IMG-2010,89.jpg,photos/valid/unsafe/89.jpg,HAZARD DETECTED,HAZARD DETECTED (E-STOP ACTIVATED),0.8196,0.68 ms,1,E-STOP TRIGGERED (COIL 40001 = 1)
IMG-2011,9.jpg,photos/valid/unsafe/9.jpg,HAZARD DETECTED,HAZARD DETECTED (E-STOP ACTIVATED),0.1267,0.84 ms,1,E-STOP TRIGGERED (COIL 40001 = 1)
IMG-2012,90.jpg,photos/valid/unsafe/90.jpg,HAZARD DETECTED,HAZARD DETECTED (E-STOP ACTIVATED),0.4570,0.55 ms,1,E-STOP TRIGGERED (COIL 40001 = 1)
IMG-2013,91.jpg,photos/valid/unsafe/91.jpg,HAZARD DETECTED,HAZARD DETECTED (E-STOP ACTIVATED),0.2849,0.55 ms,1,E-STOP TRIGGERED (COIL 40001 = 1)
IMG-2014,92.jpg,photos/valid/unsafe/92.jpg,HAZARD DETECTED,HAZARD DETECTED (E-STOP ACTIVATED),0.5557,0.64 ms,1,E-STOP TRIGGERED (COIL 40001 = 1)
IMG-2015,93.jpg,photos/valid/unsafe/93.jpg,HAZARD DETECTED,HAZARD DETECTED (E-STOP ACTIVATED),0.5393,0.51 ms,1,E-STOP TRIGGERED (COIL 40001 = 1)
IMG-2016,94.jpg,photos/valid/unsafe/94.jpg,HAZARD DETECTED,HAZARD DETECTED (E-STOP ACTIVATED),0.3701,0.60 ms,1,E-STOP TRIGGERED (COIL 40001 = 1)
IMG-2017,95.jpg,photos/valid/unsafe/95.jpg,HAZARD DETECTED,HAZARD DETECTED (E-STOP ACTIVATED),0.6575,0.94 ms,1,E-STOP TRIGGERED (COIL 40001 = 1)
IMG-2018,96.jpg,photos/valid/unsafe/96.jpg,HAZARD DETECTED,HAZARD DETECTED (E-STOP ACTIVATED),0.3220,0.96 ms,1,E-STOP TRIGGERED (COIL 40001 = 1)
IMG-2019,97.jpg,photos/valid/unsafe/97.jpg,HAZARD DETECTED,HAZARD DETECTED (E-STOP ACTIVATED),0.0457,0.46 ms,1,E-STOP TRIGGERED (COIL 40001 = 1)
IMG-2020,98.jpg,photos/valid/unsafe/98.jpg,HAZARD DETECTED,HAZARD DETECTED (E-STOP ACTIVATED),0.0000,0.52 ms,1,E-STOP TRIGGERED (COIL 40001 = 1)
IMG-2021,99.jpg,photos/valid/unsafe/99.jpg,HAZARD DETECTED,HAZARD DETECTED (E-STOP ACTIVATED),0.8618,0.54 ms,1,E-STOP TRIGGERED (COIL 40001 = 1)
IMG-2022,warehouse_test.jpeg,photos/warehouse_test.jpeg,HAZARD DETECTED,HAZARD DETECTED (E-STOP ACTIVATED),0.0220,0.99 ms,1,E-STOP TRIGGERED (COIL 40001 = 1)
